PCA1,PCA2,PCA3,PCA4,PCA5,PCA6,Cluster_2_PCs,Cluster_3_PCs,Cluster_4_PCs,Cluster_5_PCs,Cluster_6_PCs,file_name,date
-2.897945057740065,-0.5788669012967271,-1.533289630562583,0.7136320923442985,-0.3270819770500292,0.5215902167366882,0,0,1,1,0,"4-08 pm tue, jun 4, 2024 run4 .csv",2024-06-04
-2.6878074720609937,-0.20510479809283136,-0.5544447068320204,0.39971880511645874,-0.13464286320201624,0.8452589582664572,0,0,1,1,0,"2-00 pm tue, jun 4, 2024 run2 .csv",2024-06-04
-2.0048411652902813,-1.4819541957683724,-3.7196285499771538,2.1401842078765507,2.401781024457203,-0.1072439759601986,0,0,1,1,0,"10-49 am tue, jun 4, 2024 run0 .csv",2024-06-04
-0.0868703435378954,0.9516683057123051,-1.9721334016874552,0.41610665383133,1.7267651535113846,1.5366224502893127,0,1,0,0,1,"2-34 pm fri, jun 14, 2024 run13 .csv",2024-06-14
-1.6380204540388166,-0.5622750550142427,-0.8277436608933935,0.18164371968183163,1.8253331197881104,1.1464329858094104,0,0,1,1,0,"2-30 pm fri, jun 14, 2024 run11 .csv",2024-06-14
-3.616488250232032,-1.4399874341075423,-5.1941525412415706,3.017832331373126,-0.46864169275774403,1.0445530675083652,0,0,1,1,0,"2-26 pm fri, jun 14, 2024 run9 .csv",2024-06-14
-3.1785470729059604,0.10704376179141471,0.4719323515009373,0.32056485027767523,-0.6089581454189902,-0.6343874946740865,0,0,1,1,0,"2-27 pm fri, jun 14, 2024 run10 .csv",2024-06-14
-1.1280233459035127,3.6918989568396894,-0.9554039950661016,1.8522433906809759,-0.25313319955508745,1.192912352536958,0,0,1,1,0,"2-21 pm fri, jun 14, 2024 run7 .csv",2024-06-14
1.784776043178097,-0.8847873245841686,-0.29347231863662376,2.0156451880126385,2.9059702630774966,-1.1074737756050497,1,1,0,0,1,"2-48 pm fri, jun 14, 2024 run16 .csv",2024-06-14
0.13221641531093037,1.994399598042601,-2.2284130727935563,0.5994523141779687,1.8441037846115373,0.9077792898460852,0,1,0,0,1,"2-31 pm fri, jun 14, 2024 run12 .csv",2024-06-14
-3.7892629281519534,-0.641197983062146,-2.6390344349650348,1.9018858738917979,-1.1913507047199925,0.2974743838821897,0,0,1,1,0,"4-10 pm wed, jun 19, 2024 run0 .csv",2024-06-19
-2.5304179890241536,-0.7020296636434837,-1.7681910845161266,1.0205415620476477,0.76982319566199,0.47174073221618956,0,0,1,1,0,"4-15 pm wed, jun 19, 2024 run1 .csv",2024-06-19
-3.685621132600091,0.16339184318794422,0.2513404456263251,0.39944441272503506,-1.6150480613579994,-0.3914203606949182,0,0,1,1,0,"4-20 pm wed, jun 19, 2024 run2 .csv",2024-06-19
-3.4967689218701903,-1.137827791837721,-3.8631988707409723,2.51174541524627,-0.2333490896939176,0.05309581160444883,0,0,1,1,0,"3-21 pm thu, jun 27, 2024 run4.csv",2024-06-27
-3.5036234262380206,-0.3300722098894599,-0.872177921626667,0.9131582000228555,-0.9263296528000615,-0.9360580674530381,0,0,1,1,0,"3-18 pm thu, jun 27, 2024 run2.csv",2024-06-27
0.7543088547336302,-1.1011558126864134,-0.3859859049211469,1.374933350412186,1.26017722001418,-1.139185434197227,1,1,0,0,1,"1-00 pm fri, jun 28, 2024 run8 .csv",2024-06-28
-2.3059780529404987,-0.3707597242001413,-0.5452521444171189,0.34127471488928984,0.7678007875031262,0.3723065608159145,0,0,1,1,0,"12-42 pm fri, jun 28, 2024 run4 .csv",2024-06-28
2.4163080697858157,0.5684178917773897,1.6723315075961447,1.9077088876337487,-0.5134369697221729,-0.14808924804814944,1,1,0,0,1,"1-20 pm thu, aug 22, 2024 run6 .csv",2024-08-22
0.07972891155308831,0.9966542084344476,0.9789578874738035,0.1808114884146322,0.8254259508691723,0.32578413473000073,0,1,0,0,1,"1-04 pm thu, aug 22, 2024 run2.csv",2024-08-22
0.49690672028682764,1.4453447697193862,1.089012106125327,0.9454957516527395,0.567609128978305,0.2942665427925446,0,1,0,0,1,"1-05 pm thu, aug 22, 2024 run3 .csv",2024-08-22
0.14513684302891958,2.1916062511982974,1.0595182063318986,-0.3730726242439709,0.7760172946486151,0.7301504835776168,0,1,0,0,1,"12-59 pm thu, aug 22, 2024 run0.csv",2024-08-22
2.241604452580548,0.8512789304745862,1.9485682865267682,2.2325692932558168,-0.9845490054759038,0.349244118777186,1,1,0,0,1,"1-15 pm thu, aug 22, 2024 run5 .csv",2024-08-22
2.0180731775461727,0.6711522143920333,1.6988559990882244,2.0873677686187597,1.1028164143671066,-1.148341036646922,1,1,0,0,1,"1-10 pm thu, aug 22, 2024 run4 .csv",2024-08-22
1.7720883283504016,0.841767213936883,1.6137496020885367,1.8776169678340098,0.5637435736497348,-0.8467909886069979,1,1,0,0,1,"3-02 pm fri, aug 23, 2024 run3 .csv",2024-08-23
-3.066328663040853,0.6076190224518077,2.2933584940256466,-0.639459869564632,-0.7131949272171451,-0.9666973536240518,0,0,1,1,0,"2-45 pm fri, aug 23, 2024 run1 .csv",2024-08-23
-3.661224481835465,0.6881963439683098,1.9764018739783884,-0.3954095408666342,-1.8251680981166938,-0.6901625093117816,0,0,1,1,0,"2-40 pm fri, aug 23, 2024 run0 .csv",2024-08-23
2.126880485334664,0.5021613803183148,1.8547591952024975,2.390777867107442,-0.5085224847575592,-0.8493229468996324,1,1,0,0,1,"3-03 pm fri, aug 23, 2024 run4 .csv",2024-08-23
3.6299362702089275,0.12429304152789182,1.9045326069427184,3.359010359514215,-2.3194152162901887,-0.45674019748221817,1,1,0,0,1,"3-11 pm fri, aug 23, 2024 run5 .csv",2024-08-23
1.8468306858767642,0.2816540956664472,1.4857906886892347,1.823852446919174,0.9426106954948887,-1.4626670463397733,1,1,0,0,1,"3-40 pm mon, aug 26, 2024 run1 .csv",2024-08-26
-0.8182316066286751,3.272022182672408,1.4879794228599854,-0.172193647733823,-0.047306985547723654,0.013390611254201133,0,0,1,1,0,"3-33 pm mon, aug 26, 2024 run0 .csv",2024-08-26
1.659752919696078,0.32846828928869326,1.3974782969892874,2.4466977392439486,-0.4055388763522461,-1.1176640488706904,1,1,0,0,1,"3-48 pm mon, aug 26, 2024 run2 .csv",2024-08-26
0.02607163309733939,2.0487201342665573,1.3379586993485015,1.0679141145894884,0.1135515682454972,0.5143169585000936,0,1,0,0,1,"3-52 pm thu, aug 29, 2024 run2 .csv",2024-08-29
1.5900677732241046,-1.3859479423719838,-0.2314108100059729,-0.7909910527318171,0.45209729770795803,0.08330576862379739,1,1,0,0,1,"4-26 pm thu, sep 5, 2024 run8 .csv",2024-09-05
4.1902255716724435,-0.013077682298418956,0.6325683517156452,2.531062712359711,-0.580036322838873,-0.7556802519126354,1,1,0,0,1,"4-08 pm thu, sep 5, 2024 run3 .csv",2024-09-05
2.7900930419934578,-1.1291773976274329,0.017510918301642975,0.5431440515542445,-0.2633965046718684,-0.5221333582559706,1,1,0,0,1,"3-58 pm thu, sep 5, 2024 run1 .csv",2024-09-05
1.5154007806749403,2.0741205723002465,0.40957674122243676,1.5483748888779483,0.1819987806901393,1.0760004910430903,1,1,0,0,1,"4-16 pm thu, sep 5, 2024 run5 .csv",2024-09-05
4.063351150254554,-0.06737726815003604,0.2447953012827747,1.6576518335621893,-0.8209223981053997,-0.27980222922913595,1,1,0,0,1,"4-22 pm thu, sep 5, 2024 run6 .csv",2024-09-05
3.183869208311886,-0.42800181804281784,0.5196011088294268,1.5523707379057892,-0.10788252257366118,-0.8291467697937036,1,1,0,0,1,"3-55 pm thu, sep 5, 2024 run0 .csv",2024-09-05
1.197411609400196,-1.1358641596044088,-0.42951480458317787,-1.3111591767397694,0.40905492449207914,1.0992071609557577,1,1,0,0,1,"12-29 pm fri, sep 6, 2024 run3 .csv",2024-09-06
2.7424451554448885,-1.8252132448728235,0.17880774422878998,0.35086180470291717,0.9721491723541567,-0.6272963757526673,1,1,0,0,1,"12-25 pm fri, sep 6, 2024 run0 .csv",2024-09-06
-1.5984733543534508,-0.31209307911109224,0.27853555198459967,-0.5109587449898844,1.69869035973224,0.7532085392818152,0,0,1,1,0,"12-27 pm fri, sep 6, 2024 run1 .csv",2024-09-06
1.0613959959762127,-0.9226362593259733,-0.4691583218690634,-1.1732798575130932,0.6111059881538331,1.128822749638429,1,1,0,0,1,"12-29 pm fri, sep 6, 2024 run2 .csv",2024-09-06
-1.253027258066382,-0.15589344284705675,1.4965338126025487,-0.882920700522317,2.6564513712034357,-0.7513900617183025,0,0,1,1,0,"2-12 pm mon, sep 9, 2024 run0 .csv",2024-09-09
-0.5061635885957169,2.658601328818705,0.13013843295838373,-0.25118157134689784,0.7016618945692024,-0.3694558577609166,0,1,1,1,1,"2-32 pm mon, sep 9, 2024 run2 .csv",2024-09-09
1.555809914545985,7.571136150341452,1.8538959114812876,1.746463866977794,-0.45072023181136234,4.222654302805712,0,1,0,0,1,"12-19 pm tue, sep 10, 2024 run4 .csv",2024-09-10
1.1064976943791671,4.356655360873309,0.48054458640339026,0.25071612682192085,0.3669739887689056,1.1460360121802893,0,1,0,0,1,"12-00 pm tue, sep 10, 2024 run1 .csv",2024-09-10
3.7548199020103223,-1.8052244876667882,0.8896841976546522,-0.11141543551377023,-0.9099250744191727,-1.2599536170552872,1,1,0,0,1,"1-17 pm tue, sep 10, 2024 run11 .csv",2024-09-10
1.1466020519425988,1.911128072606863,0.9437399259859411,-0.13404125343879422,0.9765183398677724,-0.7029941069910011,1,1,0,0,1,"11-55 am tue, sep 10, 2024 run0 .csv",2024-09-10
0.9663778428926539,3.555485203220798,0.7879322277606738,0.7478695452446291,0.202304220297354,0.908081150310773,0,1,0,0,1,"12-46 pm tue, sep 10, 2024 run6 .csv",2024-09-10
2.6245694539851288,1.6211106707926497,0.987740880112854,1.1638801562121062,-0.5063004832680663,0.63272340326037,1,1,0,0,1,"1-36 pm tue, sep 10, 2024 run18 .csv",2024-09-10
-0.5333185115026802,3.2800483672544263,-0.9001264019302307,0.964141719055947,-1.0713806730380235,-0.21991215847018475,0,1,1,1,1,"12-12 pm tue, sep 10, 2024 run2 .csv",2024-09-10
2.2290552577370435,2.2562999021902947,1.110806709031156,1.352060254259569,-0.05660209102095887,0.7532866743234687,1,1,0,0,1,"1-23 pm tue, sep 10, 2024 run15 .csv",2024-09-10
1.0122389548115998,4.351209687337225,0.8315961931841225,0.46602114866544647,0.6120190262107231,1.904770141067601,0,1,0,0,1,"12-34 pm tue, sep 10, 2024 run5 .csv",2024-09-10
2.3039246325698857,2.253640939039879,1.3246519115437683,1.1077788146691359,0.46173008983675423,0.3968188894612403,1,1,0,0,1,"1-04 pm tue, sep 10, 2024 run9 .csv",2024-09-10
2.714645525471389,-0.5023948194872272,0.6279917444923634,0.18607270961573413,-0.6887433161199192,-0.16221076589727212,1,1,0,0,1,"1-30 pm tue, sep 10, 2024 run16 .csv",2024-09-10
0.20481619432198536,4.1273311877922785,0.6872580206570134,-0.10549808089083061,-0.591931203908029,-0.30513377608824965,0,1,0,0,1,"12-18 pm tue, sep 10, 2024 run3 .csv",2024-09-10
3.0261022392686603,-1.4021982714460142,0.7779698115270185,-0.275933541640443,-0.4379012572128549,-0.982643220742221,1,1,0,0,1,"1-19 pm tue, sep 10, 2024 run12 .csv",2024-09-10
-2.837917532264632,-1.666843816305927,-5.407939754966633,2.704850944956215,0.8609109350634402,1.8854935118695495,0,0,1,1,0,"1-27 pm fri, sep 13, 2024 run0 .csv",2024-09-13
-2.363069564008648,0.20709135307355184,1.689890291964239,-0.8932360727765795,0.3124356203460457,-0.4344676951997726,0,0,1,1,0,"2-00 pm fri, sep 13, 2024 run2 .csv",2024-09-13
2.919786833073291,2.7870924777753756,0.38459391977630397,0.6598763526361419,-0.18746502240022106,1.1281609622687248,1,1,0,0,1,"2-54 pm fri, sep 13, 2024 run5 .csv",2024-09-13
-3.7101348177173,0.1586530128452758,0.13727107522374246,0.5174325741183718,-1.6182993208305327,-0.319151770363629,0,0,1,1,0,"1-38 pm fri, sep 13, 2024 run1 .csv",2024-09-13
-1.364629543329774,-0.16517902824301275,0.9229672874365786,-0.9316919769738309,1.9935019410997326,0.8652511877585125,0,0,1,1,0,"2-32 pm fri, sep 13, 2024 run3 .csv",2024-09-13
1.9673753147833932,-1.416701899912704,0.1564204311240205,-0.244693538734461,1.6129435353853618,0.004163498313112278,1,1,0,0,1,"3-59 pm tue, sep 17, 2024 run8 .csv",2024-09-17
2.259988927611816,3.0483455837134144,0.41836469449238345,1.106133468235888,-0.029038035754630515,2.116091757731867,1,1,0,0,1,"3-44 pm tue, sep 17, 2024 run2 .csv",2024-09-17
-3.7448470005122445,0.38836558733941895,0.8298190289762423,0.24312005278907522,-1.7578660180943788,-0.4494917753948769,0,0,1,1,0,"3-13 pm tue, sep 17, 2024 run0 .csv",2024-09-17
-1.8073423044278798,0.03937763159649319,1.4144528785078228,-0.9994545749208696,1.1967538506344575,0.2267958651566307,0,0,1,1,0,"2-42 pm wed, sep 18, 2024 run3 .csv",2024-09-18
3.594123200588025,-1.807780901150192,0.9901409069822189,0.1866012343729164,0.39648941924076064,-1.0126735214923788,1,1,0,0,1,"3-06 pm wed, sep 18, 2024 run7 .csv",2024-09-18
2.6767704249639714,-1.4091839215035449,0.6218165023800437,-0.7473354981182138,0.6521767648010419,-0.13401794782882626,1,1,0,0,1,"2-58 pm wed, sep 18, 2024 run5 .csv",2024-09-18
-3.7390951159142523,0.06711332078022857,-0.28245528641876466,0.7913969546692832,-1.5429226425565197,-0.15600293208255506,0,0,1,1,0,"2-04 pm wed, sep 18, 2024 run0 .csv",2024-09-18
-1.5530853092002133,-0.10215496965583687,1.0707014081429707,-0.9447300443894572,1.6387371709796368,0.5786138259289457,0,0,1,1,0,"2-12 pm wed, sep 18, 2024 run1 .csv",2024-09-18
1.6747476320890473,-0.9575630240030594,0.18422327558275908,-1.307929011982896,0.4207834242750732,0.9454755033931418,1,1,0,0,1,"3-26 pm wed, sep 18, 2024 run12 .csv",2024-09-18
-1.5260905156932958,-0.14118228986506834,0.9421289883027129,-0.8881137475801186,1.7027652746011324,0.6462381892211282,0,0,1,1,0,"2-46 pm wed, sep 18, 2024 run4 .csv",2024-09-18
3.264436966492186,-1.7574869400636246,0.3226924373077937,-1.3406935932684174,-0.042841415824921125,0.21601491241659726,1,1,0,0,1,"3-17 pm wed, sep 18, 2024 run9 .csv",2024-09-18
-1.22889094589224,-0.24133009393482818,0.7787860480129691,-0.9473722799927088,2.2087630643012774,1.005113127782257,0,0,1,1,0,"2-36 pm wed, sep 18, 2024 run2 .csv",2024-09-18
1.559701987780515,-1.0128064149315574,0.008984652776816291,-0.5392068083136734,0.6562635626976192,-0.10553823587302791,1,1,0,0,1,"4-52 pm tue, oct 1, 2024 run9 .csv",2024-10-01
1.8534657376707593,-0.9348533568029086,-0.18942234855486006,-1.4870757864151005,-0.9397177226611949,0.7503728735198839,1,1,0,0,1,"4-47 pm tue, oct 1, 2024 run8 .csv",2024-10-01
1.3299466730592624,-0.6369197368281762,-0.22054666805801662,-0.5718236186501237,0.8291696630712296,-0.00015896145383733915,1,1,0,0,1,"4-57 pm tue, oct 1, 2024 run11 .csv",2024-10-01
1.0344384232086221,-0.6524556396911299,-0.2794840528067728,-0.9950465892088584,0.8195241382569539,0.045592958064130135,1,1,0,0,1,"4-56 pm tue, oct 1, 2024 run10 .csv",2024-10-01
-3.6475845249610903,0.2964035500610799,0.7845065686330753,0.08814836094887375,-1.6691259888631556,-0.5325545577299415,0,0,1,1,0,"3-52 pm tue, oct 1, 2024 run2 .csv",2024-10-01
0.7717120652134649,-0.27106927470457076,-0.44094116866002486,-1.1335041857034722,0.18519616031652847,0.49132748090976885,1,1,0,0,1,"4-59 pm tue, oct 1, 2024 run12 .csv",2024-10-01
-1.788469316018901,-0.14536074235511984,0.7571044249065788,-0.670378831800825,1.2773689418961263,0.3989444097129287,0,0,1,1,0,"3-59 pm tue, oct 1, 2024 run3 .csv",2024-10-01
-1.8341382257912031,-0.16489175141692283,0.6900047518518124,-0.6329069341918074,1.2171400300804343,0.346345574551632,0,0,1,1,0,"2-50 pm thu, oct 3, 2024 run1 .csv",2024-10-03
1.3660421834608145,-1.209757763203866,-0.16013263023238877,-1.3873540854447124,-0.40191259804842383,0.7254889488444123,1,1,0,0,1,"3-57 pm thu, oct 3, 2024 run12 .csv",2024-10-03
-1.726404443323099,-0.3668068707882221,0.061057144227580455,-0.3776097630311188,1.467003252279113,0.5987402882338605,0,0,1,1,0,"3-34 pm thu, oct 3, 2024 run5 .csv",2024-10-03
1.3022094884782471,-1.1285843979516859,-0.3108361627930721,-1.3289613490146113,-0.26573096966057635,0.7642742935255086,1,1,0,0,1,"4-05 pm thu, oct 3, 2024 run13 .csv",2024-10-03
2.350854247411575,-0.8195665528338638,-0.09168843608749241,-0.5048565339539324,0.17643194620715402,-0.036256315327051925,1,1,0,0,1,"3-53 pm thu, oct 3, 2024 run9 .csv",2024-10-03
-3.568683157950312,-0.24009860589804283,-0.7513362279097872,0.9792365899291002,-0.961120902934838,-0.8756455094167903,0,0,1,1,0,"2-17 pm thu, oct 3, 2024 run0 .csv",2024-10-03
1.2407037128587737,-1.0591005924226158,-0.3961477273061875,-1.6479033512330463,-1.2002849150675168,1.3088673409269636,1,1,0,0,1,"3-47 pm thu, oct 3, 2024 run7 .csv",2024-10-03
1.910147028934143,-0.8463479528440232,0.7691060145375689,0.551726062067746,-0.5041568499336884,-0.9870875720343607,1,1,0,0,1,"2-56 pm thu, oct 3, 2024 run3 .csv",2024-10-03
1.642979472309981,-1.1050202215607055,-0.37178348248133497,-1.3525451445034387,-0.49233389766548835,0.6976234942522508,1,1,0,0,1,"3-52 pm thu, oct 3, 2024 run8 .csv",2024-10-03
1.1566418391059563,-1.0162511174288074,-0.2125869553774671,-1.2755698770292112,-0.1700576715446632,0.6850083723308423,1,1,0,0,1,"3-41 pm thu, oct 3, 2024 run6 .csv",2024-10-03
1.3072514239364168,-1.0863836648076517,-0.29687339991103046,-1.2557296608489115,-0.2400120872227603,0.7539858802801623,1,1,0,0,1,"4-09 pm thu, oct 3, 2024 run14 .csv",2024-10-03
-3.6871905496093915,0.3622963165968818,0.8490652865779658,0.16100619446731362,-1.6923515063761418,-0.4601958084307652,0,0,1,1,0,"2-35 pm tue, oct 8, 2024 run1 .csv",2024-10-08
2.694333972986652,-0.7477794596734673,-0.02506529649399707,0.4978479999495228,0.1111451563679338,-0.5524677108630285,1,1,0,0,1,"3-47 pm tue, oct 8, 2024 run13 .csv",2024-10-08
-3.689144457357126,0.08884956697272121,0.047132165719478085,0.4664652273742478,-1.6169756359361387,-0.40271849501376805,0,0,1,1,0,"2-46 pm tue, oct 8, 2024 run2 .csv",2024-10-08
-2.2656549834308772,0.3733076405047445,2.13861366874238,-1.0464284032284172,0.42794361638085743,-0.2839463848156413,0,0,1,1,0,"2-03 pm tue, oct 8, 2024 run0 .csv",2024-10-08
3.42007144062829,-2.1249674244779677,-0.5873779518778611,0.5924651753448763,-0.5099473602860292,-0.685792910694303,1,1,0,0,1,"3-33 pm tue, oct 8, 2024 run10 .csv",2024-10-08
3.673647554921484,0.6036497786922468,-0.5850787630019869,0.31284850728624847,-0.585188973737985,0.22768772124629968,1,1,0,0,1,"3-36 pm tue, oct 8, 2024 run11 .csv",2024-10-08
-2.5338952436987685,0.48292276624891617,2.2970360454897265,-0.9616693223699913,0.03165493661833936,-0.5360435432019028,0,0,1,1,0,"3-31 pm thu, oct 10, 2024 run1 .csv",2024-10-10
-1.9635089382590034,0.2697902157351574,1.989429248546351,-1.1295583942143297,0.9223062271005126,0.0506257041269489,0,0,1,1,0,"4-05 pm thu, oct 10, 2024 run3 .csv",2024-10-10
0.7124306243302121,-0.9065131646213701,-0.3751593446876934,-0.5770799089772088,0.5112117549879176,-0.1281656942373072,1,1,0,0,1,"4-22 pm thu, oct 10, 2024 run5 .csv",2024-10-10
-0.25693004992087176,-0.3339567360917595,-0.16366925665457233,-0.8124540107460929,0.94011771980061,0.6111382409005877,0,1,0,0,1,"5-05 pm thu, oct 10, 2024 run14.csv",2024-10-10
-0.9861845479088924,0.9364790517943872,1.027732538880754,-1.1956990685428646,-0.4125396294214739,0.7289364046937187,0,0,1,1,0,"3-56 pm thu, oct 10, 2024 run2 .csv",2024-10-10
-3.300407570405964,0.7461738047059912,2.42179520665544,-0.8019112002780333,-1.397423699277476,-0.47165511523479525,0,0,1,1,0,"3-03 pm thu, oct 10, 2024 run0 .csv",2024-10-10
-2.514369512943366,-0.4107097405425141,-0.6205161251594882,0.3624479228749101,0.45737526214184476,0.031956637588171764,0,0,1,1,0,"2-18 pm tue, oct 15, 2024 run2 .csv",2024-10-15
2.515345394534218,7.7148412274568,-4.68228962997801,-2.366478397425734,-0.21046800105250268,-2.5923655928876355,0,1,0,0,1,"3-41 pm tue, oct 15, 2024 run16 .csv",2024-10-15
1.3952200645095407,-2.171298480960804,-1.8713843939234953,-0.23885506836727724,-1.5001815974639083,0.4273019460881783,1,1,0,0,1,"3-28 pm tue, oct 15, 2024 run10 .csv",2024-10-15
0.7266565689641405,-1.6652554756281621,-1.8045176283760016,-0.17333276393765537,-1.2042247875389351,0.3709357838664817,1,1,0,0,1,"3-13 pm tue, oct 15, 2024 run8 .csv",2024-10-15
1.4167438976824478,1.5212889562692913,-1.3405639695449991,0.1824682007723138,-0.43721385442899174,0.3496764746428649,1,1,0,0,1,"3-38 pm tue, oct 15, 2024 run14 .csv",2024-10-15
0.8335229221030666,-1.89510519349939,-2.2753401119902517,0.11740215067581651,-1.3035026809122483,0.41436285822292923,1,1,0,0,1,"3-18 pm tue, oct 15, 2024 run9 .csv",2024-10-15
-0.020032577182748177,-1.1646212339069897,0.33299071275407655,0.5730403893321228,1.555181979104505,-0.940783241802276,1,1,0,0,1,"3-38 pm thu, oct 17, 2024 run8 .csv",2024-10-17
-0.6067547315102665,0.8353679595600817,-0.8093279449009368,-1.0687763580391132,0.42122425085273385,-0.23731538331851243,0,1,1,1,1,"4-30 pm thu, oct 17, 2024 run19 .csv",2024-10-17
0.14352424907727102,0.8951182228824739,-0.13469249668687994,0.33423838184729243,1.0845661205822648,-0.21024694234433267,0,1,0,0,1,"4-28 pm thu, oct 17, 2024 run18 .csv",2024-10-17
-0.5053787621090331,-0.387725789517652,-0.332204566452998,-0.558490950343674,0.23973871608875458,0.28754665208946567,0,1,1,1,1,"4-26 pm thu, oct 17, 2024 run17 .csv",2024-10-17
-3.6239033572927446,0.11603029184463186,0.2620554177062889,0.2793833770623345,-1.591239076302957,-0.46874680874535574,0,0,1,1,0,"3-16 pm thu, oct 17, 2024 run3 .csv",2024-10-17
-0.8600949799067993,-0.8063563834112093,-0.29014591057794725,0.045604742051837954,0.6450163955317754,0.13936556236378303,0,0,1,1,0,"4-20 pm thu, oct 17, 2024 run14 .csv",2024-10-17
-3.5954660396003564,0.4330161177071946,1.2060765236801256,-0.09301205309835946,-1.6379922690290551,-0.5091000204436266,0,0,1,1,0,"2-59 pm thu, oct 17, 2024 run1 .csv",2024-10-17
2.4752025934798723,9.723271654522577,-5.402392111054438,-3.3615100342994237,-0.1411245797083143,-3.9236993861594534,0,1,0,0,1,"4-38 pm thu, oct 17, 2024 run23 .csv",2024-10-17
-0.9957800336805538,-0.6231340545188686,-0.1826350505482865,-0.14325468355325893,0.6175366376061211,0.13587232777798178,0,0,1,1,0,"4-24 pm thu, oct 17, 2024 run16 .csv",2024-10-17
0.2450117727873195,2.7137509407882736,-1.9517005970743406,-1.0629884632550313,0.14378712205295763,-0.7762826354121697,0,1,0,0,1,"4-32 pm thu, oct 17, 2024 run20 .csv",2024-10-17
0.9580019365797833,4.814247157483338,-2.3858085294063525,-1.2519452887783438,0.129737576324609,-1.4549549198730525,0,1,0,0,1,"4-33 pm thu, oct 17, 2024 run21 .csv",2024-10-17
-0.37825794958529113,-1.0707778777811532,-0.11457755736719774,0.2433516109389643,0.4219446924758006,-0.1142571010628069,1,1,0,0,1,"2-50 pm tue, oct 22, 2024 run10 .csv",2024-10-22
-0.37285141485052964,-1.472730309940459,-1.0161973950677863,0.9330255505206744,0.056450233185430534,-0.29691725486393405,1,1,0,0,1,"2-40 pm tue, oct 22, 2024 run8 .csv",2024-10-22
-1.9298193761001705,-0.31088153824580517,0.08673097695708844,-0.2645651928062884,1.2194554794522727,0.45093945893342924,0,0,1,1,0,"2-04 pm tue, oct 22, 2024 run2 .csv",2024-10-22
-2.466951088727455,0.3373651556015913,1.7621140769908006,-1.0216817478634828,-0.09827495565447476,0.32317365211428384,0,0,1,1,0,"1-59 pm tue, oct 22, 2024 run1 .csv",2024-10-22
-0.07780458545582528,-1.0532005159537656,0.3733629129798949,0.38339171708941744,0.5474306249927484,-0.30274994622799645,1,1,0,0,1,"2-14 pm tue, oct 22, 2024 run5 .csv",2024-10-22
-2.1493856719736595,-0.3468967134823154,-0.257074957135841,-0.2691593927507033,0.7407785040893579,1.0416609456728498,0,0,1,1,0,"1-45 pm tue, oct 22, 2024 run0 .csv",2024-10-22
0.3221825121416525,-1.274333732749103,0.1384086610434367,0.2668625257340973,1.9050590608381608,-1.095091711213655,1,1,0,0,1,"2-30 pm tue, oct 22, 2024 run7 .csv",2024-10-22
-0.23412387293139292,-0.7388198890252575,0.25425423335994585,-0.4077036751078269,0.13324215467663353,0.19991294049620242,1,1,0,0,1,"2-21 pm thu, oct 24, 2024 run5 .csv",2024-10-24
-0.1141918593940264,-0.6746016017826787,0.21194147423219892,-0.5949616894714214,0.036726365445419976,0.2910229207942358,1,1,0,0,1,"2-10 pm thu, oct 24, 2024 run3 .csv",2024-10-24
2.3390106234314105,-1.4045844879819187,-0.16616721498487888,-1.186502356681309,-1.025298845834485,-0.0677607255014351,1,1,0,0,1,"2-17 pm thu, oct 24, 2024 run4 .csv",2024-10-24
0.44686227564187925,-0.9656144955709695,0.16499861447120295,-1.008239697115679,-0.4418793734621371,0.20666749768793957,1,1,0,0,1,"2-21 pm mon, oct 28, 2024 run4 .csv",2024-10-28
0.7246309358707578,-0.900550818551741,-0.9741445399137081,-0.829836285567976,-0.5395132005437061,0.4385902718634783,1,1,0,0,1,"2-27 pm mon, oct 28, 2024 run7 .csv",2024-10-28
2.467997893025896,-1.0779885923093517,-1.3878422664571826,-1.0683177119441711,-1.757413329074955,0.6218536865585124,1,1,0,0,1,"2-33 pm mon, oct 28, 2024 run8 .csv",2024-10-28
-3.21825342889508,0.04088002518149673,0.46327342183285153,-0.1416218691653725,-1.0622492743936174,-0.2886414273738151,0,0,1,1,0,"2-04 pm mon, oct 28, 2024 run2 .csv",2024-10-28
-0.5169917494342159,-0.7257601337602401,0.29583921505145466,-0.5899659695304442,0.3657283151081651,0.1361068022859547,0,1,1,1,1,"2-23 pm mon, oct 28, 2024 run5 .csv",2024-10-28
-3.119606870958635,0.09726461415008207,0.6846005806586112,-0.27566481800349674,-0.9306691304609839,-0.2064485627848371,0,0,1,1,0,"2-13 pm mon, oct 28, 2024 run3 .csv",2024-10-28
-1.5072998652434035,-0.5723760912579123,0.018256730019475212,-0.11080011184785286,2.4348549400417476,-0.7808055899837674,0,0,1,1,0,"2-01 pm mon, oct 28, 2024 run1 .csv",2024-10-28
1.8401922851982424,-1.2668132459321133,-0.31239584106462487,0.47019157643096,-0.009941106056380137,-0.8643541044054918,1,1,0,0,1,"2-25 pm mon, oct 28, 2024 run6 .csv",2024-10-28
0.49696552942263167,-0.9287708108461702,-0.20656287267081594,-0.7721489210918852,0.5224313669013116,-0.23744087770632724,1,1,0,0,1,"1-36 pm tue, oct 29, 2024 run9 .csv",2024-10-29
-2.4750056470245974,-0.3741172274539865,0.33592631499999276,0.05637428305148223,0.9173188789864478,-2.0156953083484295,0,0,1,1,0,"1-12 pm tue, oct 29, 2024 run3 .csv",2024-10-29
-3.4843839981917433,-0.028306636128780555,0.01945856096237477,0.22727260832638646,-1.3933860449220805,-0.42237903326139975,0,0,1,1,0,"12-56 pm tue, oct 29, 2024 run2 .csv",2024-10-29
2.4931509329178696,-1.1891326214456575,-0.8723249613646107,-1.948471275692353,-2.0339014250968686,0.7541845581026331,1,1,0,0,1,"1-31 pm tue, oct 29, 2024 run7 .csv",2024-10-29
0.9697101764283057,-1.0649867229214045,-0.6520167361417871,-0.38647281044876286,-0.5772711881300201,0.3370833705902113,1,1,0,0,1,"1-59 pm tue, oct 29, 2024 run16 .csv",2024-10-29
-2.865431299323332,-0.11548105924142593,0.47584995765733834,-0.1842172175197792,-0.25422075006540096,-0.8106331318606246,0,0,1,1,0,"1-28 pm tue, oct 29, 2024 run6 .csv",2024-10-29
-2.625464936561313,0.3132453688783253,1.6950938420628143,-0.9815098801570259,-0.3248362315906514,0.09429371841700197,0,0,1,1,0,"1-19 pm tue, oct 29, 2024 run4 .csv",2024-10-29
2.962211623291939,-2.182853672011915,-1.3048272401543035,1.7806970014391201,-0.5903216212912565,-0.6086740965478711,1,1,0,0,1,"1-53 pm tue, oct 29, 2024 run14 .csv",2024-10-29
-1.9369221309934719,-0.2678786204288974,1.0175065524531726,-0.5208074747442157,1.6783621809776934,-1.5887993418690902,0,0,1,1,0,"1-21 pm tue, oct 29, 2024 run5 .csv",2024-10-29
-1.3941380430876655,-0.5722927640279368,0.04870167387400049,-0.15503026023041586,2.616345847532942,-0.6352387741162588,0,0,1,1,0,"12-39 pm tue, oct 29, 2024 run1 .csv",2024-10-29
1.640660712818895,-1.5369686243569238,0.4561780829910871,0.7956151665555408,-0.4383781813426887,-0.5778246064075573,1,1,0,0,1,"2-15 pm thu, oct 31, 2024 run8 .csv",2024-10-31
-3.363103022005716,-0.013738168807921633,-0.006567486403213217,0.2756303064324027,-1.1558856456895192,-0.15342855371026948,0,0,1,1,0,"1-30 pm thu, oct 31, 2024 run1 .csv",2024-10-31
-2.7758627860069023,0.32473148589822964,1.5323009308607507,-0.7659562161353598,-0.556182419163011,0.04591803258757206,0,0,1,1,0,"1-43 pm thu, oct 31, 2024 run2 .csv",2024-10-31
-0.8396008845818126,-0.4376535752971531,-0.21801528215324278,-0.7654845313210481,0.9689930725680443,0.3472874297738271,0,0,1,1,0,"2-45 pm thu, oct 31, 2024 run17 .csv",2024-10-31
-3.0367535794363874,-0.04532751701469819,0.5617272615255479,-0.1117995788566715,-0.48147697795520455,-0.9436932863888656,0,0,1,1,0,"2-06 pm thu, oct 31, 2024 run4 .csv",2024-10-31
1.970774840383264,-1.8779158085597951,-0.08184284529879823,-0.1975558066880897,-0.8963917140930401,-0.17191125661921983,1,1,0,0,1,"2-23 pm thu, oct 31, 2024 run10 .csv",2024-10-31
-0.19460397673031155,-1.0748854025833932,-0.5434936304599508,-0.093626920379973,-0.016546166483499762,0.1961516093729775,1,1,0,0,1,"4-23 pm wed, nov 6, 2024 run14 .csv",2024-11-06
2.0490957495777686,-0.6905669909412555,-0.8159292341525525,-1.4523607987317633,0.3626325259774595,-0.9514784031389257,1,1,0,0,1,"4-05 pm wed, nov 6, 2024 run9 .csv",2024-11-06
-0.4611312812957837,-0.5964595909762141,-0.5893570854312558,-0.4412397036318082,-0.6291932893791727,0.7161099149719966,0,1,1,0,1,"4-29 pm wed, nov 6, 2024 run15 .csv",2024-11-06
2.062904988636421,-1.049551693313025,-0.4454845002495947,-1.910190391085936,-2.8225391242865605,0.9900910544801208,1,1,0,0,1,"4-02 pm wed, nov 6, 2024 run8 .csv",2024-11-06
0.7198118909671938,-1.0794915749090612,-0.12118414496132365,-0.8566063195188269,-0.5391706054103322,0.30481660738715155,1,1,0,0,1,"3-56 pm wed, nov 6, 2024 run6 .csv",2024-11-06
-0.2321877459119717,-1.1029945872760556,-0.5267530047298952,-0.17204565179867393,-0.004077781123417176,0.1936899815936566,1,1,0,0,1,"4-21 pm wed, nov 6, 2024 run13 .csv",2024-11-06
1.2365213577623018,-1.153458093217085,-0.3293349353925233,-1.0364443955280775,-0.9021096190726924,0.3196287875851612,1,1,0,0,1,"4-00 pm wed, nov 6, 2024 run7 .csv",2024-11-06
0.45326158999942806,-1.4955518833175614,0.04342337374419684,1.1280287113839405,-0.5937277097720473,-0.5002585082432182,1,1,0,0,1,"4-18 pm wed, nov 6, 2024 run12 .csv",2024-11-06
-2.928566473460287,-0.065723141122443,0.39851413173049743,-0.323170521655615,-0.6245563753329301,-0.07655510977060458,0,0,1,1,0,"3-49 pm wed, nov 6, 2024 run4 .csv",2024-11-06
-3.4087601304447013,0.005382686498136871,0.2500344995303111,0.0394233019946037,-1.2840766999615056,-0.4341357457801283,0,0,1,1,0,"3-05 pm wed, nov 6, 2024 run1 .csv",2024-11-06
-0.2993963414846501,-1.1182664331666896,-0.5353593710236121,-0.16565633232628657,0.04508193248064564,0.17509214984573154,1,1,0,0,1,"1-21 pm thu, nov 7, 2024 run10 .csv",2024-11-07
1.7735281015662347,-1.1188206927305402,0.22864945099744508,-1.0488033527090257,-0.9577134621955133,0.43790645217547863,1,1,0,0,1,"12-47 pm thu, nov 7, 2024 run6 .csv",2024-11-07
0.5814887639201193,-1.3461881675993577,-0.0013591599062828604,0.44394096963008534,0.6492568383852222,-0.7173745924610195,1,1,0,0,1,"1-36 pm thu, nov 7, 2024 run14 .csv",2024-11-07
-0.43512640406506714,-0.8235204289724725,-0.31150310817165894,-0.43583576953072783,0.15351370242495044,0.12044108000818884,0,1,1,0,1,"1-44 pm thu, nov 7, 2024 run17 .csv",2024-11-07
2.11125296967839,-0.8389741170466593,-0.35648746014247634,-1.0593307473119813,-1.2558627636127582,0.5903524688465631,1,1,0,0,1,"12-14 pm thu, nov 7, 2024 run2 .csv",2024-11-07
0.19835806849013032,-1.106912920742827,-0.01415483645579215,0.35046578906245907,0.7937504905221049,-0.659569736724849,1,1,0,0,1,"1-38 pm thu, nov 7, 2024 run15 .csv",2024-11-07
2.5743933397576266,-1.1055237781008351,-0.13210166633173379,-1.358128137518166,-1.6371317101567238,0.5955726446028501,1,1,0,0,1,"12-28 pm thu, nov 7, 2024 run5 .csv",2024-11-07
1.9140460703529123,-0.17327713826126018,-0.4901962955780426,-1.0698661913825973,-0.7629912948989293,0.5937458179584699,1,1,0,0,1,"12-04 pm thu, nov 7, 2024 run0 .csv",2024-11-07
0.23705288290004156,-1.086217860874444,-0.1734188354318083,-0.37791862767440876,-0.227300392156023,0.21838584266040853,1,1,0,0,1,"1-12 pm thu, nov 7, 2024 run9 .csv",2024-11-07
1.4855933403470176,-0.8395078884727379,-0.06618197923910157,-0.7045016670023395,-0.6736526521516873,0.4225601303709521,1,1,0,0,1,"12-21 pm thu, nov 7, 2024 run3 .csv",2024-11-07
1.5226096185219677,-1.2293069527285503,0.289725294926085,-0.7569984782689099,0.8977125369701571,-0.7649426169549381,1,1,0,0,1,"12-54 pm thu, nov 7, 2024 run7 .csv",2024-11-07
1.8365853063544089,-2.1953283758481477,-0.3179054275834867,1.1551114697297087,-0.09756306592196574,-1.3801219117463996,1,1,0,0,1,"1-25 pm thu, nov 7, 2024 run11 .csv",2024-11-07
0.7398074260583594,-1.1841343713327408,-0.09269769652669058,-0.7135427678906463,-0.6058826735749079,0.27024039639691716,1,1,0,0,1,"1-02 pm thu, nov 7, 2024 run8 .csv",2024-11-07
