file_name,spectral_entropy,spectral_centroid,spectral_flatness,spectral_bandwidth,std_dev_time_diff,mean_time_diff,median_time_diff,max_peak,median_peak,std_peak,avg_peaks_per_second,sum_peak_magnitude,percent_time_above_threshold
"Data/After_May/MATLAB 3-15 PM Thu, Oct 24, 2024 Run15.csv",5.441444180242687,212.26541141388392,0.246754567686898,141.80093387019392,0.047586636779667436,0.1851,0.18960000000000005,0.214317930936813,0.17547650456428548,0.019744100613359825,0.5557166666666666,1.072556031942367,0.0005
"Data/After_May/MATLAB 12-54 PM Thu, Nov 7, 2024 Run7 .csv",5.8695579918253635,246.52865705974727,0.285455319110407,131.93281230937524,0.0008652002245557801,0.3483,0.34825000000000006,0.314323198795319,0.269887193441391,0.028401739924623227,2.5415066666666664,3.9281796264648436,0.0003
"Data/After_May/MATLAB 4-29 PM Wed, Nov 6, 2024 Run15 .csv",5.441887477022275,223.37868205247733,0.22283970751084645,135.73220531810173,0.006335788997608877,0.6085666666666667,0.6047,0.216212775707245,0.201288865208626,0.017548231971050918,1.01395,0.787064158916474,0.00015
"Data/After_May/MATLAB 3-59 PM Tue, Sep 17, 2024 Run7 .csv",5.759562108671322,306.8845117216463,0.22172747064951262,97.62440125750976,0.00842046144154044,0.08664173913043477,0.0862999999999996,0.184570345878601,0.15346025884151449,0.019558948944679827,4.738949137931035,17.571166707277296,0.00273
"Data/After_May/MATLAB 3-55 PM Thu, Sep 5, 2024 Run0 .csv",5.650971697233726,250.4408268345618,0.2370106848084823,130.53091517360178,0.1031743696639605,0.39926666666666666,0.43579999999999997,0.33291760802269,0.263228571414948,0.06020347078316476,4.8529480000000005,6.368198673725128,0.0029
"Data/After_May/MATLAB 1-36 PM Thu, Nov 7, 2024 Run14 .csv",5.490895081965968,225.08606286666233,0.22778918049970406,134.8083716788239,0.030496416182889428,0.09395999999999999,0.10900000000000001,0.236234904527664,0.145340183973312,0.029024094767178384,0.982052380952381,3.336768310070038,0.0018
"Data/After_May/MATLAB 1-21 PM Thu, Nov 7, 2024 Run10 .csv",5.381934030771023,213.93103364413244,0.22315633175683453,133.82130751320489,0.0010924602453888863,0.13297142857142857,0.13290000000000002,0.197272038459778,0.175728379487991,0.010354513631141512,1.0322933333333333,2.7077293217182152,0.00075
"Data/After_May/MATLAB 2-27 PM Mon, Oct 28, 2024 Run7 .csv",5.407322288707054,215.899169432826,0.2436634036322296,125.73545849985565,0.002908654918944487,0.61738125,0.6181500000000002,0.283104201555252,0.263635940551758,0.009919664188439368,5.049594117647058,4.508136416673662,0.00023
"Data/After_May/MATLAB 4-29 PM Thu, Oct 10, 2024 Run8 .csv",5.500689322471651,229.51724395825798,0.2238766986269394,126.78638821618472,0.04817773231573942,0.1010438775510204,0.09360000000000035,0.224067803621292,0.0641876256465912,0.044999470360417716,5.215477777777778,8.045367609262465,0.00495
"Data/After_May/MATLAB 3-11 PM Fri, Aug 23, 2024 Run5 .csv",5.792691029502029,240.3306967998231,0.3607940420972357,130.1216368907638,0.24986147085011848,0.37710000000000005,0.36454999999999993,0.508857382535934,0.124187188148499,0.13048376851569007,5.316981481481483,4.80992755293846,0.00385
"Data/After_May/MATLAB 2-14 PM Tue, Oct 22, 2024 Run5 .csv",5.642366668346492,237.89338570249737,0.27347103548313817,125.0394327682477,0.000681651257975811,0.060531249999999995,0.0605,0.146124722957611,0.123547220230103,0.01663232058307692,0.5035,2.0625504195690167,0.0026
"Data/After_May/MATLAB 2-32 PM Mon, Sep 9, 2024 Run2 .csv",5.676712959495471,268.76753395187285,0.3461828846496874,137.28180737141844,0.23539999999999983,2.5887,2.5887,0.0284290969371796,0.0283057296276093,0.006182299272171664,3.3211333333333335,0.0719880378246308,7e-05
"Data/After_May/MATLAB 2-48 PM Tue, Jun 11, 2024 Run3 .csv",5.470563111852253,215.230793646553,0.1607047513666533,78.28357864601648,0.04981854735588984,0.1270012987012987,0.12970000000000015,0.23085364818573,0.1368455094099045,0.04601256618017398,5.036083333333333,11.073788324594496,0.00459
"Data/After_May/MATLAB 3-56 PM Wed, Nov 6, 2024 Run6 .csv",5.731865709321296,228.21252271787552,0.28889487493538374,130.52708031554795,0.0012210734655060333,0.4083571428571429,0.4085000000000001,0.347038667201996,0.3083691197633745,0.017122335843009335,1.53335,2.552741428613663,0.00023333333333333333
"Data/After_May/MATLAB 12-14 PM Thu, Nov 7, 2024 Run2 .csv",5.614784529593889,245.43594341333701,0.302102002534821,120.24161108712849,0.005894296101368834,0.5586685714285714,0.5589999999999993,0.31794133067131,0.268616574406624,0.03577410986841042,9.883933333333335,9.547665953636175,0.000215
"Data/After_May/MATLAB 3-38 PM Thu, Oct 17, 2024 Run8 .csv",5.583368082248122,238.59560969384287,0.2730998707783076,120.67184590007227,0.0007381734213584232,0.04721,0.04720000000000001,0.117871681451797,0.107736285924912,0.00724800477777114,0.25585454545454545,1.1731569325923934,0.0032
"Data/After_May/MATLAB 1-59 PM Tue, Oct 29, 2024 Run16 .csv",5.547537368796647,211.47869398682903,0.23455285198038484,126.2542274911641,0.007365063928212918,0.40199999999999997,0.3996500000000003,0.280077204704285,0.220585247278214,0.025300026426134405,4.913368,5.612955570220947,0.00064
"Data/After_May/MATLAB 3-28 PM Thu, Oct 17, 2024 Run6 .csv",4.343545415076291,149.844218171763,0.1676337610078838,129.2032421218674,0.00034379485068699326,0.052717989417989414,0.05269999999999997,0.130811755657196,0.1154910778999325,0.009865530173071766,5.009195263157895,21.642614974975587,0.00221
"Data/After_May/MATLAB 1-15 PM Thu, Aug 22, 2024 Run5 .csv",6.019454854656343,275.10382379205885,0.34876070698461353,123.34506428303438,0.4476188042980532,0.5072842105263158,0.34800000000000075,0.342107187509537,0.06982396960258486,0.09025459335699235,4.38575,2.182437100410463,0.00263
"Data/After_May/MATLAB 12-59 PM Thu, Aug 22, 2024 Run0.csv",6.0882660226815535,287.0731690281902,0.39645253739229847,119.22913530666624,0.9655184501603272,1.41362,1.8471000000000002,0.0742568397521973,0.03294003546237945,0.017369740018017606,6.172366666666666,0.2396281480789185,0.00032
"Data/After_May/MATLAB 3-29 PM Tue, Oct 8, 2024 Run9 .csv",5.842674908161628,236.3528120430557,0.24844070761252976,124.09768566883946,0.024822805143324477,0.24956455696202529,0.25069999999999837,0.335365035533905,0.2573972171545025,0.045458744122386874,10.044414999999999,21.143324341773983,0.002305
"Data/After_May/MATLAB 2-21 PM Thu, Oct 24, 2024 Run5 .csv",5.7666341559552965,229.82885573406014,0.30480490945563016,128.26200523472383,0.0010347063757175712,0.20952222222222225,0.20950000000000002,0.20373018860817,0.161050239801407,0.017480165498212182,1.04529,1.689674654006958,0.0005
"Data/After_May/MATLAB 3-44 PM Tue, Sep 17, 2024 Run2 .csv",5.87116336488146,299.29415604964277,0.2700557175102112,104.90349672438649,1.9635000000000002,2.4730000000000003,2.4730000000000003,0.194782845973969,0.168204258680344,0.06050990554452315,5.942800000000001,0.4182004010677346,0.0008
"Data/After_May/MATLAB 4-23 PM Wed, Nov 6, 2024 Run14 .csv",5.368632048883859,214.64272143756216,0.21687991994225472,135.02308838161608,0.0013543710671947706,0.1896111111111111,0.18969999999999998,0.224776523113251,0.18203264176845552,0.01769544424543466,0.95699,1.893197302818299,0.0005
"Data/After_May/MATLAB 4-28 PM Thu, Oct 17, 2024 Run18 .csv",5.517450626322605,236.71102274538046,0.2656011737177342,132.11992847580078,0.05835754152687747,0.6921142857142858,0.7016500000000003,0.103325262069702,0.0966968393325806,0.005515540876334278,4.741273333333334,1.4447834765911107,0.00018
"Data/After_May/MATLAB 3-44 PM Thu, Aug 29, 2024 Run1 .csv",5.790292118355897,251.68777441752974,0.3417560880061719,137.58198192527237,0.561478984358759,1.0114888888888889,0.7919,0.0752958238124847,0.03972941398620605,0.019075565473449428,4.571109999999999,0.42343965649604787,0.00101
"Data/After_May/MATLAB 1-36 PM Tue, Sep 10, 2024 Run18 .csv",5.972785380299632,260.9641293354198,0.3406232397514283,120.15418561265875,0.907820331872413,1.12974375,0.9705500000000002,0.24568856716156,0.189858434200287,0.060046981816974404,9.9285,2.754550428390502,0.001615
"Data/After_May/MATLAB 12-19 PM Tue, Sep 10, 2024 Run4 .csv",6.110271394726322,262.4710361070335,0.444488942303574,150.62300043238358,6.581969128527487,6.138333333333333,1.5088000000000008,0.083720782995224,0.0567197269201279,0.024570232394981226,10.368500000000001,0.2273036253452302,0.00015
"Data/After_May/MATLAB 2-10 PM Thu, Oct 24, 2024 Run3 .csv",5.720020408993147,238.33559502618712,0.30240668110866714,129.4803150503496,0.052747249124948985,0.2263238095238095,0.2127000000000001,0.173926060199738,0.1587891483306885,0.01468655521270903,2.4537454545454547,3.3839736545085897,0.00048
"Data/After_May/MATLAB 3-00 PM Fri, Sep 13, 2024 Run6 .csv",5.867869883780985,290.164172192793,0.256382121732285,97.16489605681636,2.418572157975307,4.5098,5.13215,0.29264460682869,0.201693342924118,0.06335964276481956,13.029871428571429,1.391692483425141,0.00016333333333333334
"Data/After_May/MATLAB 4-00 PM Mon, Aug 26, 2024 Run5 .csv",5.745862912542867,231.27657787883496,0.32873624240566424,129.10518627896204,0.038047937666813955,0.09358301886792451,0.09004999999999991,0.386638931035996,0.178366640806198,0.07447993786746525,5.184042056074765,21.041792403459546,0.00788
"Data/After_May/MATLAB 12-12 PM Tue, Sep 10, 2024 Run2 .csv",5.1201815396084385,161.0109724063111,0.2678118675523304,180.50968270575095,1.2092108843610128,2.4208,2.1875,0.035847841501236,0.021243593692779547,0.006614043422666315,11.5629875,0.1828322803974152,0.000345
"Data/After_May/MATLAB 3-13 PM Fri, Aug 23, 2024 Run6 .csv",5.851663756271483,249.22793336302277,0.3263594032194835,132.71322161526155,0.03626353674040221,0.0678568493150685,0.05740000000000034,0.660171242952347,0.203059378862381,0.06103436090832597,5.205231292517007,30.242649718523033,0.00742
"Data/After_May/MATLAB 4-09 PM Mon, Aug 26, 2024 Run7 .csv",5.808206252222579,230.32318938762953,0.3499814401544169,130.1105014011929,0.02794176684397035,0.07607786259541985,0.06959999999999944,0.627896555662155,0.2701287877559665,0.06782380656083084,4.887795454545454,34.643385896682744,0.02403
"Data/After_May/MATLAB 3-24 PM Tue, Oct 8, 2024 Run7 .csv",5.854004630971229,237.51049037789622,0.2527615465454163,125.31893437517856,0.02666663047842663,0.26877657657657655,0.27169999999999916,0.335442782640457,0.252035236954689,0.043952249001025845,15.054399107142858,28.794374690055847,0.0019
"Data/After_May/MATLAB 3-18 PM Thu, Oct 24, 2024 Run16.csv",5.516186381705248,218.77392683675507,0.2603783474134867,140.92038764467475,0.7617542759151407,1.9489749999999997,2.10825,0.176125468015671,0.159855118989944,0.011713809238100609,4.42016,0.8030524337291719,4e-05
"Data/After_May/MATLAB 4-15 PM Thu, Oct 10, 2024 Run4 .csv",5.832849417693474,235.26897436105753,0.2887533144162571,126.43252191783586,0.8264298330099713,4.574533333333334,4.482900000000001,0.213174855709076,0.20493301987648,0.010533685563731219,6.458875000000001,0.81130647778511,1.5e-05
"Data/After_May/MATLAB 2-50 PM Tue, Oct 22, 2024 Run10 .csv",5.482464984613987,222.61644626330278,0.23856708333908871,130.2750459629221,0.0006457079645708317,0.06761428571428571,0.0676,0.146804528236389,0.131389397382736,0.012618554703179073,0.48552666666666666,1.9602570736408231,0.0018
"Data/After_May/MATLAB 12-21 PM Thu, Nov 7, 2024 Run3 .csv",5.697376391439709,247.226585460399,0.29813904728069474,121.15537880015849,0.0011118502315960515,0.59574375,0.5956500000000005,0.328834921121597,0.274441503286362,0.03939402011503928,4.870047058823529,4.705894856452942,0.00021
"Data/After_May/MATLAB 11-55 AM Tue, Sep 10, 2024 Run0 .csv",5.823825525637499,265.3270318295655,0.36826414684084896,148.13617307723575,0.8830394748096044,1.2586473684210526,1.1140000000000003,0.0984162712097168,0.0332227522134781,0.023310035581561056,14.323425,0.799212626218796,0.000732
"Data/After_May/MATLAB 4-58 PM Thu, Oct 10, 2024 Run12.csv",5.81436240177258,273.06574169982554,0.20258191927925479,122.36787895246475,0.024632751263903695,0.08109508196721311,0.08089999999999997,0.0826143324375153,0.0745729684829712,0.004092548663713642,5.056772357723577,9.187117923498155,0.00496
"Data/After_May/MATLAB 4-33 PM Thu, Oct 17, 2024 Run21 .csv",5.527620990898211,232.0235729049378,0.2843106789754125,133.0719478417304,0.10632824439233271,6.557766666666666,6.548,0.0889195585250855,0.08214463710784914,0.004260710850015603,9.875575000000001,0.3319081807136537,2e-05
"Data/After_May/MATLAB 4-29 PM Thu, Sep 5, 2024 Run9 .csv",5.722564829331297,285.02272706941784,0.19611870388630886,124.44715360298683,0.016097159983270645,0.16224754098360655,0.16410000000000036,0.203430765867233,0.150892034173012,0.024273305891924727,4.945545161290322,9.588150992393496,0.00073
"Data/After_May/MATLAB 12-46 PM Tue, Sep 10, 2024 Run6 .csv",5.90526569376156,266.74580949275685,0.3424529502256268,137.00057397938704,1.9174481503202812,2.6344499999999997,2.2374999999999994,0.112754508256912,0.0493443536758423,0.02755064264279276,7.529157142857143,0.3875481224060058,0.000785
"Data/After_May/MATLAB 1-07 PM Fri, Jun 14, 2024 Run1 .csv",6.293300161279159,357.0627820944554,0.49159506735230124,135.08318186749923,0.613986881260594,0.4790263157894737,0.1755,0.0194052922725678,0.01658647775650025,0.0013086588813298985,4.875425000000001,0.33106452822685256,0.00021
"Data/After_May/MATLAB 2-25 PM Thu, Oct 24, 2024 Run6 .csv",5.503517727354358,208.84607254174034,0.26889553781339165,129.42542126780359,0.04408132931015128,0.1116875,0.10740000000000005,0.299932273626328,0.196837040185928,0.030771326437604697,0.968670588235294,3.4061701321601876,0.0009
"Data/After_May/MATLAB 2-23 PM Thu, Oct 31, 2024 Run10 .csv",5.628690670124515,243.67556451158754,0.20342730082659524,132.16923600496423,0.016987038027471014,0.07683923076923077,0.07370000000000032,0.291020270586014,0.117871681451797,0.024780599308233106,5.046354198473282,16.034012600183488,0.00282
"Data/After_May/MATLAB 2-15 PM Thu, Oct 31, 2024 Run8 .csv",5.688003020896298,239.48555524358477,0.22573147470969201,133.22846958468074,0.028245215917429664,0.07433333333333333,0.06715000000000027,0.336823596954346,0.110882794857025,0.039517483687199824,2.456234328358209,8.080744470357898,0.00346
"Data/After_May/MATLAB 4-22 PM Thu, Oct 10, 2024 Run5 .csv",5.63134238130942,224.88780199392258,0.2579710584338654,124.71089298144832,0.0013631212307773193,0.34926071428571426,0.34909999999999997,0.205853776931763,0.170119022130966,0.01581681970665361,4.999737931034483,5.109115767478946,0.00049
"Data/After_May/MATLAB 3-03 PM Fri, Aug 23, 2024 Run4 .csv",5.930425617904113,248.52916345166935,0.37293042890621075,130.58936788492463,0.2325388739445689,0.35268214285714283,0.30085000000000006,0.30764979839325,0.0708398222923279,0.07116488118337076,4.746789655172414,2.7182251811027536,0.00383
"Data/After_May/MATLAB 1-19 PM Tue, Sep 10, 2024 Run12 .csv",5.962456590772572,260.3702779190322,0.33510359533054107,122.09347545649801,0.0713818479257605,0.26113157894736844,0.28465000000000007,0.26321186542511,0.18981409907341,0.02737537032377636,9.62567012987013,14.582326337099081,0.004055
"Data/After_May/MATLAB 4-18 PM Wed, Nov 6, 2024 Run12 .csv",5.424522684322972,218.71536517136093,0.21806940913377623,133.52018992687016,0.0021242955488696203,0.1006,0.1008,0.200400556325912,0.17240099608898152,0.0190174435999878,0.951825,3.473724657297133,0.0048
"Data/After_May/MATLAB 2-40 PM Fri, Jun 14, 2024 Run15 .csv",5.503511525588197,224.16377762910858,0.18193725907872438,75.8116318734683,0.37614313009941813,0.9553888888888888,0.9486000000000008,0.0674536466598511,0.05956295788288115,0.010574103080023895,4.473509999999999,0.554049655199051,0.00018
"Data/After_May/MATLAB 4-43 PM Tue, Oct 1, 2024 Run7 .csv",6.0967867419496535,290.11956521809316,0.25725621477065413,116.65428192360389,0.017004746006673583,0.05835146198830409,0.04915000000000003,0.0867432820796967,0.0742645502090454,0.004810315001710696,9.889600874635569,25.4405906867981,0.004985
"Data/After_May/MATLAB 5-05 PM Thu, Oct 10, 2024 Run14.csv",5.748273773679715,261.6706175984845,0.2152258363959502,122.2256614389987,0.0344689391200303,0.3678962962962963,0.3612000000000002,0.0884235191345215,0.08075964629650115,0.0040560979229579235,4.734685714285715,2.252413994073868,0.00045
"Data/After_May/MATLAB 1-53 PM Tue, Oct 29, 2024 Run14 .csv",4.902515817291889,181.20889762909096,0.18693818557960132,107.2146496781248,0.021102428538781293,0.304253125,0.30374999999999974,0.423979388475418,0.221317098140717,0.07906700767247825,4.943148484848486,9.17200350046158,0.00254
"Data/After_May/MATLAB 2-08 PM Tue, Oct 29, 2024 Run19 .csv",5.71685955731362,225.3871976507632,0.25633542201236115,132.5770245355275,0.13279999999999959,8.0485,8.0485,0.20367364525795,0.191003437042236,0.007209981677047347,8.266566666666668,0.581360735893249,1e-05
"Data/After_May/MATLAB 3-52 PM Thu, Aug 29, 2024 Run2 .csv",5.918045386977133,240.11345168497587,0.4016675443638851,134.83914803233483,1.052304352889938,0.9593666666666666,0.8328000000000002,0.122163835763931,0.03857991337776185,0.029209929035085642,3.4173699999999996,0.5074926316738128,0.00066
"Data/After_May/MATLAB 12-18 PM Tue, Sep 10, 2024 Run3 .csv",6.0359121032422465,231.5557577421548,0.4269232819769675,161.09354429363728,1.2450339197744333,3.2013833333333337,3.2890999999999995,0.0689366245269775,0.0412284553050995,0.01538571043697405,9.338085714285715,0.2692864203453064,0.00029
"Data/After_May/MATLAB 4-22 PM Thu, Sep 5, 2024 Run6 .csv",5.556291407906935,247.80041413005807,0.2296810329243242,131.521498413944,0.286459794037488,0.91302,0.9826000000000001,0.433774881362915,0.403957902193069,0.1110693229561837,4.542445454545455,3.7228083956241593,0.00059
"Data/After_May/MATLAB 3-51 PM Tue, Sep 17, 2024 Run4 .csv",5.961197287211403,297.61017619072095,0.28104261741927383,106.02734263973095,0.5655860154152798,0.81055,0.70905,0.287377079725266,0.192139444351196,0.07644570827053344,5.300715384615385,2.219255816936493,0.00363
"Data/After_May/MATLAB 3-17 PM Fri, Sep 13, 2024 Run11 .csv",5.800302669714373,295.88293589457675,0.20254522602740513,94.07892318720184,2.9444326658967768,1.9336,0.8620999999999999,0.290366166830063,0.2404358184337615,0.03982902785421235,8.232162500000001,3.710498008728027,0.00048333333333333334
"Data/After_May/MATLAB 2-17 PM Thu, Oct 24, 2024 Run4 .csv",5.723539439036425,230.96076481183832,0.3084786984765673,127.97537751790861,0.02575894262193245,0.20584999999999998,0.20284999999999997,0.323673412799835,0.170938258171082,0.02334959283492566,9.807772164948455,16.9716953933239,0.00062
"Data/After_May/MATLAB 2-36 PM Fri, Jun 14, 2024 Run14 .csv",5.564788653685494,203.791833358144,0.20231811596844976,77.44091431821998,0.6040215626641696,1.2168428571428573,1.1740999999999997,0.0492672491073608,0.044073935151100155,0.00623354169778693,4.089762500000001,0.3398955714702605,0.00017
"Data/After_May/MATLAB 4-02 PM Thu, Sep 5, 2024 Run2 .csv",5.604987264821114,247.40542405750637,0.24115038228249938,129.7214144665918,0.4475092556333903,1.4012428571428572,1.3062999999999998,0.364550399780273,0.334575356245041,0.09299267517472073,5.1203625,2.3218267393112177,0.00108
"Data/After_May/MATLAB 2-48 PM Thu, Oct 31, 2024 Run19 .csv",5.618409716058125,255.56959377121876,0.22791386763329707,131.1034753063555,0.6522579260084279,2.205828571428571,2.4632999999999994,0.110282664299011,0.09119510710239409,0.007141189031036441,9.1323875,0.7420305931568143,7e-05
"Data/After_May/MATLAB 2-24 PM Tue, Jun 11, 2024 Run2 .csv",5.7197391102659445,209.8610540125284,0.24754351530420227,93.96584335132115,0.04158603065255387,0.12276049382716049,0.12159999999999993,0.139968565702438,0.0824964267015457,0.030324845560819633,5.252398780487805,6.797967972755433,0.00384
"Data/After_May/MATLAB 1-29 PM Thu, Nov 7, 2024 Run12 .csv",5.281036348782035,210.3271137879277,0.21177115244358527,132.6274335865791,0.021586844047648553,0.06239375,0.058499999999999996,0.195831468105316,0.162954080104828,0.026919138541272775,0.49420000000000003,2.5930092895030987,0.0094
"Data/After_May/MATLAB 4-24 PM Thu, Oct 17, 2024 Run16 .csv",5.446397568331509,229.36022320259787,0.25299610840819003,131.598181536145,0.0008381527307119973,0.23295,0.23304999999999998,0.110241541862488,0.0976567912101746,0.008542781044739533,0.4861599999999999,0.497825646400452,0.0006
"Data/After_May/MATLAB 12-28 PM Thu, Nov 7, 2024 Run5 .csv",5.806787933916546,246.85090834982336,0.3138793082734516,123.03655039261442,0.0013556456520230548,0.47393170731707307,0.47380000000000067,0.343083202838898,0.31267026960849753,0.03750337605617232,9.830066666666667,12.520632420778277,0.000265
"Data/After_May/MATLAB 1-43 PM Tue, Oct 29, 2024 Run11 .csv",5.580144545962247,214.89234275081995,0.244862794936834,131.32175161220778,0.05592870773581851,0.1625439024390244,0.15510000000000002,0.412684854269028,0.22277341067791,0.03479322767451391,9.977671774193551,28.232374911308295,0.00417
"Data/After_May/MATLAB 1-20 PM Thu, Aug 22, 2024 Run6 .csv",5.964753861842889,263.81668572755535,0.3389732951884741,128.31843138555467,0.4423330437577551,0.38554,0.2634,0.346063294410706,0.1077854400873185,0.07198214404760289,5.179715384615384,3.3363500177860277,0.00264
"Data/After_May/MATLAB 4-12 PM Thu, Oct 3, 2024 Run15 .csv",5.901425883842765,242.23047920776318,0.24136963639212286,116.76909430563576,0.17492874629686142,0.8671090909090909,0.9389000000000003,0.276271451711655,0.25844134151935605,0.017315493924420427,5.156383333333333,3.0680184090137486,0.00023
"Data/After_May/MATLAB 4-20 PM Thu, Oct 17, 2024 Run14 .csv",5.387957502792279,226.96936398407547,0.23362842836930658,129.61355595645304,0.0006749149606295839,0.1253857142857143,0.12519999999999998,0.117378212213516,0.0985306429862976,0.009635967369442347,0.5154000000000001,0.8215472495555876,0.0009
"Data/After_May/MATLAB 2-26 PM Thu, Oct 31, 2024 Run11 .csv",5.617011152248873,242.20925885479977,0.2095923782952097,129.62073108871903,0.018630533350264867,0.07529541984732824,0.08340000000000014,0.160764310359955,0.118059623837471,0.013909993109003992,4.909490151515152,15.660396630764009,0.0048
"Data/After_May/MATLAB 2-25 PM Tue, Jun 4, 2024 Run3 .csv",5.54639050965839,90.19522510409337,0.44155701603317266,113.93815942016138,0.11681967402301167,0.17287543859649124,0.12519999999999998,0.0767800867557526,0.022925437092781102,0.01161103253461253,4.832015517241379,1.5121574485301972,0.00255
"Data/After_May/MATLAB 1-31 PM Tue, Oct 29, 2024 Run7 .csv",5.7024668299712165,222.8087048460047,0.26826903937528157,128.8682468884192,0.015080536685823636,0.35833012048192775,0.36400000000000077,0.251683447360992,0.23777763843536398,0.008609518565939873,14.690772619047618,19.921651287078856,0.00038666666666666667
"Data/After_May/MATLAB 1-50 PM Thu, Nov 7, 2024 Run19 .csv",5.526035120055366,247.13407012852159,0.25381295744081944,142.4657660814485,0.6989600958249017,8.964233333333334,9.1126,0.115124188661575,0.1064120149612425,0.0041950637576980395,13.127675,0.432584258317947,1.3333333333333333e-05
"Data/After_May/MATLAB 2-29 PM Thu, Oct 24, 2024 Run7 .csv",5.566705246370759,207.20291120736616,0.2837783471387994,127.61767348532098,0.061631861044005566,0.14708074074074073,0.14280000000000115,0.355759193897247,0.20991975784301747,0.031343428795334284,9.475628676470588,27.919363775253295,0.004565
"Data/After_May/MATLAB 2-23 PM Mon, Oct 28, 2024 Run5 .csv",5.808875743186828,238.89178166119407,0.2673774358465495,136.69033956801735,0.002272084255459128,0.14033846153846155,0.1401,0.15137747168541,0.1367044723033905,0.006985912306594571,1.0121,1.9462465310096748,0.0007
"Data/After_May/MATLAB 2-54 PM Fri, Sep 13, 2024 Run5 .csv",5.96206074976522,275.0334695647004,0.3116055261314887,111.30339301730032,1.2200944866143222,1.81478,1.9162,0.234854090213776,0.113307412266731,0.04820843025845814,15.994425,1.852776517868041,0.00107
"Data/After_May/MATLAB 4-26 PM Thu, Sep 5, 2024 Run8 .csv",5.597393311144483,270.25786481351554,0.1951451916615427,126.48062108693763,0.01780602516653863,0.17769636363636365,0.18080000000000052,0.208456056118011,0.1891394340991975,0.02748106662481777,5.017,9.984690150022509,0.0006
"Data/After_May/MATLAB 3-02 PM Fri, Aug 23, 2024 Run3 .csv",5.89592864948122,257.8143713738463,0.345308458139225,133.84396889898753,0.4852156896422454,0.442795,0.3710500000000001,0.221074861288071,0.0711238241195679,0.05281950014981869,5.283285714285715,1.7299328768253333,0.00289
"Data/After_May/MATLAB 4-25 PM Thu, Sep 5, 2024 Run7 .csv",4.55306977103742,183.39089193543657,0.14194457568936064,99.84470487719366,0.5327796313257063,2.1917666666666666,1.9624000000000001,0.51224227309227,0.32439626812934896,0.13240778703255046,4.083025,1.299582723379136,0.00038
"Data/After_May/MATLAB 3-33 PM Tue, Oct 8, 2024 Run10 .csv",5.500953614157819,215.31795576570985,0.21134440564337278,115.14272524905324,0.05617314717905695,0.383556,0.3974000000000002,0.417343255281448,0.36217076003551496,0.05018402675932531,5.070234615384615,9.294247010946275,0.00326
"Data/After_May/MATLAB 4-47 PM Tue, Oct 1, 2024 Run8 .csv",5.932498706596419,245.82615982110218,0.27781477197503085,120.89390827917323,0.046587160364229815,0.2737805555555556,0.26869999999999994,0.2398761677742,0.19641232252121,0.009647701907105587,9.833108219178083,14.150711668729784,0.00062
"Data/After_May/MATLAB 4-02 PM Wed, Nov 6, 2024 Run8 .csv",5.748403284889404,224.3902644118784,0.3416221946581061,131.7725209662377,0.004282410511894934,0.5759088235294118,0.5764499999999995,0.402163293361664,0.369537137746811,0.012180382807403566,9.854188571428569,13.00486453175545,0.0002
"Data/After_May/MATLAB 2-45 PM Thu, Oct 31, 2024 Run17 .csv",5.602172078062408,259.547939382141,0.19912994723743033,134.66466828132658,0.0007071067811864958,0.4845,0.4849999999999999,0.104623188972473,0.10221784770488751,0.002029222021650046,0.830075,0.4081099832057954,0.00015
"Data/After_May/MATLAB 2-25 PM Mon, Oct 28, 2024 Run6 .csv",5.4344201565190815,217.4225159850972,0.25541238665400046,126.8124266910474,0.07390322807686689,0.47096190476190475,0.4939,0.277265458106995,0.24969543457031249,0.03352045246450683,5.124218181818182,5.462011169195176,0.00273
"Data/After_May/MATLAB 3-18 PM Tue, Oct 15, 2024 Run9 .csv",4.637765299032793,160.11896989812496,0.1724967058894107,124.41498694283302,0.0009960413137398056,0.21309130434782605,0.21300000000000008,0.27026500582695,0.240489149093628,0.01649097284002661,5.080987234042554,11.450812958478929,0.00066
"Data/After_May/MATLAB 4-38 PM Thu, Oct 10, 2024 Run9 .csv",5.633889614477479,229.9513773182404,0.23000930795746904,125.30341185661548,0.11674500863115851,0.2188522727272727,0.1840499999999996,0.235943192243576,0.18483442902565,0.06549957939339997,5.017880000000001,6.952529863119126,0.00494
"Data/After_May/MATLAB 3-16 PM Fri, Sep 13, 2024 Run10 .csv",5.741783692126081,294.15058430835876,0.1852552328224835,92.68730937428876,0.045565119575533226,0.18340123456790122,0.1741999999999999,0.324026808738709,0.25715273141861,0.03981930745532622,13.388069325153372,39.348820695877095,0.004856666666666666
"Data/After_May/MATLAB 4-16 PM Thu, Sep 5, 2024 Run5 .csv",5.644340647616033,257.2473662725185,0.25178070344778797,127.64198952841444,1.5009399596586133,1.72855,1.3283999999999998,0.185938951969147,0.133980110883713,0.05760710222215356,4.1254599999999995,0.5792204415798196,0.00064
"Data/After_May/MATLAB 2-48 PM Fri, Jun 14, 2024 Run16 .csv",5.628323346346542,223.66621285625513,0.19653138288396038,82.55196559129146,0.11585940594523768,0.25964473684210526,0.26134999999999975,0.0853952372074127,0.0645288133621216,0.02745770943993673,4.589902564102564,2.0333502769470218,0.00475
"Data/After_May/MATLAB 4-12 PM Wed, Nov 6, 2024 Run10 .csv",5.352532784861614,216.71406899027232,0.20670209793965577,135.73507612152255,0.001214711032641105,0.08015645161290322,0.0801000000000005,0.207041187286377,0.174530688524246,0.014791906389388342,5.015183200000001,22.309685791730885,0.00168
"Data/After_May/MATLAB 2-03 PM Thu, Oct 24, 2024 Run1 .csv",5.869338087854204,282.3269574093467,0.35257600073366635,113.60180310226887,0.003357618593758813,0.13863496503496503,0.1396000000000006,0.143418352603912,0.11954388678073899,0.017815710101706444,9.910695833333335,16.683305673599243,0.00155
"Data/After_May/MATLAB 2-40 PM Tue, Oct 22, 2024 Run8 .csv",4.960327945761128,185.63195394359357,0.19588792907186095,130.28046043388812,0.0005114117226984281,0.04515238095238095,0.04519999999999991,0.160098640918732,0.144327865242958,0.014030122042271628,0.5098409090909091,3.114728356599805,0.0023
"Data/After_May/MATLAB 1-25 PM Thu, Nov 7, 2024 Run11 .csv",5.257913498427456,205.27962245183565,0.2175809093527118,129.97987590712737,0.02092678785258238,0.07178823529411764,0.06820000000000015,0.277196063995361,0.158480087518692,0.03117236227026507,2.4546376811594204,11.07658465027809,0.0044
"Data/After_May/MATLAB 2-33 PM Mon, Oct 28, 2024 Run8 .csv",5.328934121658986,207.7684996696118,0.24739928475555983,120.00691077504416,0.06152291167292298,0.524525,0.5298999999999996,0.274575151205063,0.262339298725128,0.0163886991004131,14.640305263157893,14.790112868547439,0.001
"Data/After_May/MATLAB 4-14 PM Thu, Oct 3, 2024 Run16 .csv",5.836186081901799,241.26706727692653,0.23566328843745246,117.2011946581844,1.601341617380738,3.2463666666666664,4.2821,0.263840267658234,0.2552546739578245,0.06354162946636567,5.798075,0.886008596420288,0.00025
"Data/After_May/MATLAB 1-04 PM Tue, Sep 10, 2024 Run9 .csv",5.99774079384499,274.14131015768555,0.35784253924093606,127.85431535802878,1.445402696094604,1.388957142857143,0.9815499999999995,0.186107296943665,0.128339269161224,0.04598173629265843,10.233053333333334,1.6989169216156013,0.0015
"Data/After_May/MATLAB 3-53 PM Thu, Oct 3, 2024 Run9 .csv",5.949352558768856,242.5385179622719,0.25652408848078256,118.29482750920036,0.1833307456867222,0.8318636363636365,0.9055,0.350482671260834,0.3305845522880555,0.04350104833211733,4.354191666666666,3.8359715580940237,0.00066
"Data/After_May/MATLAB 12-29 PM Fri, Sep 6, 2024 Run2 .csv",5.795777136564452,271.6977250786165,0.2164255224753781,101.22998731384574,0.02472646889411146,0.33400344827586215,0.33299999999999974,0.212869650125504,0.19803473114967302,0.008071543558846121,5.1059,5.962569530010223,0.00029
"Data/After_May/MATLAB 2-47 PM Mon, Oct 28, 2024 Run10 .csv",5.493377718647107,206.8822764236108,0.23735083927604872,123.18926455714112,0.033090780196559026,0.12322278481012659,0.1373000000000002,0.330546000003815,0.1413811856508255,0.0572225026599111,4.91033875,13.132335089445117,0.00451
"Data/After_May/MATLAB 4-57 PM Tue, Oct 1, 2024 Run11 .csv",5.856574870101071,244.3410360715801,0.2345644755429441,118.73476875508044,0.1782487547542159,0.6918999999999998,0.7439999999999998,0.235541605949402,0.211041629314423,0.02450330688569495,4.887466666666667,3.1536398196220414,0.00076
"Data/After_May/MATLAB 3-26 PM Wed, Sep 18, 2024 Run12 .csv",5.87765095243028,312.7831116421224,0.23952391263498282,107.00414895715322,0.011166962702543607,0.394788,0.39329999999999954,0.268025760650635,0.233038598895073,0.023404442285324564,4.959038461538461,5.970879474878312,0.00048
"Data/After_May/MATLAB 1-38 PM Thu, Nov 7, 2024 Run15 .csv",5.457528128673018,227.68631736481572,0.22911352030759646,137.43260141639652,0.012256755506884988,0.14988333333333334,0.15394999999999995,0.206994282007217,0.127207759618759,0.028072242418568736,1.0052615384615384,1.8284911489486677,0.0013
"Data/After_May/MATLAB 2-31 PM Fri, Jun 14, 2024 Run12 .csv",5.59877744866326,182.16395336360785,0.19671586884818953,70.67574201437708,0.16377108685262126,2.5697666666666668,2.4869000000000003,0.0245880043506622,0.0222057944536209,0.003021405430476481,5.1752,0.08587971091270441,6e-05
"Data/After_May/MATLAB 3-36 PM Tue, Oct 8, 2024 Run11 .csv",5.718590130987161,228.67846550430033,0.2308763546579784,121.3343245879626,0.40893571479067575,1.112603846153846,1.1775000000000002,0.333274216651917,0.308065520524979,0.0450104457244214,12.639659259259258,7.964195132255557,0.0007833333333333334
"Data/After_May/MATLAB 3-11 PM Thu, Oct 24, 2024 Run14.csv",5.541332004252547,204.53267378708108,0.30503439789016346,138.13209607997877,0.05447161407761163,0.12698910256410256,0.12405,0.241442033052444,0.187416146993637,0.022331217671513096,10.079968789808918,29.643431564569475,0.002295
"Data/After_May/MATLAB 4-52 PM Tue, Oct 1, 2024 Run9 .csv",5.903564689465084,247.27200288683088,0.24201311061439026,119.41369592284872,0.08932273805637744,0.3372862068965517,0.37319999999999887,0.251713646650314,0.20088856399059302,0.019578202215313388,4.983266666666666,5.977049767971039,0.00133
"Data/After_May/MATLAB 2-55 PM Tue, Oct 22, 2024 Run12 .csv",5.296173261637172,213.6081135868813,0.22630401397204852,132.49465559387676,0.0008825756781486958,0.07633371647509578,0.07639999999999958,0.151978244781494,0.13224397301673851,0.01496389513086622,10.046720610687021,33.619795763492576,0.001925
"Data/After_May/MATLAB 4-05 PM Wed, Nov 6, 2024 Run9 .csv",5.699452281466664,224.30604410861898,0.28677890866175926,131.43395554488464,0.025739361340604873,1.5608833333333336,1.57,0.416286280155182,0.394019123315811,0.010178794998764772,4.751757142857143,2.777227524518967,6e-05
"Data/After_May/MATLAB 12-34 PM Tue, Sep 10, 2024 Run5 .csv",5.970274408318185,291.44607606165687,0.32842210920629933,132.03015191179097,2.8049500006952,3.19984,2.2455,0.0716609859466553,0.0535035026073456,0.015243606495904385,8.094383333333333,0.3205673837661744,0.00033
"Data/After_May/MATLAB 12-47 PM Thu, Nov 7, 2024 Run6 .csv",5.899154286286931,252.81302495339483,0.29637865559889853,127.79479544970103,0.0008475163854868423,0.37566923076923076,0.3755000000000006,0.334845864772797,0.292983224391937,0.036545061462083576,4.9886888888888885,7.83562519192696,0.0003
"Data/After_May/MATLAB 3-41 PM Thu, Oct 3, 2024 Run6 .csv",5.956833719299808,245.1307358053832,0.2542695265380705,118.03708052245045,0.00461008028527544,0.37418461538461545,0.3733500000000003,0.260968765020371,0.249651741981506,0.009613244130673826,4.963896296296296,6.675340867042543,0.00047
"Data/After_May/MATLAB 3-54 PM Thu, Oct 3, 2024 Run10 .csv",5.885083486727167,239.8006381828998,0.23872726060170493,118.52995785889405,1.3831461045987394,2.2822,3.174,0.344195436239243,0.31814662158489204,0.053951704301190034,2.7727500000000003,1.190903834104538,0.00014
"Data/After_May/MATLAB 3-40 PM Mon, Aug 26, 2024 Run1 .csv",5.896075895357992,230.94614469592221,0.38241208997657794,129.1086103280657,0.30283736919528687,0.35276785714285713,0.2589999999999999,0.285597249269485,0.0571743226051331,0.05704948782717308,4.51436551724138,2.26009425163269,0.00247
"Data/After_May/MATLAB 12-31 PM Fri, Sep 6, 2024 Run4 .csv",5.803688899286318,278.0763463615861,0.22840741974266432,98.45838108841428,1.0401334570964573,1.2918999999999998,0.9766999999999999,0.251082674264908,0.225862412452698,0.06864858616692797,3.137025,1.5565060687065144,0.00189
"Data/After_May/MATLAB 1-14 PM Tue, Sep 10, 2024 Run10 .csv",5.988049510811789,271.30729003069416,0.3303781262596662,123.47686237818772,0.02409179732721925,0.14111631205673758,0.1443999999999992,0.209852933883667,0.14782166600227398,0.01707817765308226,9.800964788732394,21.523114459514623,0.004445
"Data/After_May/MATLAB 1-12 PM Thu, Nov 7, 2024 Run9 .csv",5.632734954703723,221.9356498187878,0.2419337359358961,136.11591283691993,0.0015262290129597676,0.217825,0.21750000000000003,0.253044985532761,0.244559627771378,0.02337254514480589,0.9743555555555558,2.0564707243442557,0.0004
"Data/After_May/MATLAB 3-04 PM Tue, Oct 15, 2024 Run6 .csv",4.900473262802398,174.69748827328252,0.21247366883854596,130.43707917244458,0.0014393738036869517,0.22637651515151516,0.22629999999999928,0.252812386751175,0.227942308187485,0.010279934266901828,14.984766917293234,30.470711538791665,0.00056
"Data/After_May/MATLAB 4-36 PM Thu, Oct 17, 2024 Run22 .csv",5.635342357094461,238.6034480495416,0.31919760807003783,136.61282764175127,0.37704999999999966,10.67305,10.67305,0.0795153713226318,0.0779456508159638,0.003671267555248214,10.930966666666668,0.2285231626033783,1e-05
"Data/After_May/MATLAB 2-39 PM Mon, Oct 28, 2024 Run9 .csv",5.350319820064022,204.61022420960245,0.24708934004428823,119.51855233275056,0.0764297581697358,0.4306545454545455,0.46050000000000013,0.284476662874222,0.2715603625774385,0.030119192870463298,2.366325,3.117771416902543,0.00136
"Data/After_May/MATLAB 3-05 PM Fri, Sep 13, 2024 Run7 .csv",5.766507479932893,284.3639507005695,0.2283435007165982,94.83952355186624,0.04340100941563211,0.14452961165048545,0.14329999999999998,0.459105017185211,0.254304360151291,0.04120508063364865,14.368138647342992,51.99435030937196,0.009806666666666667
"Data/After_May/MATLAB 4-24 PM Thu, Oct 10, 2024 Run6 .csv",5.5876961761428925,220.52225760787886,0.2536223305984817,123.28312834163758,0.031002523076328097,0.2939151515151515,0.28889999999999993,0.212888283729553,0.1831513005495075,0.016705082710420604,5.019438235294118,6.275362845659256,0.00061
"Data/After_May/MATLAB 3-31 PM Tue, Oct 15, 2024 Run11 .csv",5.22666477607657,186.45885082783914,0.23799413573728392,123.9135580225657,0.041097062479506244,0.10943000000000001,0.11185,0.41329333782196,0.260260045528412,0.061109047901729746,5.0819835164835165,24.276825090646746,0.00845
"Data/After_May/MATLAB 4-32 PM Thu, Oct 17, 2024 Run20 .csv",5.363358139260896,223.12506160765682,0.26646599406265253,130.99925160465006,0.08333179165240605,4.3054499999999996,4.2898,0.0950442314147949,0.0884974110126495,0.006063108466918705,8.64138,0.4394703388214111,4e-05
"Data/After_May/MATLAB 12-25 PM Fri, Sep 6, 2024 Run0 .csv",5.785486945087602,273.22210354384686,0.2202502375289837,100.20438470733743,0.048308437449338076,0.19437254901960785,0.21250000000000036,0.236838247776032,0.196290240287781,0.02788665831009206,4.92638076923077,9.956777011156083,0.0044
"Data/After_May/MATLAB 1-51 PM Tue, Oct 29, 2024 Run13 .csv",5.629095667631354,215.4033226659372,0.2443110861511124,131.11668832983466,0.06607293648414873,0.1773693693693694,0.1867000000000001,0.398807317018509,0.21736002743244198,0.030083138907907266,9.982913392857142,24.543218162059784,0.001575
"Data/After_May/MATLAB 12-29 PM Fri, Sep 6, 2024 Run3 .csv",5.827929995443653,270.3903702388137,0.22180522555979784,102.62420971352874,0.00795423175270551,0.2629216216216216,0.2615999999999996,0.22271204829216,0.20757385134696948,0.007125244404067953,5.037494736842105,7.8340175616741154,0.00037
"Data/After_May/MATLAB 2-53 PM Thu, Oct 24, 2024 Run12 .csv",5.523639871939713,207.5661685769758,0.259102859760926,129.00694593851188,0.023730507416583408,0.07393846153846154,0.07874999999999997,0.203301615715027,0.177945135831833,0.012008780798016856,1.0129925925925927,4.797442395687101,0.0024
"Data/After_May/MATLAB 3-50 PM Mon, Aug 26, 2024 Run3 .csv",5.808862433895157,243.37124865067742,0.3161165142488088,131.9629597546027,0.022508450990035466,0.09280280373831774,0.08859999999999957,0.285350514650345,0.1508187848329545,0.03176751793946697,4.984485185185187,16.15001963615418,0.00479
"Data/After_May/MATLAB 3-57 PM Thu, Oct 3, 2024 Run12 .csv",5.977844615663342,246.56462390252588,0.2567499433355506,119.18290258963965,0.002187000555228798,0.27986,0.27959999999999985,0.271329691410065,0.25407754421234097,0.011529977795494844,4.987166666666665,9.073229978084566,0.00041
"Data/After_May/MATLAB 3-19 PM Wed, Sep 18, 2024 Run10 .csv",5.8882899715213695,308.8226769007687,0.25002191933627915,108.31635018807292,0.026630345464406017,0.08813274336283186,0.08930000000000016,0.399290505647659,0.2525688648223875,0.0543430731109091,4.993557894736843,29.475512592792512,0.01443
"Data/After_May/MATLAB 3-17 PM Wed, Sep 18, 2024 Run9 .csv",5.93001779302419,303.3841960024509,0.2713112469363482,110.58580302828433,0.045623156214081105,0.3153290322580645,0.3252999999999995,0.406903296709061,0.3541791927814485,0.03233951128530161,5.0211125,11.550347888469698,0.00111
"Data/After_May/MATLAB 12-04 PM Thu, Nov 7, 2024 Run0 .csv",5.633234971408024,254.55399954094545,0.28937047157952966,118.51962396836873,0.06794385958683505,1.0479166666666666,1.0406500000000007,0.302906582355499,0.283611806631088,0.029883204276511022,9.775405263157895,5.083564598560332,9.5e-05
"Data/After_May/MATLAB 2-16 PM Thu, Oct 31, 2024 Run9 .csv",5.658834203076757,238.6853019682483,0.23320115276764064,132.61078390528752,0.023067388406563936,0.0740449814126394,0.06819999999999998,0.345226709842682,0.11275611460208901,0.0372701480179912,10.000052592592592,32.722321717739106,0.00384
"Data/After_May/MATLAB 1-05 PM Thu, Aug 22, 2024 Run3 .csv",5.853611594465466,270.38846601407226,0.3108484027805233,131.32269026463715,0.5264018902503785,0.6728615384615385,0.5800000000000001,0.11939835190773,0.03681903779506685,0.02694082316592542,5.1037928571428575,0.6167478775978087,0.00137
"Data/After_May/MATLAB 3-58 PM Thu, Sep 5, 2024 Run1 .csv",5.53541547189896,249.54767251703242,0.21881918987776539,131.31803250455852,0.1495477570403597,0.5466944444444445,0.6025499999999999,0.356710792779923,0.291962873935699,0.06910938041625773,5.0532894736842096,5.41819264292717,0.00163
"Data/After_May/MATLAB 3-41 PM Tue, Oct 15, 2024 Run16 .csv",5.428088959040109,221.2011124079278,0.27863203513003604,122.74619349989712,0.4955500000000006,11.69875,11.69875,0.171992663145065,0.16088317990303,0.005844713435822627,11.637866666666667,0.491493433713912,1e-05
"Data/After_May/MATLAB 3-02 PM Thu, Oct 24, 2024 Run13.csv",5.489744970970822,205.2781185192576,0.2542319757265683,136.04434869086643,0.0486374112397941,0.11753571428571427,0.10964999999999991,0.295415873527527,0.193056988716126,0.0239189449087189,4.96114705882353,16.627413856983186,0.00154
"Data/After_May/MATLAB 2-45 PM Thu, Oct 24, 2024 Run10 .csv",5.802276669065716,223.7330667140264,0.3028942580613282,127.44357897097247,0.0410326002797079,0.0925,0.08550000000000013,0.259828902482986,0.199632402062416,0.0253397546569874,1.027418181818182,4.464434832334518,0.00215
"Data/After_May/MATLAB 3-47 PM Tue, Oct 8, 2024 Run13 .csv",5.815185417502823,233.38868412588653,0.23869877056108826,121.41333925607505,0.2689236711410879,0.9853099999999999,1.0734999999999997,0.323950346708298,0.304129332304001,0.06407405429005114,4.67360909090909,3.1680275321006786,0.00199
"Data/After_May/MATLAB 3-56 PM Thu, Oct 10, 2024 Run2 .csv",5.614381460449804,314.82698674200174,0.2976177878158583,163.06771316770778,0.3398000000000012,0.4836999999999998,0.4836999999999998,0.0448369491100311,0.0285704553127289,0.008608529502314636,8.528633333333334,0.0984908056259155,5.5e-05
"Data/After_May/MATLAB 2-13 PM Thu, Oct 31, 2024 Run7 .csv",5.693990716356767,252.27005046215848,0.21440832180512673,136.70253258923725,0.011190190200268828,0.06804137931034483,0.06570000000000009,0.208690582513809,0.1087691658735275,0.018762642413002042,1.0035633333333334,3.3758770322799663,0.00235
"Data/After_May/MATLAB 2-34 PM Fri, Jun 14, 2024 Run13 .csv",5.489959545824957,188.86714377252756,0.17764611763060398,74.11634884881153,0.5386150358790589,1.5520249999999998,1.2918000000000003,0.0351230585575104,0.0313333690166473,0.003997208215785395,6.347240000000001,0.1552339851856231,9e-05
"Data/After_May/MATLAB 4-05 PM Thu, Oct 3, 2024 Run13 .csv",5.936164186863348,244.95173378052257,0.24250285892019557,117.88700307006991,0.0019047838540402883,0.3515035714285714,0.3512499999999996,0.277620139122009,0.257644273042679,0.01114886911226804,5.005699999999999,7.562531733512883,0.00032
"Data/After_May/MATLAB 1-04 PM Thu, Aug 22, 2024 Run2.csv",5.897196068948194,279.96570068177425,0.3154605749041982,126.93191369701616,0.3621314859619361,0.575775,0.5656500000000002,0.0800017726421356,0.0333901333808899,0.01679267885360859,5.396300000000001,0.6206339478492738,0.00121
"Data/After_May/MATLAB 2-30 PM Tue, Oct 22, 2024 Run7 .csv",5.581182614595319,232.4691063550061,0.26519132871709683,123.13083070990359,0.0003954761485640384,0.05563529411764706,0.055499999999999994,0.146907334327698,0.13073722124099751,0.01567550319892587,0.5193,2.304807190895082,0.0018
"Data/After_May/MATLAB 1-00 PM Fri, Jun 28, 2024 Run8 .csv",5.439864168409741,191.0855130804597,0.2830121705965989,100.93886338780614,0.01570958402303811,0.30438387096774194,0.3038999999999987,0.105258016586304,0.09225722253322605,0.014027469161391342,4.903490625,2.8846483242511765,0.00462
"Data/After_May/MATLAB 4-21 PM Wed, Nov 6, 2024 Run13 .csv",5.39772535313287,213.96750311100058,0.22015521123387902,134.95053381125894,0.0012093984571261646,0.1558909090909091,0.15590000000000015,0.214429732561111,0.18504261136055,0.01338584663236531,0.9976916666666665,2.269169459342956,0.0006
"Data/After_May/MATLAB 4-38 PM Thu, Oct 17, 2024 Run23 .csv",5.507683729190678,235.5034421731127,0.29360198456014974,134.904962375894,0.20335000000000036,14.53455,14.53455,0.0756639981269837,0.0745800364017487,0.001392937870586153,14.570066666666667,0.222564264535904,1e-05
"Data/After_May/MATLAB 4-09 PM Thu, Oct 3, 2024 Run14 .csv",5.928660944600168,245.70349269762607,0.2401883335447926,118.18159559088555,0.001304184036093189,0.3808480000000001,0.3808,0.282955132722855,0.2602700048685075,0.014661532525701414,4.860976923076923,6.795792981386187,0.00026
"Data/After_May/MATLAB 3-55 PM Tue, Sep 17, 2024 Run5 .csv",5.900410728789755,307.730886640844,0.24730668589437443,103.02715438409057,0.005914743448601848,0.04804299516908213,0.04699999999999971,0.290885337591171,0.1413792580366135,0.027150374546910588,4.9876038461538466,28.795569168329237,0.00739
"Data/After_May/MATLAB 2-11 PM Tue, Oct 22, 2024 Run4 .csv",5.4070929102881085,214.9962168025012,0.24884444895476293,133.62178218834163,0.0005040112743420259,0.06056341463414635,0.06059999999999999,0.138062155246735,0.124577208757401,0.014169456867767582,2.4860060240963855,9.91032279372215,0.0022
"Data/After_May/MATLAB 3-00 PM Tue, Oct 15, 2024 Run5 .csv",4.667262011274818,164.8113432963991,0.18188063724617937,129.68786199772237,0.013776377940992506,0.13854195804195804,0.1399000000000008,0.216375980377197,0.188150568008423,0.013468139759921154,9.56718888888889,27.026324527263643,0.002785
"Data/After_May/MATLAB 1-23 PM Tue, Sep 10, 2024 Run15 .csv",5.991510121210723,268.67586711716865,0.33468994012590136,121.23532119975337,1.2866501216552833,1.5644666666666665,1.08305,0.19513431429863,0.109758995771408,0.052975181543354885,10.027107692307691,1.3897475206851966,0.00189
"Data/After_May/MATLAB 4-34 PM Thu, Sep 5, 2024 Run10 .csv",5.740758371233639,303.87208771750994,0.1803795532479031,122.0003702190767,0.01962207404788874,0.07638846153846153,0.07174999999999931,0.192451075315475,0.039959442615509,0.01892836426155791,5.1046190839694665,5.535045258998871,0.00493
"Data/After_May/MATLAB 12-54 PM Fri, Jun 28, 2024 Run7 .csv",5.160889836646129,176.71661085955378,0.17762513002704103,81.92116977683821,0.07239223272089954,0.2507051282051282,0.23650000000000126,0.0938169836997986,0.0857312846183777,0.0075414437477047125,4.9738525,3.3595340764522557,0.00211
"Data/After_May/MATLAB 2-21 PM Fri, Jun 14, 2024 Run7 .csv",5.520570283925928,86.44284833342743,0.42381080071826444,119.04539155973609,2.309299725024883,2.9449,2.092,0.0199585175514221,0.017765856385231,0.001671504493077588,3.8976749999999996,0.0716616284847259,5e-05
"Data/After_May/MATLAB 2-21 PM Mon, Oct 28, 2024 Run4 .csv",5.846054482182055,238.139299264545,0.2769046385254568,136.21491563484284,0.001621992280054443,0.1399112676056338,0.13999999999999968,0.152325857877731,0.1360879570245745,0.008698284679168028,5.001598611111111,9.978448535203935,0.00091
"Data/After_May/MATLAB 5-01 PM Thu, Oct 10, 2024 Run13.csv",5.744145354559768,265.10525403114895,0.20574328089617994,122.27686844738741,0.00319028560579942,0.08872522522522522,0.08859999999999957,0.0836623120307922,0.0784269118309021,0.0037916978028876137,4.928601785714286,8.705477811098099,0.00269
"Data/After_May/MATLAB 3-19 PM Thu, Oct 17, 2024 Run4 .csv",5.2640431861765995,203.07827171752635,0.24494716781389117,134.50175340168175,0.0008929416979640772,0.06545886214442014,0.06540000000000035,0.129449574947357,0.10424634039402,0.008045033412124132,15.042062008733625,48.263170285224916,0.0023366666666666666
"Data/After_May/MATLAB 3-48 PM Mon, Aug 26, 2024 Run2 .csv",5.720281351267827,232.08866037951,0.3349164527529708,136.91853472682854,0.15826395009603425,0.24291000000000001,0.19295000000000018,0.247574416399002,0.0598999691009522,0.04915427520712053,5.312621951219512,2.98118709921837,0.00461
"Data/After_May/MATLAB 3-47 PM Thu, Oct 3, 2024 Run7 .csv",5.947528957061191,243.81748106564572,0.25781684139501265,118.71855541212769,0.001623058280474926,0.43785,0.4374999999999998,0.32564728975296,0.320112466812134,0.005262868853628336,5.175165217391304,7.337934478521346,0.00025
"Data/After_May/MATLAB 4-00 PM Wed, Nov 6, 2024 Run7 .csv",5.703865658621319,226.19129857814787,0.2870078748338931,130.5595875452013,0.002634862425251164,0.5886,0.5896499999999999,0.404300374984741,0.369762668609619,0.01907154792588296,2.378322222222222,3.3396912157535557,0.00016
"Data/After_May/MATLAB 2-58 PM Fri, Jun 14, 2024 Run19 .csv",5.754405354300305,230.0857000933406,0.21481114941400592,92.95070666129203,0.04719510961528361,0.11818214285714285,0.10650000000000048,0.0921393167972565,0.0678783643245697,0.018166661214284414,4.9945482352941175,5.58287258028984,0.00271
"Data/After_May/MATLAB 3-28 PM Tue, Oct 15, 2024 Run10 .csv",4.908428214920217,175.57765377480925,0.18989377120719206,122.15499678393707,0.0010986416195942015,0.14547794117647056,0.1452,0.268695927858353,0.240573964118958,0.017645620929238912,4.995165217391303,16.46203162550927,0.001
"Data/After_May/MATLAB 2-28 PM Thu, Oct 31, 2024 Run12 .csv",5.412275109283332,231.93012596275167,0.19933382339117037,127.59276738982456,0.023086970871034604,0.07907600000000001,0.08829999999999999,0.136592670679092,0.115956918001175,0.01062390415571423,1.018003846153846,3.026505309343339,0.0036
"Data/After_May/MATLAB 4-08 PM Thu, Sep 5, 2024 Run3 .csv",5.5578809302598415,248.59377532333502,0.2280492584551098,132.07822490688673,0.4244824128782899,0.8193545454545454,0.9014999999999995,0.372094439268112,0.3471501475572585,0.11726370036544459,5.0385583333333335,3.321457912921906,0.00246
"Data/After_May/MATLAB 2-51 PM Thu, Oct 31, 2024 Run20 .csv",5.604886459598433,252.9941163675096,0.2582337850462788,131.825569002082,0.3291499999999994,7.964849999999999,7.964849999999999,0.0876980936527252,0.0854202961921692,0.0017379839908264268,7.956533333333333,0.2565628814697266,1.5e-05
"Data/After_May/MATLAB 1-02 PM Thu, Nov 7, 2024 Run8 .csv",5.700523466214683,229.4871843404762,0.2598886543822651,135.69178422590403,0.0009449338601193526,0.23581000000000002,0.23560000000000014,0.286735184192657,0.255192347764969,0.022655228731234853,2.4587666666666665,5.321330028772355,0.0004
"Data/After_May/MATLAB 1-10 PM Thu, Aug 22, 2024 Run4 .csv",5.973586549939023,274.2147125761197,0.33271134670491187,122.37486758534331,0.2986096938703705,0.5746882352941176,0.5042,0.177228705883026,0.0685581696033478,0.054286181119172154,4.384111111111111,1.5321397399902337,0.00401
"Data/After_May/MATLAB 3-05 PM Tue, Oct 15, 2024 Run7 .csv",4.892839786706952,174.48946174028717,0.21515458542234833,130.7717000693892,0.0014162351541669484,0.23125581395348838,0.23150000000000048,0.259016091823578,0.2310451245307925,0.011976608950682775,14.964689230769231,30.246422059535984,0.00059
"Data/After_May/MATLAB 4-59 PM Tue, Oct 1, 2024 Run12 .csv",5.896155905072321,243.7728296862253,0.24887352236721144,118.87445454476646,0.007067103410682905,1.0632777777777778,1.064,0.237227625846863,0.2198697811365125,0.015484043994647603,4.879900000000001,2.188147978782653,0.0001
"Data/After_May/MATLAB 3-57 PM Thu, Aug 29, 2024 Run4 .csv",5.888417958702932,251.15151437700163,0.3329715868863154,127.54031979623831,0.003532227333877143,0.1605672131147541,0.1600999999999999,0.22201168179512,0.20894567012786852,0.009747347206908905,5.012137096774193,12.812730227708816,0.00105
"Data/After_May/MATLAB 2-56 PM Thu, Oct 3, 2024 Run3 .csv",5.922691763177221,236.33136651687104,0.3208844891389059,127.00280594908632,0.052644534379173664,0.41884999999999994,0.4292500000000002,0.200037522315979,0.161695990562439,0.027412293013017883,8.361668292682927,6.814969530105593,0.00498
"Data/After_May/MATLAB 1-44 PM Thu, Nov 7, 2024 Run17 .csv",5.444256113964105,233.47845159831613,0.21539657792223926,141.56035549916518,0.001640858311981832,0.194772,0.19490000000000007,0.139964067935944,0.12949680149555198,0.007177622436656702,2.5289269230769227,3.332245484590531,0.0007
"Data/After_May/MATLAB 2-58 PM Wed, Sep 18, 2024 Run5 .csv",5.925452298497291,309.9202440215721,0.2678045824112753,110.1123810794525,0.05458031610500671,0.2747228571428571,0.2911999999999999,0.285358225107193,0.259544579386711,0.029827632403490976,5.071655555555555,9.133322066068649,0.00222
"Data/After_May/MATLAB 3-21 PM Thu, Oct 24, 2024 Run17.csv",5.481935430857014,218.95177918665377,0.27376802382288395,142.35156912358786,2.5188321179467286,4.79436,5.7693,0.155733237266541,0.15027069985866548,0.010615151297344614,11.985666666666667,0.882580655813218,2e-05
"Data/After_May/MATLAB 3-38 PM Tue, Oct 8, 2024 Run12 .csv",5.856647274963258,232.3543460541775,0.25729661982695334,122.6881521501698,3.2076057562456146,7.1709499999999995,7.651400000000001,0.290298057794571,0.277730655670166,0.033201330807284844,12.2951,1.316202613115312,5.333333333333333e-05
"Data/After_May/MATLAB 1-36 PM Tue, Oct 29, 2024 Run9 .csv",5.756141170144571,222.64199540888407,0.27043000602579653,130.51112632503433,0.0010374794631045397,0.43449999999999994,0.4343999999999997,0.245798441171646,0.2309214359521865,0.010415284261662851,2.471258333333333,2.7706370115280143,0.00032
"Data/After_May/MATLAB 4-56 PM Tue, Oct 1, 2024 Run10 .csv",5.887463497355732,244.09351241909488,0.24669520366067402,119.78131861974956,0.008352660580647854,0.6827142857142858,0.6834,0.233602426052094,0.210592495203018,0.01611873990830689,4.894140000000001,3.2391841256618497,0.00017
"Data/After_May/MATLAB 3-13 PM Mon, Oct 28, 2024 Run16 .csv",5.716968748143765,231.10968665345945,0.25255707566020397,133.03699252326635,1.1428706266094453,2.89535,2.9499000000000004,0.166798385381699,0.155764721632004,0.04470896160696145,7.952042857142857,0.957303335666658,0.00114
"Data/After_May/MATLAB 3-14 PM Fri, Sep 13, 2024 Run9 .csv",5.773618115159074,287.85236557210175,0.223937536130017,94.05822558275275,0.019138748689556086,0.0847441926345609,0.08549999999999969,0.483572224378586,0.245187708735466,0.0723291058387005,14.38268163841808,90.10401384711267,0.019613333333333333
"Data/After_May/MATLAB 4-30 PM Thu, Oct 17, 2024 Run19 .csv",5.548345647176452,234.70748788310217,0.27501387107503805,133.55249052607323,0.030148341579596047,2.10625,2.0912500000000005,0.0991564750671387,0.0920133793354034,0.0032129708578486978,4.30842,0.46695104956626887,6e-05
"Data/After_May/MATLAB 3-33 PM Mon, Aug 26, 2024 Run0 .csv",6.14719700464534,237.08671189567957,0.5493609510452726,137.55080173256368,0.8288499999999996,1.91675,1.91675,0.0193500339984894,0.0189458775520325,0.0017918179202542255,5.947966666666666,0.0536589968204499,3e-05
"Data/After_May/MATLAB 4-09 PM Thu, Sep 5, 2024 Run4 .csv",5.46021449116536,241.66024084368934,0.22149741143054,130.35008102790866,0.18792648440724544,0.5505749999999999,0.6352499999999992,0.384296879768372,0.29560799241066,0.09589709508890999,9.938551351351352,10.438343231678012,0.003545
"Data/After_May/MATLAB 1-30 PM Tue, Sep 10, 2024 Run16 .csv",5.943819102279006,260.45772616948267,0.3047132305329293,118.95986862051483,0.19921561532392218,0.5460499999999999,0.6008500000000003,0.308545496463776,0.194527115821838,0.0428676142738336,10.079435135135137,7.087116529941559,0.00324
"Data/After_May/MATLAB 3-13 PM Tue, Oct 15, 2024 Run8 .csv",4.883466766001316,172.3773327773597,0.20177279501521003,127.94550240493659,0.000992548770199446,0.2362357142857143,0.23619999999999952,0.262593101263046,0.240224423408508,0.013658673478427199,5.00936511627907,10.370581166744234,0.00057
"Data/After_May/MATLAB 3-56 PM Tue, Sep 17, 2024 Run6 .csv",5.940773025912515,304.7916093525962,0.2639411117733993,103.3984573672148,0.012330384068073547,0.052877248677248676,0.046499999999999986,0.339777987003326,0.1484301495552065,0.050533412274722,4.993770526315789,30.48743230700493,0.01555
"Data/After_May/MATLAB 3-52 PM Thu, Oct 3, 2024 Run8 .csv",5.93305149407483,242.36296286686098,0.2528984961500586,118.15752068928488,0.0035339480651722984,0.5449058823529411,0.5434999999999999,0.352392936944962,0.322385123968124,0.01476749697707401,4.939116666666667,5.878553822040559,0.00028
"Data/After_May/MATLAB 4-26 PM Thu, Oct 17, 2024 Run17 .csv",5.487279461787002,231.09373968850866,0.2608813163030381,131.4373754791109,0.010382950604972824,0.34600714285714285,0.3438999999999999,0.106380530595779,0.0986771416664124,0.005640338983733864,4.890837931034482,2.8517285287380227,0.00042
"Data/After_May/MATLAB 1-41 PM Tue, Oct 29, 2024 Run10 .csv",5.445027475842301,204.41154483361976,0.2321010329651345,125.34661327589485,0.053973425148143225,0.16252666666666662,0.16074999999999995,0.412724049091339,0.218017665147781,0.04819211205830191,2.5556129032258066,7.233200130462649,0.00132
"Data/After_May/MATLAB 3-36 PM Tue, Oct 15, 2024 Run12 .csv",5.385950259642039,201.5172103709058,0.2478336386775862,125.02558653458628,0.058364480265902755,0.19188039215686278,0.2338,0.356783399581909,0.25097344279289246,0.041793071154242835,4.915500000000001,13.772134662866593,0.00073
"Data/After_May/MATLAB 4-34 PM Tue, Oct 1, 2024 Run5 .csv",5.904020080592095,266.85391395084486,0.25252354410004646,119.75253306270827,0.21023584111394736,2.519666666666667,2.6201000000000003,0.129160432815552,0.09609092593193055,0.021636050624050284,4.003475,0.3894911575317385,0.00016
"Data/After_May/MATLAB 4-38 PM Tue, Oct 1, 2024 Run6 .csv",5.8444899238120644,273.7834752064368,0.2091481981588938,135.1228896659544,0.01646867145193011,0.05624293785310735,0.0472999999999999,0.0794999504089356,0.0676913857460022,0.0032624502096324573,5.038919101123596,12.153846631050111,0.0048
"Data/After_May/MATLAB 1-45 PM Tue, Oct 29, 2024 Run12 .csv",5.565582953036417,214.01069670598648,0.24920084547470406,131.38521099001014,0.05970586075902546,0.1616471544715447,0.15030000000000143,0.446060209274292,0.22156029880046801,0.03971521714130274,10.067825806451614,28.260845130681993,0.00254
"Data/After_May/MATLAB 4-07 PM Mon, Aug 26, 2024 Run6 .csv",5.661844772615451,224.57808010513628,0.3366600836258749,128.29843298016928,0.0352430632583582,0.08052682926829269,0.0744,0.519653307199478,0.2814091861248015,0.08167972009114564,5.128279838709679,34.284106236696246,0.02081
"Data/After_May/MATLAB 3-38 PM Tue, Oct 15, 2024 Run14 .csv",5.323593237870811,212.3192202269161,0.24342201309689962,122.73512377622667,0.21206515885453703,1.9538800000000003,1.94035,0.23575749874115,0.208193900585175,0.018490296871111055,9.322463636363636,2.3108900988101975,6e-05
"Data/After_May/MATLAB 3-28 PM Wed, Sep 18, 2024 Run13 .csv",5.820695464768746,311.5293592288103,0.22820485911701038,106.01860493686294,0.26103138101576956,2.033525,2.0011,0.250936818122864,0.223954716920853,0.017754320552148324,3.94118,1.128554509878159,8e-05
"Data/After_May/MATLAB 3-06 PM Wed, Sep 18, 2024 Run7 .csv",5.942523423764163,305.31372262022063,0.2750940117372751,111.67760291883556,0.056629409234375414,0.302146875,0.3204500000000001,0.318500981330872,0.304520637989044,0.04039071157486803,4.9654727272727275,9.601029382944107,0.00492
"Data/After_May/MATLAB 4-22 PM Tue, Oct 1, 2024 Run4 .csv",5.990449909303247,247.63847975315375,0.28821718351454756,122.61684100072125,0.3691,1.8203,1.8203,0.169068472385407,0.162073160409927,0.01445570885802722,2.0462333333333333,0.466651626825333,6e-05
"Data/After_May/MATLAB 1-17 PM Tue, Sep 10, 2024 Run11 .csv",5.968856521020374,259.85342177105787,0.3391124585357319,123.31860980839322,0.09634504587376715,0.21051808510638295,0.2534000000000005,0.317890570163727,0.194723089933395,0.0304606748478725,10.001945263157895,18.842015128135685,0.005075
"Data/After_May/MATLAB 2-51 PM Thu, Oct 24, 2024 Run11 .csv",5.545775665602305,206.59245896235348,0.2654258370054658,128.41192034339267,0.026596119895098008,0.0786277777777778,0.0790999999999995,0.278010159730911,0.185236657857895,0.02266108402694294,5.071711023622047,23.624764605760586,0.00616
"Data/After_May/MATLAB 3-05 PM Fri, Jun 14, 2024 Run20 .csv",5.6012473849144815,227.77686609073228,0.1761791569942473,88.22634233518595,0.052456243811322405,0.12683076923076925,0.11324999999999957,0.10124086856842,0.0796143221855164,0.019451273415953117,5.19966075949367,5.642940251827239,0.00485
"Data/After_May/MATLAB 2-23 PM Tue, Oct 22, 2024 Run6 .csv",5.496142992771212,222.0216579329083,0.26512803733964047,129.78786571034695,0.00068924559367453,0.060801219512195116,0.06080000000000005,0.165631536245346,0.140047597885132,0.018782658002228295,9.987760790273555,44.30357825756074,0.002875
"Data/After_May/MATLAB 2-09 PM Tue, Oct 22, 2024 Run3 .csv",5.107882720283426,193.13672140889682,0.22540970524626683,136.58887796322549,0.0013331216143283875,0.05698650190114068,0.05690000000000062,0.145811806917191,0.11510041475296,0.015859919496239324,14.8305275142315,61.594579732418076,0.0028666666666666667
"Data/After_May/MATLAB 3-59 PM Tue, Sep 17, 2024 Run8 .csv",5.734099268056527,303.6687618158374,0.21948523993324662,94.58492752254755,0.04074209154961225,0.19189607843137257,0.18540000000000045,0.177590454816818,0.15242641508579302,0.02236957591250217,4.505863461538461,7.726517087221145,0.00268
"Data/After_May/MATLAB 12-00 PM Tue, Sep 10, 2024 Run1 .csv",5.831550434576444,288.3478761662814,0.3572568807505683,129.84667192044915,2.1073944837168006,3.1043000000000003,3.2575,0.0839206123352051,0.0368534135818481,0.022598220553186298,9.926628571428571,0.3093351757526398,0.000235
