PCA1,PCA2,PCA3,PCA4,PCA5,PCA6,Cluster_2_PCs,Cluster_3_PCs,Cluster_4_PCs,Cluster_5_PCs,Cluster_6_PCs,file_name
2.0581981210188074,-1.8899142711317711,0.4671114228805048,-0.5896539361746196,-0.22764920237152322,0.3533135494844991,0,0,1,0,0,"C:\Users\Andrew\Documents\Acoustic-Space-Boiling\Data\After_May\MATLAB 1-00 PM Fri, Jun 28, 2024 Run8 .csv"
-0.396504354944378,-0.5934223523707306,-1.0792425319051373,0.5925051533029794,0.15251213555475704,0.2158985138598279,5,2,0,2,6,"C:\Users\Andrew\Documents\Acoustic-Space-Boiling\Data\After_May\MATLAB 1-02 PM Thu, Nov 7, 2024 Run8 .csv"
2.85681740148681,0.9214240909113868,0.7458536362999879,-1.7521417067943632,-1.5169090317293699,1.5361329082264534,4,6,4,6,2,"C:\Users\Andrew\Documents\Acoustic-Space-Boiling\Data\After_May\MATLAB 1-04 PM Tue, Sep 10, 2024 Run9 .csv"
1.445441544421869,-0.916476424963305,-0.44253661058105226,-0.6089169552426523,-0.29107870783876816,0.26540082953513433,0,0,1,0,0,"C:\Users\Andrew\Documents\Acoustic-Space-Boiling\Data\After_May\MATLAB 1-10 PM Thu, Aug 22, 2024 Run4 .csv"
-0.15950795654207686,-0.9618134308022899,-1.3200710133206572,0.39685570246141133,0.3170062475708308,0.18965744351000166,5,2,0,2,6,"C:\Users\Andrew\Documents\Acoustic-Space-Boiling\Data\After_May\MATLAB 1-12 PM Thu, Nov 7, 2024 Run9 .csv"
-0.3756106292481309,-0.7712597937767863,1.618030138691407,0.03599825636006097,-0.4724362012312157,-0.21180043788484648,5,5,6,5,4,"C:\Users\Andrew\Documents\Acoustic-Space-Boiling\Data\After_May\MATLAB 1-14 PM Tue, Sep 10, 2024 Run10 .csv"
0.6820250272547934,2.1826399187560805,-2.067776356482649,-1.9452198588789815,-0.8359177738802557,-0.20293673043889748,1,1,4,6,1,"C:\Users\Andrew\Documents\Acoustic-Space-Boiling\Data\After_May\MATLAB 1-15 PM Thu, Aug 22, 2024 Run5 .csv"
-1.430865407437856,0.3254010566010342,1.423581583294836,-0.04400026337172072,-0.182108753338018,0.08338486000425314,2,5,6,5,4,"C:\Users\Andrew\Documents\Acoustic-Space-Boiling\Data\After_May\MATLAB 1-17 PM Tue, Sep 10, 2024 Run11 .csv"
-0.41061478374672733,-0.1921282938786603,0.8397858685752798,0.3204768079621488,-0.5792911883548187,-0.1724351670146294,5,5,6,5,4,"C:\Users\Andrew\Documents\Acoustic-Space-Boiling\Data\After_May\MATLAB 1-19 PM Tue, Sep 10, 2024 Run12 .csv"
0.12733347500305564,0.6840445611537964,-0.8527039378483209,-1.5923001716591323,-1.0322058614281642,-0.8442924084529442,2,1,4,6,6,"C:\Users\Andrew\Documents\Acoustic-Space-Boiling\Data\After_May\MATLAB 1-20 PM Thu, Aug 22, 2024 Run6 .csv"
0.12314062619930487,-1.7978772274512809,-0.5105975523350323,-0.04428949635385796,0.6733392508655528,0.30575742497982256,0,0,0,0,0,"C:\Users\Andrew\Documents\Acoustic-Space-Boiling\Data\After_May\MATLAB 1-21 PM Thu, Nov 7, 2024 Run10 .csv"
2.4611011854986993,0.7232565803145886,0.28801355764031644,-1.6822581681581041,-1.1896172193351169,0.9617605593582071,4,6,4,6,2,"C:\Users\Andrew\Documents\Acoustic-Space-Boiling\Data\After_May\MATLAB 1-23 PM Tue, Sep 10, 2024 Run15 .csv"
-1.0237597615074085,-0.9277299701640024,0.0804118861425877,-0.9548188320394156,1.0277342129027442,-0.0008363674859100883,5,2,0,2,0,"C:\Users\Andrew\Documents\Acoustic-Space-Boiling\Data\After_May\MATLAB 1-25 PM Thu, Nov 7, 2024 Run11 .csv"
-0.6179432632979259,-1.6522848423910288,-0.20046933039179393,-1.1554247375134008,1.569076216319502,0.3111820173502118,5,2,0,0,0,"C:\Users\Andrew\Documents\Acoustic-Space-Boiling\Data\After_May\MATLAB 1-29 PM Thu, Nov 7, 2024 Run12 .csv"
-0.06405394982220265,0.3579181922203207,0.19550270166696843,0.19445235889204204,-0.8604124170988584,-0.580262907598638,2,2,6,2,6,"C:\Users\Andrew\Documents\Acoustic-Space-Boiling\Data\After_May\MATLAB 1-30 PM Tue, Sep 10, 2024 Run16 .csv"
-0.4539706111234457,0.26068901021330904,1.7727180128808488,1.4136988776173034,-1.2200068734252494,0.18498296071230433,2,5,6,5,4,"C:\Users\Andrew\Documents\Acoustic-Space-Boiling\Data\After_May\MATLAB 1-31 PM Tue, Oct 29, 2024 Run7 .csv"
-0.26263546993983833,-1.4047252336596334,-0.5961674463057095,-0.8035684782875601,0.7893057488240011,-0.15026293618887657,5,2,0,0,0,"C:\Users\Andrew\Documents\Acoustic-Space-Boiling\Data\After_May\MATLAB 1-36 PM Thu, Nov 7, 2024 Run14 .csv"
0.0994415283667479,-1.0580285677840406,-0.7555844239371216,0.6600541331975771,0.35840124308779403,0.3634715981885781,5,2,0,2,6,"C:\Users\Andrew\Documents\Acoustic-Space-Boiling\Data\After_May\MATLAB 1-36 PM Tue, Oct 29, 2024 Run9 .csv"
1.0220768815437205,0.9818746298815592,0.01564522710454543,-0.5690666080059485,-1.2574572556256576,-0.2294898231379068,4,6,1,6,2,"C:\Users\Andrew\Documents\Acoustic-Space-Boiling\Data\After_May\MATLAB 1-36 PM Tue, Sep 10, 2024 Run18 .csv"
0.22965685081228285,-1.7050799973011592,-0.5708118701093432,-0.8102565626532496,0.4714994403490018,-0.4079603432062285,0,0,0,0,0,"C:\Users\Andrew\Documents\Acoustic-Space-Boiling\Data\After_May\MATLAB 1-38 PM Thu, Nov 7, 2024 Run15 .csv"
-1.6989217173746252,0.40929064062153425,-1.0890833292133495,-0.6150932375289508,0.9245264882290122,-0.00527923789948601,2,1,2,1,6,"C:\Users\Andrew\Documents\Acoustic-Space-Boiling\Data\After_May\MATLAB 1-41 PM Tue, Oct 29, 2024 Run10 .csv"
-2.157026568747905,1.0445584329176636,1.1204208410383607,0.12135994872968711,0.012375987281011263,0.1594453162450669,3,5,3,5,4,"C:\Users\Andrew\Documents\Acoustic-Space-Boiling\Data\After_May\MATLAB 1-43 PM Tue, Oct 29, 2024 Run11 .csv"
0.7684925686357628,-2.2375243842760617,0.05365110730505217,-0.1807140151473705,0.2212179299088756,-0.11648095093324427,0,0,0,0,0,"C:\Users\Andrew\Documents\Acoustic-Space-Boiling\Data\After_May\MATLAB 1-44 PM Thu, Nov 7, 2024 Run17 .csv"
-2.325528231292812,1.2880261674431706,0.977216033219745,-0.001841786686785789,-0.006478656871899755,0.014125824503886998,3,5,3,5,4,"C:\Users\Andrew\Documents\Acoustic-Space-Boiling\Data\After_May\MATLAB 1-45 PM Tue, Oct 29, 2024 Run12 .csv"
6.323904127238129,2.7919798040290154,2.743192720133292,1.0218677423441935,2.505577622384151,-1.3380177003072549,6,3,5,3,5,"C:\Users\Andrew\Documents\Acoustic-Space-Boiling\Data\After_May\MATLAB 1-50 PM Thu, Nov 7, 2024 Run19 .csv"
-1.820797012078109,0.8531105845444238,0.9795055197409623,0.1974070163838668,-0.07647306951828745,0.13717174520710373,2,5,6,5,4,"C:\Users\Andrew\Documents\Acoustic-Space-Boiling\Data\After_May\MATLAB 1-51 PM Tue, Oct 29, 2024 Run13 .csv"
-1.883904034839386,1.3124332877207645,-1.1718244957148092,-0.9821659481190191,0.30128498623509264,-0.9539194597430131,3,1,2,1,1,"C:\Users\Andrew\Documents\Acoustic-Space-Boiling\Data\After_May\MATLAB 1-53 PM Tue, Oct 29, 2024 Run14 .csv"
-0.34440530459901486,-0.4122361854785958,-0.43717439031341476,0.3341113714591313,0.12310277014016956,0.0009410084166594914,5,2,0,2,6,"C:\Users\Andrew\Documents\Acoustic-Space-Boiling\Data\After_May\MATLAB 1-59 PM Tue, Oct 29, 2024 Run16 .csv"
0.060491006844221755,0.8073378942826598,-0.2864799038063798,1.2917821105159588,-0.7832077778964553,-0.21160605297990798,2,1,2,1,6,"C:\Users\Andrew\Documents\Acoustic-Space-Boiling\Data\After_May\MATLAB 12-04 PM Thu, Nov 7, 2024 Run0 .csv"
-0.482260914352531,0.7165242337930638,-0.13980331759849762,0.9856857664496407,-0.9216590845934121,-0.3735922400992819,2,1,2,1,6,"C:\Users\Andrew\Documents\Acoustic-Space-Boiling\Data\After_May\MATLAB 12-14 PM Thu, Nov 7, 2024 Run2 .csv"
-0.42266095557873085,0.35969942523698784,-1.1967480553043193,0.6805964278529844,-0.280820923326864,-0.3173641743357259,2,1,2,1,6,"C:\Users\Andrew\Documents\Acoustic-Space-Boiling\Data\After_May\MATLAB 12-21 PM Thu, Nov 7, 2024 Run3 .csv"
-0.23695983100048795,-0.846603516683042,-0.012682448530100062,0.14285145728692508,-0.0030578628094979922,0.02276059480048651,5,2,0,2,6,"C:\Users\Andrew\Documents\Acoustic-Space-Boiling\Data\After_May\MATLAB 12-25 PM Fri, Sep 6, 2024 Run0 .csv"
-0.8719371844735352,1.0796374345367794,-0.35140293457627225,1.3099712823612575,-0.9845655968669115,-0.15302361531619899,2,1,2,1,1,"C:\Users\Andrew\Documents\Acoustic-Space-Boiling\Data\After_May\MATLAB 12-28 PM Thu, Nov 7, 2024 Run5 .csv"
0.23023317239071464,-1.1804244912391015,0.04170096745940448,0.5360940087822856,-0.022148184873132682,0.21120237323483843,5,2,0,2,0,"C:\Users\Andrew\Documents\Acoustic-Space-Boiling\Data\After_May\MATLAB 12-29 PM Fri, Sep 6, 2024 Run2 .csv"
-0.09744936930775418,-0.9395951284186518,0.017917532359170818,0.39833935362029677,0.03766368116399566,0.2346885640521006,5,2,0,2,6,"C:\Users\Andrew\Documents\Acoustic-Space-Boiling\Data\After_May\MATLAB 12-29 PM Fri, Sep 6, 2024 Run3 .csv"
1.0270708746838675,0.6097752227947028,-1.2329678745448616,-0.6925956042075636,-0.3568263056200105,0.20294454236550002,4,6,1,6,6,"C:\Users\Andrew\Documents\Acoustic-Space-Boiling\Data\After_May\MATLAB 12-31 PM Fri, Sep 6, 2024 Run4 .csv"
-0.7646984428042429,0.39223023514258953,-1.1100266675911934,0.8287892728777732,-0.2853378489804347,-0.04234150404634111,2,1,2,1,6,"C:\Users\Andrew\Documents\Acoustic-Space-Boiling\Data\After_May\MATLAB 12-47 PM Thu, Nov 7, 2024 Run6 .csv"
-0.41647199084902387,-0.26120559016421024,-1.3747230551015146,0.6712293833168493,0.042541397985264115,0.06224516900127426,5,2,2,2,6,"C:\Users\Andrew\Documents\Acoustic-Space-Boiling\Data\After_May\MATLAB 12-54 PM Thu, Nov 7, 2024 Run7 .csv"
0.668225687950251,-1.317509115771105,1.3927140648174063,0.11600398009491687,-1.0709428028067256,-0.4349123534060808,0,0,0,0,0,"C:\Users\Andrew\Documents\Acoustic-Space-Boiling\Data\After_May\MATLAB 2-03 PM Thu, Oct 24, 2024 Run1 .csv"
4.854788691814595,2.4907005937232025,1.210250102598548,1.7820456880390922,2.8696462247216177,-1.2905410286961854,6,3,5,3,5,"C:\Users\Andrew\Documents\Acoustic-Space-Boiling\Data\After_May\MATLAB 2-08 PM Tue, Oct 29, 2024 Run19 .csv"
-0.6372549172300751,-0.6020043085777945,3.84349951216465,0.14917743001830028,-1.4995611896258956,-0.5992563693067479,5,5,6,5,4,"C:\Users\Andrew\Documents\Acoustic-Space-Boiling\Data\After_May\MATLAB 2-09 PM Tue, Oct 22, 2024 Run3 .csv"
0.6042711460018496,-1.7812010906236788,-0.33687089988019986,-0.08460821890144231,0.040677202878316894,-0.15604871500251025,0,0,0,0,0,"C:\Users\Andrew\Documents\Acoustic-Space-Boiling\Data\After_May\MATLAB 2-10 PM Thu, Oct 24, 2024 Run3 .csv"
0.5306120162564533,-2.1504139244446328,0.2319270565636117,-0.3728984675082454,0.10029483600923901,-0.21319022895153852,0,0,0,0,0,"C:\Users\Andrew\Documents\Acoustic-Space-Boiling\Data\After_May\MATLAB 2-11 PM Tue, Oct 22, 2024 Run4 .csv"
0.35703266859149224,-2.005585092626742,-0.3762483287931935,-0.7490178531369979,0.4178261965162519,-0.40407784209314634,0,0,0,0,0,"C:\Users\Andrew\Documents\Acoustic-Space-Boiling\Data\After_May\MATLAB 2-13 PM Thu, Oct 31, 2024 Run7 .csv"
0.7311848782817573,-2.390845355525516,-0.4103301243277377,-0.48316649159371083,0.33725471412272806,-0.20746137072481338,0,0,0,0,0,"C:\Users\Andrew\Documents\Acoustic-Space-Boiling\Data\After_May\MATLAB 2-14 PM Tue, Oct 22, 2024 Run5 .csv"
-0.5605538495076196,-0.826788245520119,-0.4678623879212635,-1.1403455460796623,0.3224017110237746,-0.8488069296219354,5,2,0,2,0,"C:\Users\Andrew\Documents\Acoustic-Space-Boiling\Data\After_May\MATLAB 2-15 PM Thu, Oct 31, 2024 Run8 .csv"
-1.2498155593181053,0.1016145398869264,1.6895656125857745,-0.7017932014019663,-0.6187700194908476,-0.9861905143766889,2,5,6,5,4,"C:\Users\Andrew\Documents\Acoustic-Space-Boiling\Data\After_May\MATLAB 2-16 PM Thu, Oct 31, 2024 Run9 .csv"
-0.49741056060172434,-0.10076187848147732,0.8346002856958251,0.281064746961239,-0.8426177472243439,-0.5332673721558732,5,5,6,5,4,"C:\Users\Andrew\Documents\Acoustic-Space-Boiling\Data\After_May\MATLAB 2-17 PM Thu, Oct 24, 2024 Run4 .csv"
0.4425885681069471,-1.8420703677697545,0.628900841361066,-0.05023248936837042,-0.08820797548765306,-0.14428088705431907,0,0,0,0,0,"C:\Users\Andrew\Documents\Acoustic-Space-Boiling\Data\After_May\MATLAB 2-21 PM Mon, Oct 28, 2024 Run4 .csv"
0.40465097075819945,-1.750653605496319,-0.7008495572277468,-0.18518282422897045,0.3329662040204671,-0.18030166239939824,0,0,0,0,0,"C:\Users\Andrew\Documents\Acoustic-Space-Boiling\Data\After_May\MATLAB 2-21 PM Thu, Oct 24, 2024 Run5 .csv"
0.682034041879745,-2.325547436048723,-0.28514652696724113,-0.22294577535029475,0.4344469545586811,0.00015311414624038085,0,0,0,0,0,"C:\Users\Andrew\Documents\Acoustic-Space-Boiling\Data\After_May\MATLAB 2-23 PM Mon, Oct 28, 2024 Run5 .csv"
-0.47998238620096045,-0.9702178163344507,0.519053464646386,-0.6223412516346793,0.0369943866654047,-0.5448030363475999,5,2,0,2,0,"C:\Users\Andrew\Documents\Acoustic-Space-Boiling\Data\After_May\MATLAB 2-23 PM Thu, Oct 31, 2024 Run10 .csv"
-0.6968843044911013,-0.8262791655594116,2.6122470561765834,-0.07848463319856344,-0.7991654909213145,-0.4555808569792783,5,5,6,5,4,"C:\Users\Andrew\Documents\Acoustic-Space-Boiling\Data\After_May\MATLAB 2-23 PM Tue, Oct 22, 2024 Run6 .csv"
1.05403898837233,-1.946935781249334,0.4343675077088288,-0.29093080146068256,-0.35990449815225833,-0.3537259784108977,0,0,0,0,0,"C:\Users\Andrew\Documents\Acoustic-Space-Boiling\Data\After_May\MATLAB 2-24 PM Tue, Jun 11, 2024 Run2 .csv"
-0.3273559074679763,-0.04478224182379857,-0.717706608015451,0.42057747599109374,-0.10928266733239975,-0.04700387640687338,5,2,2,2,6,"C:\Users\Andrew\Documents\Acoustic-Space-Boiling\Data\After_May\MATLAB 2-25 PM Mon, Oct 28, 2024 Run6 .csv"
-0.5046379551386178,-0.8193791440305457,-1.1570702352160076,-0.3843463313500351,0.4786374887831096,-0.1512906147595952,5,2,0,2,6,"C:\Users\Andrew\Documents\Acoustic-Space-Boiling\Data\After_May\MATLAB 2-25 PM Thu, Oct 24, 2024 Run6 .csv"
0.07172152793873071,-1.7554570130688707,1.0536794868343375,-0.46324710163594085,0.03488290060889279,-0.2385675380638979,0,0,0,0,0,"C:\Users\Andrew\Documents\Acoustic-Space-Boiling\Data\After_May\MATLAB 2-26 PM Thu, Oct 31, 2024 Run11 .csv"
-0.06893384836133326,-0.39077546073655717,-0.5395242963831179,1.1500459285951732,0.0738106620990907,0.437987771588494,5,2,0,2,6,"C:\Users\Andrew\Documents\Acoustic-Space-Boiling\Data\After_May\MATLAB 2-27 PM Mon, Oct 28, 2024 Run7 .csv"
0.5225908997799343,-2.4287642890531136,0.0008550330334193519,-0.6655386557551466,0.629902022096366,-0.043987218796924035,0,0,0,0,0,"C:\Users\Andrew\Documents\Acoustic-Space-Boiling\Data\After_May\MATLAB 2-28 PM Thu, Oct 31, 2024 Run12 .csv"
-1.5007961314690617,0.6854368797102451,1.0947327280071777,-0.010624323957465435,-0.7307396426225122,-0.5215867485873731,2,5,6,5,4,"C:\Users\Andrew\Documents\Acoustic-Space-Boiling\Data\After_May\MATLAB 2-29 PM Thu, Oct 24, 2024 Run7 .csv"
0.6045449486044013,-2.3016188349109847,-0.44238222943359873,-0.4923107214846023,0.3753323333737239,-0.2293451358671444,0,0,0,0,0,"C:\Users\Andrew\Documents\Acoustic-Space-Boiling\Data\After_May\MATLAB 2-30 PM Tue, Oct 22, 2024 Run7 .csv"
-0.4261507834633012,0.6834976142276658,1.2710042902065288,1.4708774750392513,-1.233108106378569,0.15535789886107004,2,5,6,5,4,"C:\Users\Andrew\Documents\Acoustic-Space-Boiling\Data\After_May\MATLAB 2-33 PM Mon, Oct 28, 2024 Run8 .csv"
-0.45683751890792007,-0.22990145433223744,-1.2691838534253423,0.46370394375440477,0.38048511845173494,0.32706194565635877,5,2,2,2,6,"C:\Users\Andrew\Documents\Acoustic-Space-Boiling\Data\After_May\MATLAB 2-39 PM Mon, Oct 28, 2024 Run9 .csv"
0.24142866764435286,-2.1375381417657104,-0.3632465389629816,-0.4639702448291554,0.7274573992306069,0.10654686866964545,0,0,0,0,0,"C:\Users\Andrew\Documents\Acoustic-Space-Boiling\Data\After_May\MATLAB 2-40 PM Tue, Oct 22, 2024 Run8 .csv"
-0.5100667164368822,-1.0866354592999663,-0.8192603078021472,-0.25296108006098156,0.7135713040827388,0.22820264587467892,5,2,0,2,6,"C:\Users\Andrew\Documents\Acoustic-Space-Boiling\Data\After_May\MATLAB 2-45 PM Thu, Oct 24, 2024 Run10 .csv"
1.7159818171159933,-2.518273154874705,-0.06287292996409159,-0.45228316622974324,0.394577390838731,-0.05212987440412885,0,0,0,0,0,"C:\Users\Andrew\Documents\Acoustic-Space-Boiling\Data\After_May\MATLAB 2-45 PM Thu, Oct 31, 2024 Run17 .csv"
-1.149945473199515,-0.012568706873021142,-0.1120685004763205,-1.2142708473771233,0.2085660062440811,-0.922262958504585,2,2,6,2,6,"C:\Users\Andrew\Documents\Acoustic-Space-Boiling\Data\After_May\MATLAB 2-47 PM Mon, Oct 28, 2024 Run10 .csv"
-0.10242532097534326,-0.7876571264946324,-0.05578221621353556,-0.4964273954201392,-0.3504070904160847,-0.6694231361996575,5,2,0,2,0,"C:\Users\Andrew\Documents\Acoustic-Space-Boiling\Data\After_May\MATLAB 2-48 PM Tue, Jun 11, 2024 Run3 .csv"
0.6149879177551772,-2.3490991609404905,-0.4057672547426803,-0.4359702243115516,0.44803096130486,-0.12774404187703098,0,0,0,0,0,"C:\Users\Andrew\Documents\Acoustic-Space-Boiling\Data\After_May\MATLAB 2-50 PM Tue, Oct 22, 2024 Run10 .csv"
-1.4122354668019699,-0.5077601978457355,1.049008432688608,-0.2603644932678465,0.5153194486240542,0.2515389400456567,5,5,6,5,4,"C:\Users\Andrew\Documents\Acoustic-Space-Boiling\Data\After_May\MATLAB 2-51 PM Thu, Oct 24, 2024 Run11 .csv"
-0.41461297551501813,-1.6575977877789378,-0.20097557425844195,-0.34308487289409195,1.137768970307684,0.5952838551710923,5,2,0,0,0,"C:\Users\Andrew\Documents\Acoustic-Space-Boiling\Data\After_May\MATLAB 2-53 PM Thu, Oct 24, 2024 Run12 .csv"
2.870855538970075,2.190651326814738,1.5254105025566336,-0.8571150695102239,-1.4044949961169908,0.10419465766344588,1,6,4,6,2,"C:\Users\Andrew\Documents\Acoustic-Space-Boiling\Data\After_May\MATLAB 2-54 PM Fri, Sep 13, 2024 Run5 .csv"
-0.20937812782751436,-1.0900133439118593,2.270367826732865,0.0261199731270782,-0.8780902661547484,-0.4436479704372375,5,5,6,5,4,"C:\Users\Andrew\Documents\Acoustic-Space-Boiling\Data\After_May\MATLAB 2-55 PM Tue, Oct 22, 2024 Run12 .csv"
0.46151809480218625,-0.877067575218454,0.567331953613124,0.2751394539924316,-0.6580899059382085,-0.48810897880872994,5,2,0,2,0,"C:\Users\Andrew\Documents\Acoustic-Space-Boiling\Data\After_May\MATLAB 2-56 PM Thu, Oct 3, 2024 Run3 .csv"
-0.8306411682174165,-0.03502150547645119,-0.4876873964550777,0.43543560966140804,0.1825291484495854,0.32768516596718056,2,2,2,2,6,"C:\Users\Andrew\Documents\Acoustic-Space-Boiling\Data\After_May\MATLAB 2-58 PM Wed, Sep 18, 2024 Run5 .csv"
3.5079007337616765,4.132809641604487,0.43333001748239436,-1.4745817699223625,-0.7293108239089898,0.3502129288466375,6,3,4,6,2,"C:\Users\Andrew\Documents\Acoustic-Space-Boiling\Data\After_May\MATLAB 3-00 PM Fri, Sep 13, 2024 Run6 .csv"
-0.6110946162442189,-0.5648500777297981,1.607020940074583,0.44952151409618435,-0.5374752661894973,0.03618637572555447,5,5,6,5,4,"C:\Users\Andrew\Documents\Acoustic-Space-Boiling\Data\After_May\MATLAB 3-00 PM Tue, Oct 15, 2024 Run5 .csv"
1.9813554224963073,0.7580899135797677,-0.159281178406882,-1.20451491331325,-0.7929606645101797,0.3753961439039048,4,6,4,6,2,"C:\Users\Andrew\Documents\Acoustic-Space-Boiling\Data\After_May\MATLAB 3-02 PM Fri, Aug 23, 2024 Run3 .csv"
-0.8571382619728141,-0.511872815667704,0.29145177347913337,-0.023939666718516054,0.08028579626654639,0.008929893961492245,5,2,6,2,6,"C:\Users\Andrew\Documents\Acoustic-Space-Boiling\Data\After_May\MATLAB 3-02 PM Thu, Oct 24, 2024 Run13.csv"
0.8729472933934227,1.5188509913532078,-1.2528247752452644,-1.7136089619202157,-1.0226387008520095,-0.13049409750995153,1,6,4,6,2,"C:\Users\Andrew\Documents\Acoustic-Space-Boiling\Data\After_May\MATLAB 3-03 PM Fri, Aug 23, 2024 Run4 .csv"
-0.8374654617320405,0.30798141185527617,2.2867881434340145,1.2475325759880302,-1.277020888697287,0.10816865968989856,2,5,6,5,4,"C:\Users\Andrew\Documents\Acoustic-Space-Boiling\Data\After_May\MATLAB 3-04 PM Tue, Oct 15, 2024 Run6 .csv"
-3.498755565220671,2.2817340376821025,2.5641555251184283,0.25131740334684655,-0.1736844296753055,0.27241162552279957,3,4,3,4,3,"C:\Users\Andrew\Documents\Acoustic-Space-Boiling\Data\After_May\MATLAB 3-05 PM Fri, Sep 13, 2024 Run7 .csv"
-0.8664643460146372,0.37913473586392804,2.2154001771958303,1.2454326329467846,-1.2976116998557963,0.07451595463327773,2,5,6,5,4,"C:\Users\Andrew\Documents\Acoustic-Space-Boiling\Data\After_May\MATLAB 3-05 PM Tue, Oct 15, 2024 Run7 .csv"
-1.292362461307378,0.582764226695106,-0.8970545959979526,0.5553460455650747,0.247196765579677,0.414295344758182,2,1,2,1,6,"C:\Users\Andrew\Documents\Acoustic-Space-Boiling\Data\After_May\MATLAB 3-06 PM Wed, Sep 18, 2024 Run7 .csv"
-1.4982361850218417,2.513353894295084,-2.2577744241038147,-2.186372664934248,-0.8111705416774937,-2.401498224479668,3,1,2,1,1,"C:\Users\Andrew\Documents\Acoustic-Space-Boiling\Data\After_May\MATLAB 3-11 PM Fri, Aug 23, 2024 Run5 .csv"
-0.8686104859688424,-0.22201123740632767,1.7492919949437689,0.25602554281699424,-0.7309462639685204,-0.175246558809922,5,5,6,5,4,"C:\Users\Andrew\Documents\Acoustic-Space-Boiling\Data\After_May\MATLAB 3-11 PM Thu, Oct 24, 2024 Run14.csv"
-3.4651943039365816,2.0488994131098996,-0.2648274827519031,-0.9064930272758326,0.6907127161819122,-0.5136624775403343,3,4,3,4,3,"C:\Users\Andrew\Documents\Acoustic-Space-Boiling\Data\After_May\MATLAB 3-13 PM Fri, Aug 23, 2024 Run6 .csv"
2.8296189845430924,0.2960310303596459,0.8206463402306998,0.3990716985126392,0.4449167675705504,-0.30955542386807183,4,6,1,6,2,"C:\Users\Andrew\Documents\Acoustic-Space-Boiling\Data\After_May\MATLAB 3-13 PM Mon, Oct 28, 2024 Run16 .csv"
-0.39867857401538165,-0.6397763195445799,-0.18258848175935194,0.7453937135354779,-0.00010996759854631929,0.35669795643839997,5,2,0,2,6,"C:\Users\Andrew\Documents\Acoustic-Space-Boiling\Data\After_May\MATLAB 3-13 PM Tue, Oct 15, 2024 Run8 .csv"
-6.136489502805288,3.4974893324804293,4.618473257501792,-1.1200880510274291,1.0241704401806513,0.3544549941199432,3,4,3,4,3,"C:\Users\Andrew\Documents\Acoustic-Space-Boiling\Data\After_May\MATLAB 3-14 PM Fri, Sep 13, 2024 Run9 .csv"
0.2839593486232109,-1.6116440326887471,-0.9162522749794865,-0.1992329284137462,0.40034677872298374,-0.048311331435124796,0,0,0,0,0,"C:\Users\Andrew\Documents\Acoustic-Space-Boiling\Data\After_May\MATLAB 3-15 PM Thu, Oct 24, 2024 Run15.csv"
-2.112752535255576,1.3484563111174304,1.9028917285468545,0.49914053829714966,-0.7475526597857456,-0.006876707857236387,3,5,3,5,4,"C:\Users\Andrew\Documents\Acoustic-Space-Boiling\Data\After_May\MATLAB 3-16 PM Fri, Sep 13, 2024 Run10 .csv"
2.006144601050053,2.172807617992176,-0.5151694770619475,-1.908306372010791,-1.8684529177089848,2.4176493407788535,1,6,4,6,2,"C:\Users\Andrew\Documents\Acoustic-Space-Boiling\Data\After_May\MATLAB 3-17 PM Fri, Sep 13, 2024 Run11 .csv"
-2.010565942258991,1.1634825187086182,-1.03881660928747,1.0677677339894904,0.6402080311915206,1.0513201516323338,3,1,2,1,1,"C:\Users\Andrew\Documents\Acoustic-Space-Boiling\Data\After_May\MATLAB 3-17 PM Wed, Sep 18, 2024 Run9 .csv"
2.1588729990941755,-0.5014264978238915,0.025983562092053592,-0.2091102720975036,0.1720090989637615,0.2386491112004171,4,6,1,0,2,"C:\Users\Andrew\Documents\Acoustic-Space-Boiling\Data\After_May\MATLAB 3-18 PM Thu, Oct 24, 2024 Run16.csv"
-0.549535865473184,-0.5326847545735114,-0.15976767243518922,0.6605611389867684,0.03857701985064287,0.33738503460339714,5,2,0,2,6,"C:\Users\Andrew\Documents\Acoustic-Space-Boiling\Data\After_May\MATLAB 3-18 PM Tue, Oct 15, 2024 Run9 .csv"
0.09271663753401502,-0.98429018057287,3.3073918595794103,0.2698845409917958,-1.564923722711334,-0.5100816697643502,5,5,6,5,4,"C:\Users\Andrew\Documents\Acoustic-Space-Boiling\Data\After_May\MATLAB 3-19 PM Thu, Oct 17, 2024 Run4 .csv"
-3.9252049779146336,1.3589913856128955,0.8602368119021571,-1.06475631491032,2.3349291382578845,1.112863796031259,3,4,3,4,3,"C:\Users\Andrew\Documents\Acoustic-Space-Boiling\Data\After_May\MATLAB 3-19 PM Wed, Sep 18, 2024 Run10 .csv"
4.994435634234195,2.4252874262159145,1.613585356785304,-0.9105706738422097,-0.12255353436496416,1.3754687249149178,6,3,5,3,2,"C:\Users\Andrew\Documents\Acoustic-Space-Boiling\Data\After_May\MATLAB 3-21 PM Thu, Oct 24, 2024 Run17.csv"
-1.6187106227470178,1.4938253530591181,1.538698479517048,0.6739793545371278,-1.2416796534450927,-0.4010819487006353,2,5,6,5,4,"C:\Users\Andrew\Documents\Acoustic-Space-Boiling\Data\After_May\MATLAB 3-24 PM Tue, Oct 8, 2024 Run7 .csv"
-0.2520820602412414,-0.44584915338531794,-0.4734155568630452,0.5155065247102628,-0.007500882529802113,0.05481805833721827,5,2,0,2,6,"C:\Users\Andrew\Documents\Acoustic-Space-Boiling\Data\After_May\MATLAB 3-26 PM Wed, Sep 18, 2024 Run12 .csv"
0.35665135301180045,-2.004230453332851,1.1326050870561906,-0.24391360635249631,-0.1944530034133638,-0.24190965601543463,0,0,0,0,0,"C:\Users\Andrew\Documents\Acoustic-Space-Boiling\Data\After_May\MATLAB 3-28 PM Thu, Oct 17, 2024 Run6 .csv"
-0.9726543762634099,-0.44994489725722264,0.1396862099310747,0.48421409171473173,0.34368015747842073,0.5345988019622437,5,2,6,2,6,"C:\Users\Andrew\Documents\Acoustic-Space-Boiling\Data\After_May\MATLAB 3-28 PM Tue, Oct 15, 2024 Run10 .csv"
1.3114758545244494,-0.016437102083857128,-0.6094955147596741,0.6421901376947196,0.42669269375940483,-0.08123863327749326,4,6,1,2,6,"C:\Users\Andrew\Documents\Acoustic-Space-Boiling\Data\After_May\MATLAB 3-28 PM Wed, Sep 18, 2024 Run13 .csv"
-1.5436720287585555,1.0183974993311293,0.46309274966345426,0.34380951501232543,-0.49193750785393925,-0.19065259989922825,2,5,6,5,4,"C:\Users\Andrew\Documents\Acoustic-Space-Boiling\Data\After_May\MATLAB 3-29 PM Tue, Oct 8, 2024 Run9 .csv"
-2.665132304456833,1.1261372198021002,-0.04788358616092386,-0.4083231925071998,0.8283252738789905,0.24361814678412438,3,1,3,4,3,"C:\Users\Andrew\Documents\Acoustic-Space-Boiling\Data\After_May\MATLAB 3-31 PM Tue, Oct 15, 2024 Run11 .csv"
-1.852089840527797,1.5401362715002749,-1.5719015622533192,0.9065276764650808,0.15799103046939839,0.43439955808658914,3,1,2,1,1,"C:\Users\Andrew\Documents\Acoustic-Space-Boiling\Data\After_May\MATLAB 3-33 PM Tue, Oct 8, 2024 Run10 .csv"
-1.2194493020761203,0.4206959880781816,-0.6603284914951414,0.13940156660292896,-0.024754305826636777,-0.11556607420948004,2,1,2,1,6,"C:\Users\Andrew\Documents\Acoustic-Space-Boiling\Data\After_May\MATLAB 3-36 PM Tue, Oct 15, 2024 Run12 .csv"
-0.15117357293995162,1.8823776536924985,-0.12364772271757102,1.0447142738364699,-1.3165520289903776,-0.11223575444294602,2,1,2,1,1,"C:\Users\Andrew\Documents\Acoustic-Space-Boiling\Data\After_May\MATLAB 3-36 PM Tue, Oct 8, 2024 Run11 .csv"
0.905579552809483,-2.7608962946455406,-0.18132593197759375,-0.5214455782631173,0.5199290999883159,-0.019407705355262515,0,0,0,0,0,"C:\Users\Andrew\Documents\Acoustic-Space-Boiling\Data\After_May\MATLAB 3-38 PM Thu, Oct 17, 2024 Run8 .csv"
1.3270198440551444,0.30442202292896986,0.34327058859833864,0.856046920666417,-0.2918904791929,-0.36681367812537635,4,6,1,2,6,"C:\Users\Andrew\Documents\Acoustic-Space-Boiling\Data\After_May\MATLAB 3-38 PM Tue, Oct 15, 2024 Run14 .csv"
5.39787644334726,5.474160456612612,0.6047028012104884,-0.5565575250801437,0.290943565751954,1.9012790126981698,6,3,5,3,5,"C:\Users\Andrew\Documents\Acoustic-Space-Boiling\Data\After_May\MATLAB 3-38 PM Tue, Oct 8, 2024 Run12 .csv"
1.42156291809554,1.142487726350933,-0.827916866891733,-1.6400845479840467,-0.4607831236531422,-0.47064608162190213,4,6,4,6,2,"C:\Users\Andrew\Documents\Acoustic-Space-Boiling\Data\After_May\MATLAB 3-40 PM Mon, Aug 26, 2024 Run1 .csv"
-0.18314319260646875,-0.6524067856485704,-0.33371056773309626,0.9537695318429605,0.04862583920537815,0.46636182964520045,5,2,0,2,6,"C:\Users\Andrew\Documents\Acoustic-Space-Boiling\Data\After_May\MATLAB 3-41 PM Thu, Oct 3, 2024 Run6 .csv"
7.2244806945966005,4.334472398151858,2.418212210221885,1.9234046185122855,4.028828183911159,-1.7245233383623941,6,3,5,3,5,"C:\Users\Andrew\Documents\Acoustic-Space-Boiling\Data\After_May\MATLAB 3-41 PM Tue, Oct 15, 2024 Run16 .csv"
-0.6575885488175562,-0.005592939998767736,-0.7074616343650078,1.6670666549238018,0.1266423140036218,0.9803600997952936,5,2,2,2,6,"C:\Users\Andrew\Documents\Acoustic-Space-Boiling\Data\After_May\MATLAB 3-47 PM Thu, Oct 3, 2024 Run7 .csv"
0.04732892968346973,0.22271995145834295,-0.9442673334974014,1.6297149859299311,0.06517247204185145,0.446716824709628,5,2,2,2,6,"C:\Users\Andrew\Documents\Acoustic-Space-Boiling\Data\After_May\MATLAB 3-47 PM Tue, Oct 8, 2024 Run13 .csv"
1.195299882995581,0.15773139710207293,-0.5415398576946469,-1.095043918845067,-0.3665780329896121,-0.6348461506108095,4,6,1,6,2,"C:\Users\Andrew\Documents\Acoustic-Space-Boiling\Data\After_May\MATLAB 3-48 PM Mon, Aug 26, 2024 Run2 .csv"
-0.4684984033716059,-0.7610138194526876,0.2295285593554124,-0.3719838299760245,-0.16576795905497957,-0.49954832167072405,5,2,0,2,6,"C:\Users\Andrew\Documents\Acoustic-Space-Boiling\Data\After_May\MATLAB 3-50 PM Mon, Aug 26, 2024 Run3 .csv"
0.6370534706999184,0.3460833450451164,-0.520176271924464,-0.46155260910851365,-0.6107044523545523,0.29493528414406084,5,2,1,2,6,"C:\Users\Andrew\Documents\Acoustic-Space-Boiling\Data\After_May\MATLAB 3-51 PM Tue, Sep 17, 2024 Run4 .csv"
-0.6701476670624499,0.29438218575872943,-1.0349764797463057,1.5350081746537563,0.043821815575988125,0.6801380066900722,2,1,2,1,6,"C:\Users\Andrew\Documents\Acoustic-Space-Boiling\Data\After_May\MATLAB 3-52 PM Thu, Oct 3, 2024 Run8 .csv"
-0.5634586873069799,1.2228810901434317,-1.7580834747175915,0.6353003263823694,-0.30117332816141745,0.031573936066897845,2,1,2,1,1,"C:\Users\Andrew\Documents\Acoustic-Space-Boiling\Data\After_May\MATLAB 3-53 PM Thu, Oct 3, 2024 Run9 .csv"
1.3383521810174734,2.3577388588599657,-1.9649775316139757,-0.2478079702970693,0.07182468634963605,0.6974102340207798,1,6,4,6,1,"C:\Users\Andrew\Documents\Acoustic-Space-Boiling\Data\After_May\MATLAB 3-54 PM Thu, Oct 3, 2024 Run10 .csv"
-0.6005983055602795,0.4900750718380179,-1.25285904519412,0.2959435782289774,-0.43320457408492863,-0.4745030848576486,2,1,2,1,6,"C:\Users\Andrew\Documents\Acoustic-Space-Boiling\Data\After_May\MATLAB 3-55 PM Thu, Sep 5, 2024 Run0 .csv"
-1.4513101374133162,-0.5765141696323356,1.1447077398460235,-0.7504965058716475,0.6658168596817426,-0.05215994991741804,5,5,6,5,4,"C:\Users\Andrew\Documents\Acoustic-Space-Boiling\Data\After_May\MATLAB 3-55 PM Tue, Sep 17, 2024 Run5 .csv"
-2.893568790949044,0.32386640020801166,1.4154142161831729,-1.6025702283759011,1.766556507274893,0.23259025835550468,3,5,3,4,3,"C:\Users\Andrew\Documents\Acoustic-Space-Boiling\Data\After_May\MATLAB 3-56 PM Tue, Sep 17, 2024 Run6 .csv"
-0.6155026660616768,-0.1735337478314594,-1.6419946975115234,1.1443301800981065,0.425628200243815,0.6578187243718546,5,2,2,2,6,"C:\Users\Andrew\Documents\Acoustic-Space-Boiling\Data\After_May\MATLAB 3-56 PM Wed, Nov 6, 2024 Run6 .csv"
-0.5400846592944453,-0.8912438387165099,0.2797598505042096,0.25451990992042034,0.3347833418801877,0.41559225819742934,5,2,0,2,6,"C:\Users\Andrew\Documents\Acoustic-Space-Boiling\Data\After_May\MATLAB 3-57 PM Thu, Aug 29, 2024 Run4 .csv"
-0.45446113033192725,-0.5469353730100355,-0.27270045177416863,0.8947963080625577,0.10546426682412732,0.5273098365582096,5,2,0,2,6,"C:\Users\Andrew\Documents\Acoustic-Space-Boiling\Data\After_May\MATLAB 3-57 PM Thu, Oct 3, 2024 Run12 .csv"
-0.6933088821953127,0.9364504821104582,-1.5844113358025138,0.5364683008515896,-0.4456409280641686,-0.3904301955435499,2,1,2,1,1,"C:\Users\Andrew\Documents\Acoustic-Space-Boiling\Data\After_May\MATLAB 3-58 PM Thu, Sep 5, 2024 Run1 .csv"
-0.46798436330433163,-1.280908239610461,0.7878937848179597,-0.3806825213741127,0.39327957125981694,0.05539986317772743,5,2,0,0,0,"C:\Users\Andrew\Documents\Acoustic-Space-Boiling\Data\After_May\MATLAB 3-59 PM Tue, Sep 17, 2024 Run7 .csv"
0.24573465328978963,-1.4067945343872374,0.16549441629704523,-0.24542415946290486,-0.04544616943805414,-0.2602656472038959,0,0,0,0,0,"C:\Users\Andrew\Documents\Acoustic-Space-Boiling\Data\After_May\MATLAB 3-59 PM Tue, Sep 17, 2024 Run8 .csv"
-2.168966579193238,0.7942976027441652,0.08102099613914536,-1.4330438216241879,0.4345570096025605,-0.8848873018688479,3,1,3,4,4,"C:\Users\Andrew\Documents\Acoustic-Space-Boiling\Data\After_May\MATLAB 4-00 PM Mon, Aug 26, 2024 Run5 .csv"
-0.9314592689741547,0.6033171431952884,-1.9704830882764088,1.7405635127435408,0.30536336501746647,0.8605787765993427,2,1,2,1,1,"C:\Users\Andrew\Documents\Acoustic-Space-Boiling\Data\After_May\MATLAB 4-00 PM Wed, Nov 6, 2024 Run7 .csv"
0.010666363124513788,1.6678120994185366,-1.8720761152805636,1.086308684601405,-0.19646865002539243,-0.06297821772050696,2,1,2,1,1,"C:\Users\Andrew\Documents\Acoustic-Space-Boiling\Data\After_May\MATLAB 4-02 PM Thu, Sep 5, 2024 Run2 .csv"
-1.0972054974382404,1.2440791984913733,-0.36182813568415273,2.321978632056985,-0.6686410789192663,0.8082312395328536,2,1,2,1,1,"C:\Users\Andrew\Documents\Acoustic-Space-Boiling\Data\After_May\MATLAB 4-02 PM Wed, Nov 6, 2024 Run8 .csv"
-0.2965594006360667,-0.514187668139557,-0.40791187427339054,1.0051996874128621,-0.010602261544086822,0.4469027732559088,5,2,0,2,6,"C:\Users\Andrew\Documents\Acoustic-Space-Boiling\Data\After_May\MATLAB 4-05 PM Thu, Oct 3, 2024 Run13 .csv"
-0.22003109902064777,1.2448074593225962,-1.656739133528963,2.503431765847083,0.21224498187360846,0.8259286941405228,2,1,2,1,1,"C:\Users\Andrew\Documents\Acoustic-Space-Boiling\Data\After_May\MATLAB 4-05 PM Wed, Nov 6, 2024 Run9 .csv"
-4.973471641072548,2.540339006364256,0.49776245561796745,-1.4451404130814733,2.369729204353842,0.7410478894670471,3,4,3,4,3,"C:\Users\Andrew\Documents\Acoustic-Space-Boiling\Data\After_May\MATLAB 4-07 PM Mon, Aug 26, 2024 Run6 .csv"
-0.6163827191657398,1.9902312300927716,-2.294669741072897,0.4502850959254589,-0.6060919039199639,-0.5393256088437498,2,1,2,1,1,"C:\Users\Andrew\Documents\Acoustic-Space-Boiling\Data\After_May\MATLAB 4-08 PM Thu, Sep 5, 2024 Run3 .csv"
-5.6214988258300425,2.770073027433676,0.849208616369651,-1.3748683753210673,2.9333324835661294,1.1912699088202923,3,4,3,4,3,"C:\Users\Andrew\Documents\Acoustic-Space-Boiling\Data\After_May\MATLAB 4-09 PM Mon, Aug 26, 2024 Run7 .csv"
-0.2727013933933406,-0.430170137739446,-0.5567824784157849,0.9761360808443476,-0.06589965629027968,0.3349964811897103,5,2,0,2,6,"C:\Users\Andrew\Documents\Acoustic-Space-Boiling\Data\After_May\MATLAB 4-09 PM Thu, Oct 3, 2024 Run14 .csv"
-1.1154158275707202,2.1691358587013783,-1.0453800086562786,0.3303703462949723,-1.2899324294550567,-0.91589032491319,2,1,2,1,1,"C:\Users\Andrew\Documents\Acoustic-Space-Boiling\Data\After_May\MATLAB 4-09 PM Thu, Sep 5, 2024 Run4 .csv"
0.345056206891704,-0.13206865773365667,-0.6892099886721555,0.917492302816403,-0.1433183456851945,0.24325431551725815,5,2,0,2,6,"C:\Users\Andrew\Documents\Acoustic-Space-Boiling\Data\After_May\MATLAB 4-12 PM Thu, Oct 3, 2024 Run15 .csv"
-0.7001500603452935,-1.0999599429993583,0.9210912261749686,-0.07668506599074668,0.3657263444508684,0.25370423909922163,5,2,6,2,0,"C:\Users\Andrew\Documents\Acoustic-Space-Boiling\Data\After_May\MATLAB 4-12 PM Wed, Nov 6, 2024 Run10 .csv"
2.4322282074680115,2.7173300480702034,-1.008903049783922,-0.8802169482003598,0.027794630391905734,0.1315293382900111,1,6,4,6,2,"C:\Users\Andrew\Documents\Acoustic-Space-Boiling\Data\After_May\MATLAB 4-14 PM Thu, Oct 3, 2024 Run16 .csv"
3.2581876574713773,1.246162207974566,0.33017723544749855,0.6254980679538636,1.0448300604608678,0.10332931425761425,4,6,1,6,2,"C:\Users\Andrew\Documents\Acoustic-Space-Boiling\Data\After_May\MATLAB 4-15 PM Thu, Oct 10, 2024 Run4 .csv"
2.981674042248657,0.4388133248512032,-0.33945769066501247,-1.6298593925615816,-0.22658774204102844,1.445137054057077,4,6,4,6,2,"C:\Users\Andrew\Documents\Acoustic-Space-Boiling\Data\After_May\MATLAB 4-16 PM Thu, Sep 5, 2024 Run5 .csv"
-0.10259789441414892,-1.6277371634495528,-0.5480818469263993,-0.3216107432736087,0.7640507777664185,0.1855921768772979,0,0,0,0,0,"C:\Users\Andrew\Documents\Acoustic-Space-Boiling\Data\After_May\MATLAB 4-18 PM Wed, Nov 6, 2024 Run12 .csv"
1.2636490893128638,-2.6114504704703876,-0.2741665075662867,-0.3604017810666112,0.22268084614477143,-0.08188469207852633,0,0,0,0,0,"C:\Users\Andrew\Documents\Acoustic-Space-Boiling\Data\After_May\MATLAB 4-20 PM Thu, Oct 17, 2024 Run14 .csv"
0.09379904697770776,-1.6297683937186092,-0.6964160410552682,0.011309115250943974,0.5759794308920995,0.22061207357010934,0,0,0,0,0,"C:\Users\Andrew\Documents\Acoustic-Space-Boiling\Data\After_May\MATLAB 4-21 PM Wed, Nov 6, 2024 Run13 .csv"
0.3205578482710254,-1.2450946308183801,0.042605324263035926,0.15958786912874856,-0.05042922681863951,-0.17469202717292037,0,0,0,0,0,"C:\Users\Andrew\Documents\Acoustic-Space-Boiling\Data\After_May\MATLAB 4-22 PM Thu, Oct 10, 2024 Run5 .csv"
-1.4486527302287435,3.1120016347547117,-3.219261127335498,0.11519415794962846,-0.8468210602117898,-1.0767594660317723,3,1,2,1,1,"C:\Users\Andrew\Documents\Acoustic-Space-Boiling\Data\After_May\MATLAB 4-22 PM Thu, Sep 5, 2024 Run6 .csv"
1.826014508239132,-0.9877305249828816,-0.38599777500727694,-0.07980803461484258,0.5558544386199811,-0.1367333930092509,4,0,1,0,0,"C:\Users\Andrew\Documents\Acoustic-Space-Boiling\Data\After_May\MATLAB 4-22 PM Tue, Oct 1, 2024 Run4 .csv"
0.16603984970333896,-1.5394491323066342,-0.8357953342021381,-0.0472232016539727,0.4251602704576893,-0.002401363749371551,0,0,0,0,0,"C:\Users\Andrew\Documents\Acoustic-Space-Boiling\Data\After_May\MATLAB 4-23 PM Wed, Nov 6, 2024 Run14 .csv"
0.14367974597061825,-1.0765558782469697,-0.0308296579030977,0.1258792201688507,-0.06664436451529254,-0.06741786115066845,5,2,0,2,0,"C:\Users\Andrew\Documents\Acoustic-Space-Boiling\Data\After_May\MATLAB 4-24 PM Thu, Oct 10, 2024 Run6 .csv"
-0.8756781857806186,3.997860979124277,-3.2810868068558383,-1.0996287706250487,-0.3734936883351498,-1.9694576236163166,1,1,2,1,1,"C:\Users\Andrew\Documents\Acoustic-Space-Boiling\Data\After_May\MATLAB 4-25 PM Thu, Sep 5, 2024 Run7 .csv"
2.190172982398427,-1.7320606623395913,0.3797496177372131,-1.1608985233471885,-0.586368273245432,0.9608981842763626,0,0,1,0,0,"C:\Users\Andrew\Documents\Acoustic-Space-Boiling\Data\After_May\MATLAB 4-26 PM Thu, Oct 17, 2024 Run17 .csv"
0.07502138418267504,-0.969333220497856,-0.11697301078369302,0.0899209237435051,-0.43789399641242,-0.42082639119043586,5,2,0,2,6,"C:\Users\Andrew\Documents\Acoustic-Space-Boiling\Data\After_May\MATLAB 4-26 PM Thu, Sep 5, 2024 Run8 .csv"
3.2537082523044405,-0.9435255262066269,0.46741448028677285,-1.4137398233817817,-0.06952197917480728,1.2677475303759258,4,6,1,6,2,"C:\Users\Andrew\Documents\Acoustic-Space-Boiling\Data\After_May\MATLAB 4-28 PM Thu, Oct 17, 2024 Run18 .csv"
0.6378858418744596,-0.7349822517156654,-0.37049133898305475,0.27496910258813967,-0.1406563970112083,0.018490153498354655,5,2,0,2,6,"C:\Users\Andrew\Documents\Acoustic-Space-Boiling\Data\After_May\MATLAB 4-29 PM Thu, Oct 10, 2024 Run8 .csv"
0.22233028990908046,-1.270800200003765,0.1330082615172342,-0.19085621180291346,-0.34129464277113375,-0.5395645800474902,0,0,0,0,0,"C:\Users\Andrew\Documents\Acoustic-Space-Boiling\Data\After_May\MATLAB 4-29 PM Thu, Sep 5, 2024 Run9 .csv"
0.5418131620037089,-1.3233475254025597,-0.9817516947838236,0.2527389272562293,0.3848874326924396,-0.0807071616618175,0,0,0,0,0,"C:\Users\Andrew\Documents\Acoustic-Space-Boiling\Data\After_May\MATLAB 4-29 PM Wed, Nov 6, 2024 Run15 .csv"
2.401546609629473,0.25310934436439164,0.09647663424627753,0.41011106868641606,1.093820209241251,-1.143399619112969,4,6,1,6,2,"C:\Users\Andrew\Documents\Acoustic-Space-Boiling\Data\After_May\MATLAB 4-34 PM Thu, Sep 5, 2024 Run10 .csv"
0.0558568734016097,-0.704942247511025,-0.2770264936642176,0.32119390880831533,-0.11913772284247635,0.09183574525024182,5,2,0,2,6,"C:\Users\Andrew\Documents\Acoustic-Space-Boiling\Data\After_May\MATLAB 4-38 PM Thu, Oct 10, 2024 Run9 .csv"
-0.1874303919465246,-0.5236615218853249,1.0447827892989932,0.6969892299022167,-0.57994324953742,0.12378318835738952,5,5,6,5,4,"C:\Users\Andrew\Documents\Acoustic-Space-Boiling\Data\After_May\MATLAB 4-47 PM Tue, Oct 1, 2024 Run8 .csv"
0.002449197434658797,-0.7458028766599181,-0.2275436690008598,0.2560984827278219,-0.0614518802400758,0.02790654883730564,5,2,0,2,6,"C:\Users\Andrew\Documents\Acoustic-Space-Boiling\Data\After_May\MATLAB 4-52 PM Tue, Oct 1, 2024 Run9 .csv"
0.4145346669705491,-0.7958578719756685,-0.34776914849292284,0.598477332729152,-0.04383707288044702,-0.08995879805675246,5,2,0,2,6,"C:\Users\Andrew\Documents\Acoustic-Space-Boiling\Data\After_May\MATLAB 4-56 PM Tue, Oct 1, 2024 Run10 .csv"
0.45128284197596447,-0.5280802144592959,-0.4799440689827401,0.28150362667660195,-0.17270780278151687,-0.10985021006627087,5,2,0,2,6,"C:\Users\Andrew\Documents\Acoustic-Space-Boiling\Data\After_May\MATLAB 4-57 PM Tue, Oct 1, 2024 Run11 .csv"
0.6727732958341546,-0.5958503142768906,-0.429066308538698,0.7809683763180783,0.047355269207943466,-0.14504781563295818,5,2,0,2,6,"C:\Users\Andrew\Documents\Acoustic-Space-Boiling\Data\After_May\MATLAB 4-59 PM Tue, Oct 1, 2024 Run12 .csv"
