,File,Top Peak Frequency (Hz),Number of Peaks,Mean Power,Std Power,Frequency Centroid,Spectral Entropy
"MATLAB 1-10 PM Thu, Aug 22, 2024 Run4 _features.csv","MATLAB 1-10 PM Thu, Aug 22, 2024 Run4 .csv",583.3000000013594,1022,0.9912969596137464,1.0810194005248417,2823.806651325291,5.332024065888783
"MATLAB 3-51 PM Tue, Sep 17, 2024 Run4 _features.csv","MATLAB 3-51 PM Tue, Sep 17, 2024 Run4 .csv",3248.8000000075717,2838,2.2665180507359826,2.5807342764019117,2938.367712219144,5.295580979649303
"MATLAB 3-44 PM Tue, Sep 17, 2024 Run2 _features.csv","MATLAB 3-44 PM Tue, Sep 17, 2024 Run2 .csv",3239.8000000075504,4392,1.0012533540545328,1.1088908105451338,2948.641141395078,5.165402116779886
"MATLAB 4-22 PM Tue, Oct 1, 2024 Run4 _features.csv","MATLAB 4-22 PM Tue, Oct 1, 2024 Run4 .csv",777.0000000018108,2141,0.8556857650577213,0.9386299809721962,2661.127579478712,5.329658020193115
"MATLAB 2-14 PM Tue, Oct 22, 2024 Run5 _features.csv","MATLAB 2-14 PM Tue, Oct 22, 2024 Run5 .csv",1140.0000000001255,61,0.9214769905727922,1.3239855223707788,2727.3948804424554,5.007851798941101
"MATLAB 2-46 PM Tue, Oct 8, 2024 Run2 _features.csv","MATLAB 2-46 PM Tue, Oct 8, 2024 Run2 .csv",72.9000000001699,13,0.0203968473125891,0.0241254071752381,2563.5608570589075,5.172334835031654
"MATLAB 2-58 PM Wed, Sep 18, 2024 Run5 _features.csv","MATLAB 2-58 PM Wed, Sep 18, 2024 Run5 .csv",3530.400000008228,4159,4.22031647208321,5.030959979796331,2965.316430016791,5.272861224331926
"MATLAB 3-47 PM Thu, Oct 3, 2024 Run7 _features.csv","MATLAB 3-47 PM Thu, Oct 3, 2024 Run7 .csv",1255.9000000029268,2261,4.005444670409566,4.545863961462058,2644.213568754645,5.3311269160931385
"MATLAB 1-04 PM Tue, Sep 10, 2024 Run9 _features.csv","MATLAB 1-04 PM Tue, Sep 10, 2024 Run9 .csv",754.5000000017584,2522,1.5303660412172173,1.688767890209801,2814.02946974546,5.320139661778545
"MATLAB 4-28 PM Thu, Oct 17, 2024 Run18 _features.csv","MATLAB 4-28 PM Thu, Oct 17, 2024 Run18 .csv",1185.2000000027622,408,0.9395435662894362,1.1824356130861868,2758.17399008035,4.895866173779483
"MATLAB 2-18 PM Tue, Oct 15, 2024 Run2 _features.csv","MATLAB 2-18 PM Tue, Oct 15, 2024 Run2 .csv",386.2500000009002,123,0.2031849526232952,0.2601417809561329,2456.1436840229535,4.467030219244633
"MATLAB 3-28 PM Tue, Oct 15, 2024 Run10 _features.csv","MATLAB 3-28 PM Tue, Oct 15, 2024 Run10 .csv",564.9000000013166,97,4.32315692888315,6.850553028106121,2492.375606923334,4.254787791889223
"MATLAB 4-22 PM Thu, Sep 5, 2024 Run6 _features.csv","MATLAB 4-22 PM Thu, Sep 5, 2024 Run6 .csv",1324.4000000030867,963,1.970940608829089,2.4727216482655168,2752.914312962428,5.012832759211559
"MATLAB 2-00 PM Fri, Sep 13, 2024 Run2 _features.csv","MATLAB 2-00 PM Fri, Sep 13, 2024 Run2 .csv",97.60000000022748,9,0.0383242575615563,0.038673601785028,2893.2396315283377,5.234384044038918
"MATLAB 2-28 PM Thu, Oct 31, 2024 Run12 _features.csv","MATLAB 2-28 PM Thu, Oct 31, 2024 Run12 .csv",1248.5000000001376,66,2.1115714991224164,2.7348526829565447,2754.665536732009,4.82121229082388
"MATLAB 12-21 PM Thu, Nov 7, 2024 Run3 _features.csv","MATLAB 12-21 PM Thu, Nov 7, 2024 Run3 .csv",1183.900000002759,1309,2.3127161477754403,2.7716454787800933,2638.956594534532,5.108331903567313
"MATLAB 2-29 PM Thu, Oct 24, 2024 Run7 _features.csv","MATLAB 2-29 PM Thu, Oct 24, 2024 Run7 .csv",556.950000001298,1333,4.963504418627767,6.091875237551052,2460.0011451610308,5.018351190312969
"MATLAB 2-23 PM Tue, Oct 22, 2024 Run6 _features.csv","MATLAB 2-23 PM Tue, Oct 22, 2024 Run6 .csv",527.6000000012295,107,4.233660518808563,6.3423524176519175,2754.473707290988,4.858850048935097
"MATLAB 1-07 PM Fri, Jun 14, 2024 Run1 _features.csv","MATLAB 1-07 PM Fri, Jun 14, 2024 Run1 .csv",4865.000000011338,7018,1.0419670170750177,0.8967293896183698,3120.017939434241,5.721155310498767
"MATLAB 3-19 PM Thu, Oct 17, 2024 Run4 _features.csv","MATLAB 3-19 PM Thu, Oct 17, 2024 Run4 .csv",464.2000000010819,55,5.463039780693979,8.091343802882323,2653.315798388665,4.5847441043272426
"MATLAB 1-36 PM Thu, Nov 7, 2024 Run14 _features.csv","MATLAB 1-36 PM Thu, Nov 7, 2024 Run14 .csv",1206.0000000001328,130,1.8343188835105813,2.371567811480102,2685.6804103806726,4.836936682376641
"MATLAB 5-01 PM Thu, Oct 10, 2024 Run13_features.csv","MATLAB 5-01 PM Thu, Oct 10, 2024 Run13.csv",1250.300000002914,616,2.2652768268739587,2.8058957600841063,2878.46499974703,5.111112997968881
"MATLAB 3-14 PM Fri, Sep 13, 2024 Run9 _features.csv","MATLAB 3-14 PM Fri, Sep 13, 2024 Run9 .csv",2670.100000006223,6402,13.896275654477384,17.86789550458771,2909.6222268572237,5.119999508317316
"MATLAB 4-02 PM Wed, Nov 6, 2024 Run8 _features.csv","MATLAB 4-02 PM Wed, Nov 6, 2024 Run8 .csv",630.8000000014702,1535,4.627871575070597,5.490001060659578,2570.446907116313,5.128759229329127
"MATLAB 2-26 PM Fri, Jun 14, 2024 Run9 _features.csv","MATLAB 2-26 PM Fri, Jun 14, 2024 Run9 .csv",58.80000000013704,24,0.0217517173686477,0.0226695366298758,2274.740312537723,5.1375586052390325
"MATLAB 4-15 PM Wed, Jun 19, 2024 Run1 _features.csv","MATLAB 4-15 PM Wed, Jun 19, 2024 Run1 .csv",120.00000000027968,505,0.0413655954357316,0.0586970997774262,2239.9483987841204,4.113213075452428
"MATLAB 2-50 PM Thu, Oct 3, 2024 Run1 _features.csv","MATLAB 2-50 PM Thu, Oct 3, 2024 Run1 .csv",756.1000000017622,5320,0.4343155300628354,0.4096447416138051,2648.9808441830405,5.3011194167400895
"MATLAB 4-32 PM Thu, Oct 17, 2024 Run20 _features.csv","MATLAB 4-32 PM Thu, Oct 17, 2024 Run20 .csv",1193.5500000027816,733,0.4992589281995047,0.65113976794819,2729.4726565837473,4.8346139478905235
"MATLAB 4-52 PM Tue, Oct 1, 2024 Run9 _features.csv","MATLAB 4-52 PM Tue, Oct 1, 2024 Run9 .csv",1237.8000000028846,1843,3.0699230699734947,3.579651884780337,2684.975543148762,5.287752066768715
"MATLAB 4-14 PM Thu, Oct 3, 2024 Run16 _features.csv","MATLAB 4-14 PM Thu, Oct 3, 2024 Run16 .csv",1276.0000000029738,2444,1.0839120081032376,1.2429104861788849,2668.8097117497796,5.233578831320495
"MATLAB 3-33 PM Tue, Oct 8, 2024 Run10 _features.csv","MATLAB 3-33 PM Tue, Oct 8, 2024 Run10 .csv",1264.8000000029476,1678,4.837767925746813,6.387845052837776,2504.145755546416,4.991263207102941
"MATLAB 2-42 PM Wed, Sep 18, 2024 Run3 _features.csv","MATLAB 2-42 PM Wed, Sep 18, 2024 Run3 .csv",89.00000000020742,1369,0.1256139391022084,0.1200578283221528,2944.392498786956,5.248470239703105
"MATLAB 1-19 PM Tue, Oct 29, 2024 Run4 _features.csv","MATLAB 1-19 PM Tue, Oct 29, 2024 Run4 .csv",4381.533333343545,39,0.0489017568566715,0.0766544739300985,2890.493793793013,4.68187279933642
"MATLAB 3-17 PM Fri, Sep 13, 2024 Run11 _features.csv","MATLAB 3-17 PM Fri, Sep 13, 2024 Run11 .csv",3214.100000007491,5045,2.360810651930903,3.0330714467584605,2975.942650981762,5.134019617732499
"MATLAB 3-38 PM Tue, Oct 15, 2024 Run14 _features.csv","MATLAB 3-38 PM Tue, Oct 15, 2024 Run14 .csv",1170.7000000027283,709,1.6395018959375138,2.1812744780849793,2608.3148608293177,4.765235128377377
"MATLAB 3-58 PM Thu, Sep 5, 2024 Run1 _features.csv","MATLAB 3-58 PM Thu, Sep 5, 2024 Run1 .csv",1317.700000003071,1343,2.28281275279877,2.8278823757978,2751.231863627436,5.064185473162031
"MATLAB 2-58 PM Fri, Jun 14, 2024 Run19 _features.csv","MATLAB 2-58 PM Fri, Jun 14, 2024 Run19 .csv",382.9000000008923,1866,1.28881258173986,1.6005421556270978,2493.12819405696,5.163877872443253
"MATLAB 4-57 PM Tue, Oct 1, 2024 Run11 _features.csv","MATLAB 4-57 PM Tue, Oct 1, 2024 Run11 .csv",801.4000000018677,2232,2.210283361166715,2.6068489419412813,2683.103981872035,5.247181312192023
"MATLAB 1-36 PM Tue, Sep 10, 2024 Run18 _features.csv","MATLAB 1-36 PM Tue, Sep 10, 2024 Run18 .csv",779.9500000018177,3548,2.1530506975616115,2.412725432389541,2741.41959438429,5.290630808998528
"MATLAB 1-52 PM Fri, Jun 14, 2024 Run4 _features.csv","MATLAB 1-52 PM Fri, Jun 14, 2024 Run4 .csv",58.90000000013727,625,0.3130561195729073,0.2899922166925959,2240.4211454252877,5.406172198859884
"MATLAB 1-45 PM Tue, Oct 22, 2024 Run0 _features.csv","MATLAB 1-45 PM Tue, Oct 22, 2024 Run0 .csv",4379.400000010207,618,0.11553604893567,0.1768407564077926,2884.8127984670905,4.247915089033316
"MATLAB 4-20 PM Wed, Jun 19, 2024 Run2 _features.csv","MATLAB 4-20 PM Wed, Jun 19, 2024 Run2 .csv",60.000000000139835,9,0.0201610942441915,0.0172948300308221,2609.82616660619,5.5489531707574375
"MATLAB 4-25 PM Thu, Sep 5, 2024 Run7 _features.csv","MATLAB 4-25 PM Thu, Sep 5, 2024 Run7 .csv",1326.5000000030914,838,1.2994749693801055,1.936925538561386,2396.4270141721386,4.354617559723872
"MATLAB 3-14 PM Thu, Jun 27, 2024 Run0 _features.csv","MATLAB 3-14 PM Thu, Jun 27, 2024 Run0 .csv",427.9000000009973,1688,0.7423549710640831,0.6304102966287072,2074.6731749533274,5.576971568876397
"MATLAB 3-47 PM Tue, Oct 8, 2024 Run13 _features.csv","MATLAB 3-47 PM Tue, Oct 8, 2024 Run13 .csv",1260.100000002937,2262,2.49891799295818,2.9464224446184484,2634.6221045112984,5.249441594986764
"MATLAB 2-04 PM Mon, Oct 28, 2024 Run2 _features.csv","MATLAB 2-04 PM Mon, Oct 28, 2024 Run2 .csv",3541.150000008253,40,0.0274155369665603,0.0497981945249604,2539.148982879375,4.316210518902439
"MATLAB 3-13 PM Tue, Sep 17, 2024 Run0 _features.csv","MATLAB 3-13 PM Tue, Sep 17, 2024 Run0 .csv",89.00000000020742,19,0.0176808316438354,0.0184768028588758,2399.185023983505,4.991585272510042
"MATLAB 3-48 PM Mon, Aug 26, 2024 Run2 _features.csv","MATLAB 3-48 PM Mon, Aug 26, 2024 Run2 .csv",643.9000000015006,497,1.222180136644427,1.35332555214261,2655.577289443719,5.134923119048786
"MATLAB 4-59 PM Tue, Oct 1, 2024 Run12 _features.csv","MATLAB 4-59 PM Tue, Oct 1, 2024 Run12 .csv",799.5000000018633,2023,1.841617973947195,2.1555492761994803,2682.680230390843,5.261415073351634
"MATLAB 12-04 PM Thu, Nov 7, 2024 Run0 _features.csv","MATLAB 12-04 PM Thu, Nov 7, 2024 Run0 .csv",1182.600000002756,2893,2.452182558581798,2.952164807341219,2658.1527500534135,5.101448850361335
"MATLAB 3-21 PM Thu, Jun 27, 2024 Run4_features.csv","MATLAB 3-21 PM Thu, Jun 27, 2024 Run4.csv",120.00000000027968,8,0.0167785000354206,0.0123070039309702,2408.5007861719087,5.812414927638395
"MATLAB 1-27 PM Fri, Sep 13, 2024 Run0 _features.csv","MATLAB 1-27 PM Fri, Sep 13, 2024 Run0 .csv",1260.7000000029382,181,0.0424815414082342,0.1224338792062589,2163.0805294513075,2.3584990688033116
"MATLAB 2-13 PM Mon, Oct 28, 2024 Run3 _features.csv","MATLAB 2-13 PM Mon, Oct 28, 2024 Run3 .csv",4259.400000009927,45,0.027273663341372,0.0490479778712657,2525.4865457675655,4.280825435732085
"MATLAB 3-11 PM Tue, Oct 22, 2024 Run18 _features.csv","MATLAB 3-11 PM Tue, Oct 22, 2024 Run18 .csv",643.0000000014985,601,0.3462492114921955,0.4760489849489633,2687.4620652002573,4.497773372932725
"MATLAB 4-29 PM Wed, Nov 6, 2024 Run15 _features.csv","MATLAB 4-29 PM Wed, Nov 6, 2024 Run15 .csv",678.0000000000747,175,0.8967228091298178,1.1798450659497015,2687.834867429752,4.772089508835782
"MATLAB 3-05 PM Tue, Oct 15, 2024 Run7 _features.csv","MATLAB 3-05 PM Tue, Oct 15, 2024 Run7 .csv",516.3333333345367,74,6.130428436137397,9.59048275463449,2511.8035733603742,4.214597566999455
"MATLAB 2-31 PM Fri, Jun 14, 2024 Run12 _features.csv","MATLAB 2-31 PM Fri, Jun 14, 2024 Run12 .csv",297.0000000006922,2765,0.1768431209938309,0.2294062570429126,2037.90066655693,5.148226639259343
"MATLAB 3-06 PM Wed, Sep 18, 2024 Run7 _features.csv","MATLAB 3-06 PM Wed, Sep 18, 2024 Run7 .csv",2956.000000006889,3767,4.547781499507129,5.401937927554621,2936.8010698241105,5.283025395539569
"MATLAB 3-16 PM Thu, Oct 17, 2024 Run3 _features.csv","MATLAB 3-16 PM Thu, Oct 17, 2024 Run3 .csv",72.93333333350331,37,0.0325527501972371,0.0465897924301028,2475.3866440504275,4.849103127007918
"MATLAB 3-50 PM Mon, Aug 26, 2024 Run3 _features.csv","MATLAB 3-50 PM Mon, Aug 26, 2024 Run3 .csv",651.3000000015179,421,3.521520321480871,4.0036495982098526,2731.832286511295,5.178284019572192
"MATLAB 4-05 PM Wed, Nov 6, 2024 Run9 _features.csv","MATLAB 4-05 PM Wed, Nov 6, 2024 Run9 .csv",637.3000000014853,981,2.1997813325332425,2.634221259427461,2594.829286528231,5.101180506175924
"MATLAB 2-10 PM Thu, Oct 24, 2024 Run3 _features.csv","MATLAB 2-10 PM Thu, Oct 24, 2024 Run3 .csv",3503.800000000386,929,1.597544341122596,1.894718036089714,2561.2278731966644,5.136008980683422
"MATLAB 2-50 PM Tue, Oct 22, 2024 Run10 _features.csv","MATLAB 2-50 PM Tue, Oct 22, 2024 Run10 .csv",1183.0000000001305,39,0.8572539173593708,1.3654499179633923,2787.847422915849,4.829340772738322
"MATLAB 2-51 PM Thu, Oct 31, 2024 Run20 _features.csv","MATLAB 2-51 PM Thu, Oct 31, 2024 Run20 .csv",1247.800000002908,1261,0.4299329496428846,0.526637432634108,2858.248869578412,5.069076680332916
"MATLAB 12-46 PM Tue, Sep 10, 2024 Run6 _features.csv","MATLAB 12-46 PM Tue, Sep 10, 2024 Run6 .csv",735.450000001714,822,0.5450812950461693,0.5938664060772846,2826.320846922539,5.215822574681384
"MATLAB 2-27 PM Mon, Oct 28, 2024 Run7 _features.csv","MATLAB 2-27 PM Mon, Oct 28, 2024 Run7 .csv",1245.0000000029015,774,2.7963915852472985,3.4471842389919227,2545.0075452180345,4.945225525606012
"MATLAB 12-27 PM Fri, Sep 6, 2024 Run1 _features.csv","MATLAB 12-27 PM Fri, Sep 6, 2024 Run1 .csv",747.1000000017411,2000,0.2950439820862731,0.3014591854609702,2717.2695111759567,5.108314282443568
"MATLAB 4-02 PM Thu, Sep 5, 2024 Run2 _features.csv","MATLAB 4-02 PM Thu, Sep 5, 2024 Run2 .csv",1322.900000003083,1461,1.4840371043906069,1.8312132245350037,2743.751528727831,5.0491735665114135
"MATLAB 2-00 PM Tue, Jun 4, 2024 Run2 _features.csv","MATLAB 2-00 PM Tue, Jun 4, 2024 Run2 .csv",54.50000000012702,1535,0.4989290010523544,0.469935065570853,1785.071301145531,5.561207792275614
"MATLAB 4-15 PM Thu, Oct 10, 2024 Run4 _features.csv","MATLAB 4-15 PM Thu, Oct 10, 2024 Run4 .csv",1269.0500000029576,5323,1.1636704575478356,1.3838685107696451,2615.5563452542096,5.160562016549928
"MATLAB 2-21 PM Fri, Jun 14, 2024 Run7 _features.csv","MATLAB 2-21 PM Fri, Jun 14, 2024 Run7 .csv",70.70000000016476,1667,0.301591031779616,0.2754834345634792,1822.4675441634492,5.526896042390786
"MATLAB 12-25 PM Fri, Sep 6, 2024 Run0 _features.csv","MATLAB 12-25 PM Fri, Sep 6, 2024 Run0 .csv",747.900000001743,1374,3.393477940387042,4.287106295119587,2793.500759283313,5.137405775932891
"MATLAB 4-29 PM Thu, Sep 5, 2024 Run9 _features.csv","MATLAB 4-29 PM Thu, Sep 5, 2024 Run9 .csv",1321.5000000030798,1283,2.9061934778337406,3.619218095962837,2922.269834667952,5.137954391508629
"MATLAB 2-27 PM Fri, Jun 14, 2024 Run10 _features.csv","MATLAB 2-27 PM Fri, Jun 14, 2024 Run10 .csv",58.80000000013704,23,0.0278865840911755,0.0229492421058292,2305.1137864668576,5.77656148538458
"MATLAB 3-36 PM Tue, Oct 15, 2024 Run12 _features.csv","MATLAB 3-36 PM Tue, Oct 15, 2024 Run12 .csv",579.2000000013498,250,4.1336913912718405,5.517481952019667,2545.3747212812855,4.769282972450203
"MATLAB 2-17 PM Thu, Oct 3, 2024 Run0 _features.csv","MATLAB 2-17 PM Thu, Oct 3, 2024 Run0 .csv",3661.6000000085337,20,0.0176168785878951,0.0183405584548358,2456.0929188797363,5.583361925757021
"MATLAB 3-49 PM Wed, Nov 6, 2024 Run4 _features.csv","MATLAB 3-49 PM Wed, Nov 6, 2024 Run4 .csv",119.93333333361284,26,0.0372177893923495,0.0858297608397201,2594.03914584177,3.744820958995913
"MATLAB 4-09 PM Thu, Sep 5, 2024 Run4 _features.csv","MATLAB 4-09 PM Thu, Sep 5, 2024 Run4 .csv",1322.3000000030818,1486,3.2310984070730107,4.1144642299969485,2722.772040993822,4.995023104877907
"MATLAB 3-18 PM Thu, Oct 24, 2024 Run16_features.csv","MATLAB 3-18 PM Thu, Oct 24, 2024 Run16.csv",667.4000000015554,349,0.7974421934359658,1.0194700719724372,2675.3377751265184,4.83771313013747
"MATLAB 3-00 PM Fri, Sep 13, 2024 Run6 _features.csv","MATLAB 3-00 PM Fri, Sep 13, 2024 Run6 .csv",2955.6000000068884,6882,1.5940208685726265,1.9120190206355865,2917.590746794195,5.129854302381249
"MATLAB 1-59 PM Tue, Oct 22, 2024 Run1 _features.csv","MATLAB 1-59 PM Tue, Oct 22, 2024 Run1 .csv",59.5493233728655,25,0.0643165822904562,0.081222060291638,2981.673299042834,5.09867571496203
"MATLAB 4-33 PM Thu, Oct 17, 2024 Run21 _features.csv","MATLAB 4-33 PM Thu, Oct 17, 2024 Run21 .csv",1188.150000002769,1091,0.4332513125881648,0.5529273932599802,2752.6796768825784,4.810728029100581
"MATLAB 1-41 PM Tue, Oct 29, 2024 Run10 _features.csv","MATLAB 1-41 PM Tue, Oct 29, 2024 Run10 .csv",710.8000000000783,587,3.4623901457334147,4.392561584985339,2509.5601681938665,4.947373768429712
"MATLAB 2-09 PM Tue, Oct 22, 2024 Run3 _features.csv","MATLAB 2-09 PM Tue, Oct 22, 2024 Run3 .csv",487.2333333344689,94,5.432207530898132,8.037831835659258,2614.1085876449565,4.4200311927373805
"MATLAB 3-16 PM Fri, Sep 13, 2024 Run10 _features.csv","MATLAB 3-16 PM Fri, Sep 13, 2024 Run10 .csv",3214.3000000074912,2963,7.795024459267369,10.339119437286854,2969.4777055740724,5.072200790285639
"MATLAB 1-12 PM Tue, Oct 29, 2024 Run3 _features.csv","MATLAB 1-12 PM Tue, Oct 29, 2024 Run3 .csv",4382.466666676881,36,0.0382348460529515,0.0699656050311283,2677.4759152975685,4.327606808273128
"MATLAB 2-55 PM Tue, Oct 22, 2024 Run12 _features.csv","MATLAB 2-55 PM Tue, Oct 22, 2024 Run12 .csv",616.2000000014361,198,4.050568271645104,5.71350033338351,2672.6122488325436,4.672511864475498
"MATLAB 2-45 PM Thu, Oct 31, 2024 Run17 _features.csv","MATLAB 2-45 PM Thu, Oct 31, 2024 Run17 .csv",1244.500000000137,166,0.5939352664626013,0.6999798449844744,2904.3584991987327,5.063239203581165
"MATLAB 12-34 PM Tue, Sep 10, 2024 Run5 _features.csv","MATLAB 12-34 PM Tue, Sep 10, 2024 Run5 .csv",721.5500000016816,1687,0.4310959521779859,0.4733539512639287,2942.713895248396,5.297702922020081
"MATLAB 2-21 PM Mon, Oct 28, 2024 Run4 _features.csv","MATLAB 2-21 PM Mon, Oct 28, 2024 Run4 .csv",697.700000001626,464,2.9429825094966344,3.423157336935157,2666.9977264751183,5.239875957452954
"MATLAB 12-56 PM Tue, Oct 29, 2024 Run2 _features.csv","MATLAB 12-56 PM Tue, Oct 29, 2024 Run2 .csv",1380.3000000032168,34,0.0267040040002697,0.0450209639952672,2513.439121599523,4.508504030323289
"MATLAB 2-08 PM Tue, Oct 29, 2024 Run19 _features.csv","MATLAB 2-08 PM Tue, Oct 29, 2024 Run19 .csv",739.0000000017222,2977,0.995092688266028,1.1409740218209408,2652.008882793298,5.1480028289509425
"MATLAB 4-24 PM Thu, Oct 17, 2024 Run16 _features.csv","MATLAB 4-24 PM Thu, Oct 17, 2024 Run16 .csv",1187.0000000001307,77,0.552966453219056,0.7295414915707262,2703.811604827389,4.797359678522429
"MATLAB 4-05 PM Thu, Oct 3, 2024 Run13 _features.csv","MATLAB 4-05 PM Thu, Oct 3, 2024 Run13 .csv",810.2000000018883,3645,3.450709028373005,3.9682426929113697,2670.1638936540426,5.3239913437703
"MATLAB 2-45 PM Fri, Aug 23, 2024 Run1 _features.csv","MATLAB 2-45 PM Fri, Aug 23, 2024 Run1 .csv",120.00000000027968,39,0.0293126776303025,0.0221485787828424,2695.45438277349,5.814118716099306
"MATLAB 3-24 PM Tue, Oct 8, 2024 Run7 _features.csv","MATLAB 3-24 PM Tue, Oct 8, 2024 Run7 .csv",773.0000000018016,4475,7.381802613230109,8.589349468539115,2662.218149019537,5.265606890223144
"MATLAB 2-15 PM Thu, Oct 31, 2024 Run8 _features.csv","MATLAB 2-15 PM Thu, Oct 31, 2024 Run8 .csv",1243.0000000001369,226,2.9509041088225185,3.626471729622133,2750.166847987695,5.0831690365726265
"MATLAB 3-21 PM Thu, Oct 24, 2024 Run17_features.csv","MATLAB 3-21 PM Thu, Oct 24, 2024 Run17.csv",674.9666666682398,573,0.8241529567943119,1.075784267194456,2684.2475765896365,4.829064474330217
"MATLAB 4-09 PM Thu, Oct 3, 2024 Run14 _features.csv","MATLAB 4-09 PM Thu, Oct 3, 2024 Run14 .csv",3470.800000008089,2370,3.223112656144628,3.729051796734761,2673.5733035458397,5.317105060725782
"MATLAB 12-19 PM Tue, Sep 10, 2024 Run4 _features.csv","MATLAB 12-19 PM Tue, Sep 10, 2024 Run4 .csv",697.2500000016249,1189,0.3809148145939767,0.3856729272786312,2880.0644894428915,5.371596859759719
"MATLAB 2-46 PM Wed, Sep 18, 2024 Run4 _features.csv","MATLAB 2-46 PM Wed, Sep 18, 2024 Run4 .csv",712.0000000016594,4646,0.3517447430391445,0.3317357928786444,2965.106196280604,5.246375128816881
"MATLAB 3-40 PM Mon, Aug 26, 2024 Run1 _features.csv","MATLAB 3-40 PM Mon, Aug 26, 2024 Run1 .csv",626.5000000014601,1156,1.0444255100849926,1.1004251185384348,2618.143544025325,5.296522989481696
"MATLAB 12-00 PM Tue, Sep 10, 2024 Run1 _features.csv","MATLAB 12-00 PM Tue, Sep 10, 2024 Run1 .csv",659.4000000015368,1874,0.288756434000492,0.3121689129165439,2890.8843745053755,5.277713800915049
"MATLAB 1-12 PM Thu, Nov 7, 2024 Run9 _features.csv","MATLAB 1-12 PM Thu, Nov 7, 2024 Run9 .csv",659.5000000000726,114,1.4243194897915663,1.8007795619095504,2646.2888243496063,4.940678300503706
"MATLAB 2-17 PM Thu, Oct 24, 2024 Run4 _features.csv","MATLAB 2-17 PM Thu, Oct 24, 2024 Run4 .csv",511.8500000011929,912,3.624118752873979,4.359874895746206,2548.5360175550395,5.10767398876431
"MATLAB 2-33 PM Tue, Oct 15, 2024 Run3 _features.csv","MATLAB 2-33 PM Tue, Oct 15, 2024 Run3 .csv",428.25000000099806,22,0.1869780013845908,0.369005463262549,2547.9180643046834,2.94162659582784
"MATLAB 1-17 PM Tue, Sep 10, 2024 Run11 _features.csv","MATLAB 1-17 PM Tue, Sep 10, 2024 Run11 .csv",768.9500000017921,2892,6.959458442816111,7.857479045061697,2727.0402672086825,5.299507457353867
"MATLAB 3-13 PM Tue, Oct 15, 2024 Run8 _features.csv","MATLAB 3-13 PM Tue, Oct 15, 2024 Run8 .csv",533.9000000012443,41,3.5940937474522534,5.646832208586358,2499.4240281015113,4.20180177899312
"MATLAB 2-12 PM Mon, Sep 9, 2024 Run0 _features.csv","MATLAB 2-12 PM Mon, Sep 9, 2024 Run0 .csv",59.50000000013867,669,0.0965710540960925,0.1018264263529814,2902.0237801475714,5.374031770463471
"MATLAB 3-52 PM Thu, Aug 29, 2024 Run2 _features.csv","MATLAB 3-52 PM Thu, Aug 29, 2024 Run2 .csv",694.4000000016183,394,0.5171576884644555,0.5454837440294745,2682.764163171006,5.186839067288368
"MATLAB 3-18 PM Thu, Jun 27, 2024 Run2_features.csv","MATLAB 3-18 PM Thu, Jun 27, 2024 Run2.csv",58.80000000013704,6,0.0283613952193373,0.0225803091747627,2937.4959640395523,5.784109034837208
"MATLAB 4-09 PM Mon, Aug 26, 2024 Run7 _features.csv","MATLAB 4-09 PM Mon, Aug 26, 2024 Run7 .csv",686.4000000015997,1435,9.053827448362576,9.886878787007856,2622.3819755021937,5.238323512704467
"MATLAB 12-29 PM Fri, Sep 6, 2024 Run3 _features.csv","MATLAB 12-29 PM Fri, Sep 6, 2024 Run3 .csv",746.7000000017402,1470,3.0940468436022837,3.8440749658608486,2789.3181835050696,5.191723056657444
"MATLAB 4-00 PM Wed, Nov 6, 2024 Run7 _features.csv","MATLAB 4-00 PM Wed, Nov 6, 2024 Run7 .csv",1206.0000000001328,788,2.325685465581193,2.7457789584875454,2591.649323471499,5.113783685036269
"MATLAB 1-44 PM Thu, Nov 7, 2024 Run17 _features.csv","MATLAB 1-44 PM Thu, Nov 7, 2024 Run17 .csv",703.4000000000774,153,1.8056041497307829,2.41449235724654,2733.621352842638,4.821478570100004
"MATLAB 2-53 PM Thu, Oct 24, 2024 Run12 _features.csv","MATLAB 2-53 PM Thu, Oct 24, 2024 Run12 .csv",627.000000000069,181,2.3620659816403253,2.9518274423625224,2534.728591656335,4.928124765129253
"MATLAB 3-41 PM Tue, Oct 15, 2024 Run16 _features.csv","MATLAB 3-41 PM Tue, Oct 15, 2024 Run16 .csv",1175.4666666694063,1673,0.7545149268937786,0.9625308094679766,2644.8893943247513,4.8545367373075
"MATLAB 1-25 PM Thu, Nov 7, 2024 Run11 _features.csv","MATLAB 1-25 PM Thu, Nov 7, 2024 Run11 .csv",1206.800000000133,207,3.834546059041298,5.2466499208405635,2612.449837033382,4.682655973888899
"MATLAB 3-03 PM Thu, Oct 10, 2024 Run0 _features.csv","MATLAB 3-03 PM Thu, Oct 10, 2024 Run0 .csv",660.3000000015388,27,0.0297746402784721,0.0252581018164062,2735.471678878847,5.7113352061950575
"MATLAB 1-29 PM Thu, Nov 7, 2024 Run12 _features.csv","MATLAB 1-29 PM Thu, Nov 7, 2024 Run12 .csv",1211.0000000001337,54,2.047954205036036,2.692238423990504,2617.6148039685345,4.719874182722146
"MATLAB 2-06 PM Thu, Oct 31, 2024 Run4 _features.csv","MATLAB 2-06 PM Thu, Oct 31, 2024 Run4 .csv",4258.300000009925,7,0.0185871658916249,0.0343356485918928,2500.018556608703,4.149133178508112
"MATLAB 4-26 PM Thu, Oct 17, 2024 Run17 _features.csv","MATLAB 4-26 PM Thu, Oct 17, 2024 Run17 .csv",1186.7000000027656,344,1.3152466236603213,1.6864805590906262,2744.5322283254372,4.859310671477086
"MATLAB 2-12 PM Wed, Sep 18, 2024 Run1 _features.csv","MATLAB 2-12 PM Wed, Sep 18, 2024 Run1 .csv",89.00000000020742,1630,0.1320973999069818,0.1223204541643927,2977.7438865403697,5.311923685109782
"MATLAB 4-08 PM Tue, Jun 4, 2024 Run4 _features.csv","MATLAB 4-08 PM Tue, Jun 4, 2024 Run4 .csv",118.50000000027616,23,0.0255775666082891,0.0787829280592053,2179.101573399715,3.861693272440048
"MATLAB 5-01 PM Tue, Oct 1, 2024 Run13 _features.csv","MATLAB 5-01 PM Tue, Oct 1, 2024 Run13 .csv",800.8000000018664,1917,0.7902819993230753,0.9159945414759952,2693.0164266605034,5.223295358596358
"MATLAB 2-45 PM Thu, Oct 24, 2024 Run10 _features.csv","MATLAB 2-45 PM Thu, Oct 24, 2024 Run10 .csv",609.5000000000671,360,2.048615805069442,2.2817400569250728,2495.38460022319,5.220891684783671
"MATLAB 12-34 PM Fri, Jun 28, 2024 Run1 _features.csv","MATLAB 12-34 PM Fri, Jun 28, 2024 Run1 .csv",41.000000000095554,12,0.0175708508936392,0.0150185193133137,2391.0256622312754,5.575870057707851
"MATLAB 4-18 PM Wed, Nov 6, 2024 Run12 _features.csv","MATLAB 4-18 PM Wed, Nov 6, 2024 Run12 .csv",655.0000000000722,166,1.952642842996131,2.48491887964345,2636.903903898786,4.698519158772804
"MATLAB 3-55 PM Thu, Sep 5, 2024 Run0 _features.csv","MATLAB 3-55 PM Thu, Sep 5, 2024 Run0 .csv",1320.0000000030764,1298,2.45606209637058,3.014650277075678,2749.6091400699333,5.095252637413775
"MATLAB 5-05 PM Thu, Oct 10, 2024 Run14_features.csv","MATLAB 5-05 PM Thu, Oct 10, 2024 Run14.csv",1257.8000000029313,630,1.1411085142840605,1.397475838404364,2871.001372901429,5.139378536453751
"MATLAB 2-33 PM Mon, Oct 28, 2024 Run8 _features.csv","MATLAB 2-33 PM Mon, Oct 28, 2024 Run8 .csv",1256.066666669594,778,5.293664812186609,6.727592076600892,2522.8097809154356,4.881773074531235
"MATLAB 3-02 PM Thu, Oct 24, 2024 Run13_features.csv","MATLAB 3-02 PM Thu, Oct 24, 2024 Run13.csv",642.9000000014983,148,3.9608830940971025,5.126212591619678,2570.4445980728165,4.853562096469257
"MATLAB 1-51 PM Tue, Oct 29, 2024 Run13 _features.csv","MATLAB 1-51 PM Tue, Oct 29, 2024 Run13 .csv",719.4500000016767,1539,6.518221233043372,8.051569501331997,2576.044596838749,5.076872441712688
"MATLAB 1-38 PM Fri, Sep 13, 2024 Run1 _features.csv","MATLAB 1-38 PM Fri, Sep 13, 2024 Run1 .csv",97.400000000227,11,0.0191186087434466,0.0215041031119547,2451.612528986082,4.823172549892011
"MATLAB 4-12 PM Thu, Oct 3, 2024 Run15 _features.csv","MATLAB 4-12 PM Thu, Oct 3, 2024 Run15 .csv",1274.700000002971,2503,2.108981445844854,2.4392251535940503,2662.5478337029904,5.2801676619150655
"MATLAB 12-18 PM Tue, Sep 10, 2024 Run3 _features.csv","MATLAB 12-18 PM Tue, Sep 10, 2024 Run3 .csv",695.9500000016219,885,0.3409520893704197,0.3545304767243772,2697.7446777505884,5.353650533300739
"MATLAB 2-47 PM Mon, Oct 28, 2024 Run10 _features.csv","MATLAB 2-47 PM Mon, Oct 28, 2024 Run10 .csv",1242.600000002896,1462,4.491583231463481,5.600411824455164,2539.030052981622,4.992377111564236
"MATLAB 12-54 PM Thu, Nov 7, 2024 Run7 _features.csv","MATLAB 12-54 PM Thu, Nov 7, 2024 Run7 .csv",623.0000000000686,105,1.8369948254360464,2.395015870873626,2706.244807498287,5.218361113659405
"MATLAB 2-58 PM Tue, Oct 8, 2024 Run3 _features.csv","MATLAB 2-58 PM Tue, Oct 8, 2024 Run3 .csv",756.6000000017633,2550,0.4417681137787005,0.4473658956262541,2615.8570918149544,5.124449503018894
"MATLAB 2-34 PM Fri, Jun 14, 2024 Run13 _features.csv","MATLAB 2-34 PM Fri, Jun 14, 2024 Run13 .csv",1228.2000000028625,2586,0.2408704076797349,0.3182630073483756,2077.545520452942,5.08174812711532
"MATLAB 2-04 PM Wed, Sep 18, 2024 Run0 _features.csv","MATLAB 2-04 PM Wed, Sep 18, 2024 Run0 .csv",89.00000000020742,10,0.0172974170114032,0.0162946215018281,2336.9427361888916,5.18964203050753
"MATLAB 2-30 PM Tue, Oct 22, 2024 Run7 _features.csv","MATLAB 2-30 PM Tue, Oct 22, 2024 Run7 .csv",1170.000000000129,46,0.9177865289062044,1.4615316992944043,2674.8213584064692,4.999514885493674
"MATLAB 3-38 PM Thu, Oct 17, 2024 Run8 _features.csv","MATLAB 3-38 PM Thu, Oct 17, 2024 Run8 .csv",1166.0000000001285,50,0.6366819580078498,1.2160007625231113,2677.2859632780487,4.932542479627619
"MATLAB 3-31 PM Tue, Oct 15, 2024 Run11 _features.csv","MATLAB 3-31 PM Tue, Oct 15, 2024 Run11 .csv",570.7000000013301,135,6.111497262623182,8.490539029233103,2463.7681460980584,4.612973834507223
"MATLAB 2-35 PM Tue, Oct 8, 2024 Run1 _features.csv","MATLAB 2-35 PM Tue, Oct 8, 2024 Run1 .csv",1379.500000003215,22,0.0174306025824107,0.0184726963086972,2409.5122468011728,5.564471577600081
"MATLAB 3-59 PM Tue, Sep 17, 2024 Run7 _features.csv","MATLAB 3-59 PM Tue, Sep 17, 2024 Run7 .csv",3240.500000007552,2066,4.712976187315567,5.907300983051511,3016.668113658925,5.12924839176773
"MATLAB 12-54 PM Fri, Jun 28, 2024 Run7 _features.csv","MATLAB 12-54 PM Fri, Jun 28, 2024 Run7 .csv",1545.4000000036017,675,1.533538438159875,2.369269541939421,2130.9227175421033,4.619807987876399
"MATLAB 2-03 PM Thu, Oct 24, 2024 Run1 _features.csv","MATLAB 2-03 PM Thu, Oct 24, 2024 Run1 .csv",3505.050000008169,3790,3.117312421818399,3.543269806629951,2755.028930404545,5.2518656025684205
"MATLAB 3-54 PM Thu, Oct 3, 2024 Run10 _features.csv","MATLAB 3-54 PM Thu, Oct 3, 2024 Run10 .csv",1268.800000002957,4575,1.5518395585765186,1.7165601417107492,2646.313731348903,5.327876287192338
"MATLAB 1-43 PM Tue, Oct 29, 2024 Run11 _features.csv","MATLAB 1-43 PM Tue, Oct 29, 2024 Run11 .csv",711.1500000016574,1674,6.910312654856162,8.52794865023938,2559.376230632853,5.048219250388929
"MATLAB 2-01 PM Mon, Oct 28, 2024 Run1 _features.csv","MATLAB 2-01 PM Mon, Oct 28, 2024 Run1 .csv",1230.7666666695352,5614,0.629805815570311,0.6350742111698349,2597.425034307297,4.997915527409993
"MATLAB 3-56 PM Thu, Oct 10, 2024 Run2 _features.csv","MATLAB 3-56 PM Thu, Oct 10, 2024 Run2 .csv",3659.8000000085294,583,0.193844968316578,0.2186373764548049,2996.174084475952,5.051348392029788
"MATLAB 2-51 PM Thu, Oct 24, 2024 Run11 _features.csv","MATLAB 2-51 PM Thu, Oct 24, 2024 Run11 .csv",1181.8000000027544,616,5.1301207911448445,6.398408173000847,2518.583512243362,4.944970112079103
"MATLAB 4-43 PM Tue, Oct 1, 2024 Run7 _features.csv","MATLAB 4-43 PM Tue, Oct 1, 2024 Run7 .csv",801.550000001868,5488,5.300249582519407,6.092365302374173,2944.271226686909,5.396977422863232
"MATLAB 1-53 PM Tue, Oct 29, 2024 Run14 _features.csv","MATLAB 1-53 PM Tue, Oct 29, 2024 Run14 .csv",1254.9000000029246,688,4.302118852308241,6.309540482437013,2388.4759463654013,4.596733719104828
"MATLAB 3-56 PM Tue, Sep 17, 2024 Run6 _features.csv","MATLAB 3-56 PM Tue, Sep 17, 2024 Run6 .csv",2696.2000000062835,2037,7.975013220409341,9.175943026317777,2981.783333078744,5.265750090635734
"MATLAB 1-45 PM Tue, Oct 29, 2024 Run12 _features.csv","MATLAB 1-45 PM Tue, Oct 29, 2024 Run12 .csv",711.3000000016577,1313,6.9076149340748785,8.612168065469458,2562.4965967073213,5.038038487705507
"MATLAB 11-55 AM Tue, Sep 10, 2024 Run0 _features.csv","MATLAB 11-55 AM Tue, Sep 10, 2024 Run0 .csv",636.5200000014835,3166,0.4364161674801627,0.4689086380110472,2870.5552325816548,5.275420865001682
"MATLAB 3-57 PM Thu, Oct 3, 2024 Run12 _features.csv","MATLAB 3-57 PM Thu, Oct 3, 2024 Run12 .csv",805.3000000018768,2847,3.8272472094997783,4.33026798467592,2670.8028426698156,5.345554976202784
"MATLAB 3-15 PM Mon, Oct 28, 2024 Run17 _features.csv","MATLAB 3-15 PM Mon, Oct 28, 2024 Run17 .csv",1380.8000000032182,3363,0.4292867904645666,0.4314683757187676,2691.868329462271,5.071527716274375
"MATLAB 2-11 PM Tue, Oct 22, 2024 Run4 _features.csv","MATLAB 2-11 PM Tue, Oct 22, 2024 Run4 .csv",495.2000000000545,14,1.966296625339004,3.1715294989365166,2801.2639113350333,4.729576068215792
"MATLAB 3-02 PM Fri, Aug 23, 2024 Run3 _features.csv","MATLAB 3-02 PM Fri, Aug 23, 2024 Run3 .csv",639.7000000014908,272,0.9837954321664372,1.069918462213462,2791.698403165424,5.282320018705416
"MATLAB 2-04 PM Tue, Oct 22, 2024 Run2 _features.csv","MATLAB 2-04 PM Tue, Oct 22, 2024 Run2 .csv",1379.6333333365487,2641,0.6188811666175436,0.5982566912692109,2531.425679215114,5.041846266205553
"MATLAB 3-00 PM Tue, Oct 15, 2024 Run5 _features.csv","MATLAB 3-00 PM Tue, Oct 15, 2024 Run5 .csv",501.600000001169,46,5.296525060572092,8.907320340710763,2529.9379224015915,4.019316782771654
"MATLAB 4-38 PM Thu, Oct 10, 2024 Run9 _features.csv","MATLAB 4-38 PM Thu, Oct 10, 2024 Run9 .csv",770.1000000017948,928,4.429594407673624,5.528861370578201,2629.402359173838,5.06699881920528
"MATLAB 4-58 PM Thu, Oct 10, 2024 Run12_features.csv","MATLAB 4-58 PM Thu, Oct 10, 2024 Run12.csv",1251.3000000029162,581,2.961799954259288,3.6454944870252697,2900.59237884781,5.167429576095662
"MATLAB 12-29 PM Fri, Sep 6, 2024 Run2 _features.csv","MATLAB 12-29 PM Fri, Sep 6, 2024 Run2 .csv",746.4000000017395,1696,2.7126505004343135,3.3914410536694644,2796.034195495286,5.152753589758931
"MATLAB 2-23 PM Thu, Oct 31, 2024 Run10 _features.csv","MATLAB 2-23 PM Thu, Oct 31, 2024 Run10 .csv",1248.3000000029092,446,4.105740311289571,5.083106465040808,2770.1274273440667,5.022766902994041
"MATLAB 1-15 PM Thu, Aug 22, 2024 Run5 _features.csv","MATLAB 1-15 PM Thu, Aug 22, 2024 Run5 .csv",598.1000000013939,2814,1.36081689053371,1.4368175531212868,2815.560688080591,5.397793545292677
"MATLAB 4-07 PM Mon, Aug 26, 2024 Run6 _features.csv","MATLAB 4-07 PM Mon, Aug 26, 2024 Run6 .csv",1271.5000000029634,593,8.447650375091653,9.617567972459328,2609.5997909474545,5.131871175970454
"MATLAB 2-03 PM Tue, Oct 8, 2024 Run0 _features.csv","MATLAB 2-03 PM Tue, Oct 8, 2024 Run0 .csv",3658.900000008527,1661,0.0817763863526047,0.0676499117979956,2797.1561796466262,5.364336807557047
"MATLAB 2-13 PM Thu, Oct 31, 2024 Run7 _features.csv","MATLAB 2-13 PM Thu, Oct 31, 2024 Run7 .csv",1242.0000000001369,193,1.799394984513763,2.1779959132058435,2807.0962242295827,5.053070963419328
"MATLAB 4-08 PM Thu, Sep 5, 2024 Run3 _features.csv","MATLAB 4-08 PM Thu, Sep 5, 2024 Run3 .csv",1321.3000000030793,966,1.7284162276967412,2.1429246534472988,2753.178003658714,5.03715569249348
"MATLAB 3-36 PM Tue, Oct 8, 2024 Run11 _features.csv","MATLAB 3-36 PM Tue, Oct 8, 2024 Run11 .csv",1263.5333333362782,2862,4.038687939933536,4.803865383590242,2627.3334284792386,5.195646867176138
"MATLAB 2-40 PM Fri, Jun 14, 2024 Run15 _features.csv","MATLAB 2-40 PM Fri, Jun 14, 2024 Run15 .csv",1251.0000000029156,1892,0.4370111198961222,0.5932396782358503,2331.2783344209715,5.013985114614323
"MATLAB 4-20 PM Thu, Oct 17, 2024 Run14 _features.csv","MATLAB 4-20 PM Thu, Oct 17, 2024 Run14 .csv",1182.0000000001305,61,0.6860554372382066,0.946536049210082,2717.0304575777823,4.782274163230877
"MATLAB 1-36 PM Tue, Oct 29, 2024 Run9 _features.csv","MATLAB 1-36 PM Tue, Oct 29, 2024 Run9 .csv",698.400000000077,1179,2.05760446427197,2.391425968917849,2571.211999921162,5.152042779256101
"MATLAB 1-55 PM Fri, Jun 14, 2024 Run5 _features.csv","MATLAB 1-55 PM Fri, Jun 14, 2024 Run5 .csv",57.300000000133544,454,0.2568617430875717,0.272781787048134,1961.8077767649825,5.056045199970073
"MATLAB 2-40 PM Tue, Oct 22, 2024 Run8 _features.csv","MATLAB 2-40 PM Tue, Oct 22, 2024 Run8 .csv",576.0000000000634,5,0.9988162491641546,1.9971693283762255,2713.351393728248,4.191528964142282
"MATLAB 3-55 PM Tue, Sep 17, 2024 Run5 _features.csv","MATLAB 3-55 PM Tue, Sep 17, 2024 Run5 .csv",3237.100000007544,1920,6.11630333519028,7.26871740503488,2999.743659303757,5.2339315680556915
"MATLAB 3-05 PM Fri, Jun 14, 2024 Run20 _features.csv","MATLAB 3-05 PM Fri, Jun 14, 2024 Run20 .csv",400.00000000093223,590,1.415600985053276,1.9108897447315576,2491.164231884523,4.999244444137724
"MATLAB 2-21 PM Thu, Oct 24, 2024 Run5 _features.csv","MATLAB 2-21 PM Thu, Oct 24, 2024 Run5 .csv",525.0000000000579,120,1.0899942361742685,1.4824890561717017,2656.4380029592257,5.136518544706168
"MATLAB 4-24 PM Thu, Oct 10, 2024 Run6 _features.csv","MATLAB 4-24 PM Thu, Oct 10, 2024 Run6 .csv",1268.5000000029563,1597,3.005611309694262,3.732881908855453,2543.464192035686,5.066842089430976
"MATLAB 2-16 PM Thu, Oct 31, 2024 Run9 _features.csv","MATLAB 2-16 PM Thu, Oct 31, 2024 Run9 .csv",1243.6500000028984,729,5.9657236645808895,7.363230600262912,2742.187886697495,5.05783923889244
"MATLAB 3-34 PM Thu, Oct 3, 2024 Run5 _features.csv","MATLAB 3-34 PM Thu, Oct 3, 2024 Run5 .csv",1259.6000000029355,1606,0.4930172056779722,0.5045248682383606,2603.9864738560045,5.225036062827435
"MATLAB 1-19 PM Tue, Sep 10, 2024 Run12 _features.csv","MATLAB 1-19 PM Tue, Sep 10, 2024 Run12 .csv",770.7500000017963,2450,5.195203731707693,5.895294908282842,2731.248115112046,5.30132917638595
"MATLAB 12-47 PM Thu, Nov 7, 2024 Run6 _features.csv","MATLAB 12-47 PM Thu, Nov 7, 2024 Run6 .csv",597.0000000013913,2816,2.7056225970721437,3.1120842004464104,2656.733761723805,5.2726334230193554
"MATLAB 1-30 PM Tue, Sep 10, 2024 Run16 _features.csv","MATLAB 1-30 PM Tue, Sep 10, 2024 Run16 .csv",775.4500000018072,1462,3.389486536828343,3.905843190755765,2740.7702028592166,5.265481884055491
"MATLAB 2-48 PM Fri, Jun 14, 2024 Run16 _features.csv","MATLAB 2-48 PM Fri, Jun 14, 2024 Run16 .csv",2548.000000005938,2875,0.7707249437779012,0.974452096762374,2360.8866162824684,5.1215168277137115
"MATLAB 4-38 PM Tue, Oct 1, 2024 Run6 _features.csv","MATLAB 4-38 PM Tue, Oct 1, 2024 Run6 .csv",787.1000000018344,13,2.8798586544994538,5.437371073723465,3119.319676503609,4.819718263046381
"MATLAB 4-10 PM Wed, Jun 19, 2024 Run0 _features.csv","MATLAB 4-10 PM Wed, Jun 19, 2024 Run0 .csv",59.000000000137504,4,0.0164754479444448,0.0148405720077185,2357.4101807112183,5.304496373157342
"MATLAB 12-28 PM Thu, Nov 7, 2024 Run5 _features.csv","MATLAB 12-28 PM Thu, Nov 7, 2024 Run5 .csv",1188.4500000027697,3171,3.6057750308753858,4.276461561227989,2644.805923459308,5.165311567148512
"MATLAB 2-23 PM Mon, Oct 28, 2024 Run5 _features.csv","MATLAB 2-23 PM Mon, Oct 28, 2024 Run5 .csv",706.5000000000778,59,1.2698345633292965,1.6209377501561932,2807.092705746489,5.22455742486692
"MATLAB 2-36 PM Fri, Jun 14, 2024 Run14 _features.csv","MATLAB 2-36 PM Fri, Jun 14, 2024 Run14 .csv",2541.2000000059224,2749,0.3283190886864217,0.4203124637589515,2201.626090575938,5.107032706088119
"MATLAB 3-38 PM Tue, Oct 8, 2024 Run12 _features.csv","MATLAB 3-38 PM Tue, Oct 8, 2024 Run12 .csv",782.9666666684915,5263,1.6260954442381113,1.8659997067619545,2634.655292095931,5.2470929807591595
"MATLAB 4-26 PM Thu, Sep 5, 2024 Run8 _features.csv","MATLAB 4-26 PM Thu, Sep 5, 2024 Run8 .csv",1324.5000000030868,1128,2.3807025341810344,3.028056653742253,2859.3788583681603,5.062568588066262
"MATLAB 3-13 PM Mon, Oct 28, 2024 Run16 _features.csv","MATLAB 3-13 PM Mon, Oct 28, 2024 Run16 .csv",766.0000000017852,1342,1.0528952089742982,1.2537390069307124,2699.2901232004997,5.119126946849372
"MATLAB 3-16 PM Thu, Oct 3, 2024 Run4 _features.csv","MATLAB 3-16 PM Thu, Oct 3, 2024 Run4 .csv",780.2000000018184,4337,0.4724245097626874,0.4513434724512109,2554.3425982822823,5.163274615101384
"MATLAB 3-44 PM Thu, Aug 29, 2024 Run1 _features.csv","MATLAB 3-44 PM Thu, Aug 29, 2024 Run1 .csv",682.1000000015897,260,0.3463245886843814,0.3953010832929352,2813.167837484555,5.131514666502363
"MATLAB 12-59 PM Thu, Aug 22, 2024 Run0_features.csv","MATLAB 12-59 PM Thu, Aug 22, 2024 Run0.csv",72.9000000001699,4187,0.2870227574001442,0.2613133064701315,2859.3828586665086,5.560487837719746
"MATLAB 3-52 PM Tue, Oct 1, 2024 Run2 _features.csv","MATLAB 3-52 PM Tue, Oct 1, 2024 Run2 .csv",1379.500000003215,19,0.0186405263918101,0.0209428051287211,2520.6576951569523,5.182030972599824
"MATLAB 12-52 PM Fri, Jun 14, 2024 Run0 _features.csv","MATLAB 12-52 PM Fri, Jun 14, 2024 Run0 .csv",330.8000000007709,1669,0.6749400559591282,0.5593726878237911,2489.955468288857,5.662656160689451
"MATLAB 12-39 PM Tue, Oct 29, 2024 Run1 _features.csv","MATLAB 12-39 PM Tue, Oct 29, 2024 Run1 .csv",1203.6000000028052,6270,0.7547078948980117,0.7407687396307083,2582.6194617716783,4.91710450224329
"MATLAB 1-02 PM Thu, Nov 7, 2024 Run8 _features.csv","MATLAB 1-02 PM Thu, Nov 7, 2024 Run8 .csv",641.4000000000706,49,2.215778398277925,2.7755829227255058,2687.937309309328,5.037631547344615
"MATLAB 3-05 PM Mon, Sep 9, 2024 Run3 _features.csv","MATLAB 3-05 PM Mon, Sep 9, 2024 Run3 .csv",59.55000000013879,324,0.1007308325826258,0.0850385722847393,2861.0984609063385,5.435236194562917
"MATLAB 2-59 PM Thu, Oct 17, 2024 Run1 _features.csv","MATLAB 2-59 PM Thu, Oct 17, 2024 Run1 .csv",1380.8000000032182,41,0.0310209211068513,0.0354184372412267,2476.0373765076274,5.367042434616691
"MATLAB 3-52 PM Thu, Oct 3, 2024 Run8 _features.csv","MATLAB 3-52 PM Thu, Oct 3, 2024 Run8 .csv",1260.8000000029383,2556,3.671082419020388,4.164546740314513,2640.2957551454983,5.33847900090633
"MATLAB 3-15 PM Thu, Oct 24, 2024 Run15_features.csv","MATLAB 3-15 PM Thu, Oct 24, 2024 Run15.csv",662.0000000000729,50,0.9603971005883752,1.195299849989603,2610.5986151690854,4.828633635240349
"MATLAB 2-48 PM Thu, Oct 31, 2024 Run19 _features.csv","MATLAB 2-48 PM Thu, Oct 31, 2024 Run19 .csv",1245.9000000029037,538,0.7484280938077065,0.9243168973580216,2869.1360141530017,4.987253018973656
"MATLAB 3-03 PM Fri, Aug 23, 2024 Run4 _features.csv","MATLAB 3-03 PM Fri, Aug 23, 2024 Run4 .csv",645.6000000015046,1141,1.5219961746695272,1.6081871443691818,2698.687849511912,5.2667821771746794
"MATLAB 1-04 PM Thu, Aug 22, 2024 Run2_features.csv","MATLAB 1-04 PM Thu, Aug 22, 2024 Run2.csv",559.500000001304,448,0.4428764111278655,0.4885488112997491,2933.986774731406,5.291812879461318
"MATLAB 2-30 PM Fri, Jun 14, 2024 Run11 _features.csv","MATLAB 2-30 PM Fri, Jun 14, 2024 Run11 .csv",3297.7000000076855,2576,0.0937630718956213,0.1097757864070583,2045.925138923753,5.30599669105259
"MATLAB 12-42 PM Fri, Jun 28, 2024 Run4 _features.csv","MATLAB 12-42 PM Fri, Jun 28, 2024 Run4 .csv",2940.100000006852,444,0.0678525566220404,0.0801314996777917,2143.785677629162,5.074794262982484
"MATLAB 3-06 PM Tue, Oct 8, 2024 Run4 _features.csv","MATLAB 3-06 PM Tue, Oct 8, 2024 Run4 .csv",762.7000000017775,2897,0.4637989201008113,0.4637275400033299,2513.5094668832853,5.048364007148537
"MATLAB 1-59 PM Tue, Oct 29, 2024 Run16 _features.csv","MATLAB 1-59 PM Tue, Oct 29, 2024 Run16 .csv",729.5000000017002,1537,3.1455661021750396,3.9359818829386137,2563.481449008549,5.033556548543777
"MATLAB 3-53 PM Thu, Oct 3, 2024 Run9 _features.csv","MATLAB 3-53 PM Thu, Oct 3, 2024 Run9 .csv",804.9000000018758,3440,2.960161901387845,3.327366403999502,2652.353235638808,5.34100610374219
"MATLAB 1-43 PM Thu, Oct 31, 2024 Run2 _features.csv","MATLAB 1-43 PM Thu, Oct 31, 2024 Run2 .csv",1380.300000003217,39,0.0568953194223319,0.0704326353806621,2941.7495980060794,5.2145719773328185
"MATLAB 4-05 PM Thu, Oct 10, 2024 Run3 _features.csv","MATLAB 4-05 PM Thu, Oct 10, 2024 Run3 .csv",1380.1500000032163,92,0.1085100366299391,0.1067464852450421,2889.4232459260056,5.3687617011625335
"MATLAB 2-52 PM Tue, Oct 15, 2024 Run4 _features.csv","MATLAB 2-52 PM Tue, Oct 15, 2024 Run4 .csv",483.4500000011267,12,0.2689260091232541,0.478459371569689,2388.6683600850793,3.544124675571847
"MATLAB 1-43 PM Fri, Jun 14, 2024 Run3 _features.csv","MATLAB 1-43 PM Fri, Jun 14, 2024 Run3 .csv",57.00000000013284,401,0.4091293468177958,0.3383786145875579,2457.9633489748994,5.696520536730979
"MATLAB 3-28 PM Thu, Oct 17, 2024 Run6 _features.csv","MATLAB 3-28 PM Thu, Oct 17, 2024 Run6 .csv",493.2000000011494,3,2.657545758379635,7.531173349297584,2845.440436623635,3.609941605198165
"MATLAB 3-05 PM Wed, Nov 6, 2024 Run1 _features.csv","MATLAB 3-05 PM Wed, Nov 6, 2024 Run1 .csv",4377.166666676868,23,0.0312278772092053,0.0544140389068738,2465.8178796594207,4.033698537032157
"MATLAB 1-20 PM Thu, Aug 22, 2024 Run6 _features.csv","MATLAB 1-20 PM Thu, Aug 22, 2024 Run6 .csv",614.3000000014316,1447,1.5731772733855565,1.6986444135608862,2779.613902746006,5.367689414856277
"MATLAB 1-31 PM Tue, Oct 29, 2024 Run7 _features.csv","MATLAB 1-31 PM Tue, Oct 29, 2024 Run7 .csv",1237.3666666695506,4092,5.231347809561007,6.264591953226805,2582.726661232263,5.133696320504733
"MATLAB 4-39 PM Thu, Oct 10, 2024 Run10_features.csv","MATLAB 4-39 PM Thu, Oct 10, 2024 Run10.csv",1259.999999999964,58,0.732985385746229,0.7171587499821347,2553.9872650803404,5.10459915768722
"MATLAB 4-23 PM Wed, Nov 6, 2024 Run14 _features.csv","MATLAB 4-23 PM Wed, Nov 6, 2024 Run14 .csv",664.0000000000731,30,1.408402875352296,1.9289434542555517,2689.8457997605465,4.7424472749932844
"MATLAB 1-00 PM Fri, Jun 28, 2024 Run8 _features.csv","MATLAB 1-00 PM Fri, Jun 28, 2024 Run8 .csv",1548.8000000036095,675,1.6479286445074273,2.273277576861326,2353.019650429362,4.83067034633243
"MATLAB 3-29 PM Tue, Oct 8, 2024 Run9 _features.csv","MATLAB 3-29 PM Tue, Oct 8, 2024 Run9 .csv",778.7500000018149,2021,6.410654281087758,7.490777093786752,2657.4620371427795,5.265195859668603
"MATLAB 2-32 PM Fri, Sep 13, 2024 Run3 _features.csv","MATLAB 2-32 PM Fri, Sep 13, 2024 Run3 .csv",98.50000000022956,2224,0.1799430854037833,0.1942674595859102,3019.401525562667,5.107782127554632
"MATLAB 2-32 PM Mon, Sep 9, 2024 Run2 _features.csv","MATLAB 2-32 PM Mon, Sep 9, 2024 Run2 .csv",609.0000000014193,211,0.0955721094420683,0.115311005766595,2887.007544518102,4.983008266091885
"MATLAB 1-28 PM Tue, Oct 29, 2024 Run6 _features.csv","MATLAB 1-28 PM Tue, Oct 29, 2024 Run6 .csv",4261.566666676599,34,0.0319057671141191,0.0668197467856631,2517.5766229026103,4.133220369902326
"MATLAB 4-21 PM Wed, Nov 6, 2024 Run13 _features.csv","MATLAB 4-21 PM Wed, Nov 6, 2024 Run13 .csv",661.0000000000728,94,1.5416720227786762,2.084324820140535,2662.5565848119168,4.831550663922527
"MATLAB 3-04 PM Tue, Oct 15, 2024 Run6 _features.csv","MATLAB 3-04 PM Tue, Oct 15, 2024 Run6 .csv",514.7666666678664,58,6.129651984577394,9.562377242002462,2512.114963544273,4.215089913968793
"MATLAB 3-13 PM Fri, Aug 23, 2024 Run6 _features.csv","MATLAB 3-13 PM Fri, Aug 23, 2024 Run6 .csv",664.6000000015489,571,5.838557012743255,6.504543361716808,2739.196876545221,5.2349250982599305
"MATLAB 2-25 PM Tue, Jun 4, 2024 Run3 _features.csv","MATLAB 2-25 PM Tue, Jun 4, 2024 Run3 .csv",59.400000000138434,2831,0.7758093074917519,0.6540872494074811,1827.6458419440564,5.641760631460576
"MATLAB 4-16 PM Thu, Sep 5, 2024 Run5 _features.csv","MATLAB 4-16 PM Thu, Sep 5, 2024 Run5 .csv",1323.8000000030852,1778,0.5102664189252599,0.6115869091948632,2802.9274739425946,5.070466384879728
"MATLAB 4-38 PM Thu, Oct 17, 2024 Run23 _features.csv","MATLAB 4-38 PM Thu, Oct 17, 2024 Run23 .csv",4379.13333334354,1142,0.3446334658791938,0.4355393971239276,2763.549546825423,4.848277559868096
"MATLAB 4-34 PM Tue, Oct 1, 2024 Run5 _features.csv","MATLAB 4-34 PM Tue, Oct 1, 2024 Run5 .csv",782.6000000018239,3127,0.6125198772891038,0.695589650049055,2782.409657151202,5.290649868179364
"MATLAB 4-47 PM Tue, Oct 1, 2024 Run8 _features.csv","MATLAB 4-47 PM Tue, Oct 1, 2024 Run8 .csv",791.4500000018445,2489,4.679917855880998,5.5090449243879345,2661.869202980722,5.26634268869833
"MATLAB 3-05 PM Fri, Sep 13, 2024 Run7 _features.csv","MATLAB 3-05 PM Fri, Sep 13, 2024 Run7 .csv",2682.133333339584,3345,10.44647023009828,13.310007687809769,2888.2014510199215,5.120805380026357
"MATLAB 4-29 PM Thu, Oct 10, 2024 Run8 _features.csv","MATLAB 4-29 PM Thu, Oct 10, 2024 Run8 .csv",1254.8000000029244,537,3.483492696986674,4.519811975178106,2657.7371337131435,4.943537001763355
"MATLAB 2-26 PM Thu, Oct 31, 2024 Run11 _features.csv","MATLAB 2-26 PM Thu, Oct 31, 2024 Run11 .csv",1249.500000002912,528,5.0176745303579855,6.2331631794799165,2786.6788494787525,5.0075979887474915
"MATLAB 4-32 PM Wed, Nov 6, 2024 Run16 _features.csv","MATLAB 4-32 PM Wed, Nov 6, 2024 Run16 .csv",678.8000000000748,480,0.6131892037058166,0.8283884605014686,2704.1088004114913,4.72720826887574
"MATLAB 4-30 PM Thu, Oct 17, 2024 Run19 _features.csv","MATLAB 4-30 PM Thu, Oct 17, 2024 Run19 .csv",1189.800000002773,917,0.5190177550554648,0.6529769929977458,2748.024519934838,4.8345980653354115
"MATLAB 4-12 PM Wed, Nov 6, 2024 Run10 _features.csv","MATLAB 4-12 PM Wed, Nov 6, 2024 Run10 .csv",650.1000000015151,287,4.665378622196802,6.378869515375033,2674.828542510051,4.688955773422711
"MATLAB 3-19 PM Wed, Sep 18, 2024 Run10 _features.csv","MATLAB 3-19 PM Wed, Sep 18, 2024 Run10 .csv",2954.2000000068847,2747,8.190278154842938,10.047001834752844,2966.767124531199,5.205567295615228
"MATLAB 3-26 PM Wed, Sep 18, 2024 Run12 _features.csv","MATLAB 3-26 PM Wed, Sep 18, 2024 Run12 .csv",2954.300000006885,2728,3.078848249441879,3.893472948480442,2997.8366069431668,5.146160817018704
"MATLAB 3-11 PM Fri, Aug 23, 2024 Run5 _features.csv","MATLAB 3-11 PM Fri, Aug 23, 2024 Run5 .csv",1253.6000000029217,1143,2.622575321041335,2.7926831417613163,2633.0714953360657,5.278312047848095
"MATLAB 1-14 PM Tue, Sep 10, 2024 Run10 _features.csv","MATLAB 1-14 PM Tue, Sep 10, 2024 Run10 .csv",765.050000001783,3189,5.588614556491646,6.382025066598065,2805.390108631545,5.277985989701007
"MATLAB 10-49 AM Tue, Jun 4, 2024 Run0 _features.csv","MATLAB 10-49 AM Tue, Jun 4, 2024 Run0 .csv",58.90000000013727,29,0.059431045715736,0.088134615198218,1543.708081665491,4.480402674319312
"MATLAB 3-18 PM Tue, Oct 15, 2024 Run9 _features.csv","MATLAB 3-18 PM Tue, Oct 15, 2024 Run9 .csv",544.500000001269,13,3.7524903132006697,6.362946004365458,2478.312407669474,3.939743649579028
"MATLAB 3-28 PM Wed, Sep 18, 2024 Run13 _features.csv","MATLAB 3-28 PM Wed, Sep 18, 2024 Run13 .csv",2953.400000006883,2751,1.2897582638794551,1.6096824059418504,3002.2264810658603,5.1559286563107225
"MATLAB 3-57 PM Thu, Aug 29, 2024 Run4 _features.csv","MATLAB 3-57 PM Thu, Aug 29, 2024 Run4 .csv",707.4000000016487,526,4.250987686704982,4.788607041304079,2752.482853011055,5.2322197966030455
"MATLAB 1-23 PM Tue, Sep 10, 2024 Run15 _features.csv","MATLAB 1-23 PM Tue, Sep 10, 2024 Run15 .csv",767.2500000017881,2888,1.249715453698945,1.4096197394159442,2796.8335289402876,5.284386417079872
"MATLAB 4-34 PM Thu, Sep 5, 2024 Run10 _features.csv","MATLAB 4-34 PM Thu, Sep 5, 2024 Run10 .csv",1317.2000000030698,1931,1.7791993641990764,2.2492208603540615,3001.1427150359696,5.137610517685269
"MATLAB 1-21 PM Tue, Oct 29, 2024 Run5 _features.csv","MATLAB 1-21 PM Tue, Oct 29, 2024 Run5 .csv",4262.300000009934,77,0.0334514547460907,0.0707763982333403,2587.034568148473,4.00723289825329
"MATLAB 4-36 PM Thu, Oct 17, 2024 Run22 _features.csv","MATLAB 4-36 PM Thu, Oct 17, 2024 Run22 .csv",4378.0333333435365,2103,0.3607749012245018,0.4364826998472755,2773.6330032568153,4.823064399000161
"MATLAB 2-40 PM Fri, Aug 23, 2024 Run0 _features.csv","MATLAB 2-40 PM Fri, Aug 23, 2024 Run0 .csv",120.00000000027968,10,0.0231395466947827,0.0158201373300944,2768.9511456704777,5.950704823232869
"MATLAB 1-30 PM Thu, Oct 31, 2024 Run1 _features.csv","MATLAB 1-30 PM Thu, Oct 31, 2024 Run1 .csv",1380.4000000032172,29,0.0318153573224557,0.0502538998829685,2477.3855745742217,4.595889153057674
"MATLAB 1-50 PM Thu, Nov 7, 2024 Run19 _features.csv","MATLAB 1-50 PM Thu, Nov 7, 2024 Run19 .csv",1212.266666669492,1840,0.6154226082567623,0.7832997975207683,2823.553091787255,4.998056333397509
"MATLAB 3-31 PM Thu, Oct 10, 2024 Run1 _features.csv","MATLAB 3-31 PM Thu, Oct 10, 2024 Run1 .csv",1380.4500000032172,13,0.05588183890243,0.0475400749030733,2745.017633513237,5.607501151981975
"MATLAB 3-41 PM Thu, Oct 3, 2024 Run6 _features.csv","MATLAB 3-41 PM Thu, Oct 3, 2024 Run6 .csv",800.200000001865,2707,3.4468888702267253,3.904609397339328,2659.5487256497304,5.351041809543968
"MATLAB 2-25 PM Thu, Oct 24, 2024 Run6 _features.csv","MATLAB 2-25 PM Thu, Oct 24, 2024 Run6 .csv",546.5000000000601,69,1.6281014315131883,2.0240296778454607,2484.945703328229,4.943091182079725
"MATLAB 3-17 PM Thu, Jun 27, 2024 Run1_features.csv","MATLAB 3-17 PM Thu, Jun 27, 2024 Run1.csv",58.80000000013704,1499,0.0883259409840173,0.0866173594785972,3447.6987684543415,5.626899858580819
"MATLAB 3-59 PM Tue, Oct 1, 2024 Run3 _features.csv","MATLAB 3-59 PM Tue, Oct 1, 2024 Run3 .csv",759.0000000017689,3276,0.5637032447221121,0.5298370208536602,2655.8006759700306,5.259785366729001
"MATLAB 12-12 PM Tue, Sep 10, 2024 Run2 _features.csv","MATLAB 12-12 PM Tue, Sep 10, 2024 Run2 .csv",82.70000000019273,293,0.3254424381575664,0.3873874323479959,2731.3714830244667,4.852285889013739
"MATLAB 2-48 PM Tue, Jun 11, 2024 Run3 _features.csv","MATLAB 2-48 PM Tue, Jun 11, 2024 Run3 .csv",3149.50000000734,1616,3.012323634084798,4.299359001790076,2345.7983651559452,4.89085288471098
"MATLAB 2-54 PM Fri, Sep 13, 2024 Run5 _features.csv","MATLAB 2-54 PM Fri, Sep 13, 2024 Run5 .csv",802.7000000018708,4842,1.588413678541092,1.80438724652126,2812.0920618698965,5.227951666034694
"MATLAB 4-00 PM Mon, Aug 26, 2024 Run5 _features.csv","MATLAB 4-00 PM Mon, Aug 26, 2024 Run5 .csv",667.9000000015566,1135,5.3971218565542936,6.0900776050725804,2643.3911553502166,5.191759254385233
"MATLAB 2-25 PM Mon, Oct 28, 2024 Run6 _features.csv","MATLAB 2-25 PM Mon, Oct 28, 2024 Run6 .csv",1247.5000000029074,735,3.005081519607514,3.6153185245727864,2517.7145303360057,4.936925328811337
"MATLAB 3-17 PM Wed, Sep 18, 2024 Run9 _features.csv","MATLAB 3-17 PM Wed, Sep 18, 2024 Run9 .csv",2958.000000006894,2985,5.422528599390386,6.46801571569453,2927.92230855845,5.2620274066988495
"MATLAB 3-59 PM Tue, Sep 17, 2024 Run8 _features.csv","MATLAB 3-59 PM Tue, Sep 17, 2024 Run8 .csv",3239.3000000075494,1617,3.1023697006052946,3.9198735615836977,3008.585012178417,5.108043702761888
"MATLAB 3-33 PM Mon, Aug 26, 2024 Run0 _features.csv","MATLAB 3-33 PM Mon, Aug 26, 2024 Run0 .csv",3240.400000007552,1793,0.1004343270309968,0.0887396775204006,2585.144798832363,5.572390214345541
"MATLAB 3-53 PM Wed, Nov 6, 2024 Run5 _features.csv","MATLAB 3-53 PM Wed, Nov 6, 2024 Run5 .csv",1207.4333333361474,7967,0.8222534888182041,0.9850732763890871,2470.1638046847306,4.970026303304744
"MATLAB 4-22 PM Thu, Oct 10, 2024 Run5 _features.csv","MATLAB 4-22 PM Thu, Oct 10, 2024 Run5 .csv",1277.6000000029776,1138,2.6877676550642167,3.329116903809034,2578.445022023406,5.091687466907981
"MATLAB 4-56 PM Tue, Oct 1, 2024 Run10 _features.csv","MATLAB 4-56 PM Tue, Oct 1, 2024 Run10 .csv",1248.8000000029103,2200,2.2765192064857525,2.694331233061285,2679.930112290211,5.229948478339685
"MATLAB 1-05 PM Thu, Aug 22, 2024 Run3 _features.csv","MATLAB 1-05 PM Thu, Aug 22, 2024 Run3 .csv",569.000000001326,914,0.4553976189685168,0.504435821050832,2873.2483767190006,5.2499421695495
"MATLAB 4-40 PM Thu, Oct 17, 2024 Run24 _features.csv","MATLAB 4-40 PM Thu, Oct 17, 2024 Run24 .csv",1194.4333333361171,2110,0.2735959629682386,0.3451941586892832,2789.4543742585392,4.928721501519677
"MATLAB 12-14 PM Thu, Nov 7, 2024 Run2 _features.csv","MATLAB 12-14 PM Thu, Nov 7, 2024 Run2 .csv",1178.2000000027458,2376,3.387123021482655,4.109845997630515,2621.490876941469,5.05268476514383
"MATLAB 3-56 PM Wed, Nov 6, 2024 Run6 _features.csv","MATLAB 3-56 PM Wed, Nov 6, 2024 Run6 .csv",622.0000000000686,403,1.851531716116892,2.21318170538307,2585.142995417717,5.160657712336374
"MATLAB 1-21 PM Thu, Nov 7, 2024 Run10 _features.csv","MATLAB 1-21 PM Thu, Nov 7, 2024 Run10 .csv",670.0000000000738,41,1.6939642308691203,2.3278544013888514,2657.600906460716,4.771951869954209
"MATLAB 12-31 PM Fri, Sep 6, 2024 Run4 _features.csv","MATLAB 12-31 PM Fri, Sep 6, 2024 Run4 .csv",750.6000000017493,2255,1.495327951881979,1.8056108107423416,2816.54484095006,5.195047478259341
"MATLAB 2-36 PM Wed, Sep 18, 2024 Run2 _features.csv","MATLAB 2-36 PM Wed, Sep 18, 2024 Run2 .csv",2957.9000000068936,5952,0.249323859853851,0.2421194682262357,3042.186223812643,5.265833139360204
"MATLAB 2-39 PM Mon, Oct 28, 2024 Run9 _features.csv","MATLAB 2-39 PM Mon, Oct 28, 2024 Run9 .csv",1259.2000000001387,149,2.4270802495158303,3.1631125762347727,2521.570983388002,4.748142563116252
"MATLAB 3-11 PM Thu, Oct 24, 2024 Run14_features.csv","MATLAB 3-11 PM Thu, Oct 24, 2024 Run14.csv",659.3500000015366,178,5.320260056018887,6.743539956304642,2548.884932545215,4.864866967635912
"MATLAB 1-38 PM Thu, Nov 7, 2024 Run15 _features.csv","MATLAB 1-38 PM Thu, Nov 7, 2024 Run15 .csv",1206.0000000001328,99,1.4716857292319447,1.931243849971001,2716.664361834557,4.8280324234100584
"MATLAB 2-24 PM Tue, Jun 11, 2024 Run2 _features.csv","MATLAB 2-24 PM Tue, Jun 11, 2024 Run2 .csv",3157.8000000073594,2305,1.833467185022163,2.226125818325201,2349.9316171501914,5.166000505703489
"MATLAB 2-56 PM Thu, Oct 3, 2024 Run3 _features.csv","MATLAB 2-56 PM Thu, Oct 3, 2024 Run3 .csv",1265.7000000029498,3568,2.9274591244243,3.3044984567395597,2623.070849713235,5.295017325365378
