file_name,spectral_entropy,spectral_centroid,spectral_flatness,spectral_bandwidth,std_dev_time_diff,mean_time_diff,median_time_diff,max_peak,median_peak,std_peak,avg_peaks_per_second,sum_peak_magnitude,percent_time_above_threshold,num_boilings,unused_peak_proportion,label
"3-44 pm tue, sep 17, 2024 run2 .csv",5.87116336488146,299.29415604964277,0.2700557175102112,104.90349672438649,1.9635,2.4730000000000003,2.4730000000000003,0.194782845973969,0.168204258680344,0.0605099055445231,5.942800000000001,0.4182004010677346,0.0008,0.0,1.0,3
"2-51 pm thu, oct 31, 2024 run20 .csv",5.604886459598433,252.9941163675096,0.2582337850462788,131.825569002082,0.3291499999999994,7.964849999999999,7.964849999999999,0.0876980936527252,0.0854202961921692,0.0017379839908264,7.956533333333333,0.2565628814697266,1.5e-05,0.0,1.0,1
"3-49 pm wed, nov 6, 2024 run4 .csv",4.791126652956748,266.18802078692323,0.2788762622637906,184.37337420719825,0.0,0.0,0.0,0.0,0.0,0.0,0.0,0.0,0.0,0.0,0.0,5
"2-21 pm thu, oct 24, 2024 run5 .csv",5.7666341559552965,229.82885573406017,0.3048049094556301,128.26200523472383,0.0010347063757175,0.2095222222222222,0.2095,0.20373018860817,0.161050239801407,0.0174801654982121,1.04529,1.689674654006958,0.0005,1.0,0.0,1
"2-52 pm tue, oct 15, 2024 run4 .csv",4.084989204683881,128.53577785644202,0.1702195153742406,118.51842430083896,0.0,0.0,0.0,0.0,0.0,0.0,0.0,0.0,0.0,0.0,0.0,5
"3-16 pm thu, oct 3, 2024 run4 .csv",5.857853286485742,229.50449475815003,0.309273599293855,119.12823951925722,0.0,0.0,0.0,0.0,0.0,0.0,0.0,0.0,0.0,0.0,0.0,5
"4-23 pm wed, nov 6, 2024 run14 .csv",5.368632048883859,214.64272143756216,0.2168799199422547,135.02308838161608,0.0013543710671947,0.1896111111111111,0.1896999999999999,0.224776523113251,0.1820326417684555,0.0176954442454346,0.95699,1.893197302818299,0.0005,1.0,0.0,1
"12-59 pm thu, aug 22, 2024 run0.csv",6.0882660226815535,287.0731690281902,0.3964525373922984,119.22913530666624,0.9655184501603272,1.41362,1.8471,0.0742568397521973,0.0329400354623794,0.0173697400180176,6.172366666666666,0.2396281480789185,0.00032,1.0,0.5,3
"2-28 pm thu, oct 31, 2024 run12 .csv",5.412275109283332,231.93012596275167,0.1993338233911703,127.59276738982456,0.0230869708710346,0.079076,0.0882999999999999,0.136592670679092,0.115956918001175,0.0106239041557142,1.018003846153846,3.026505309343339,0.0036,3.0,0.0,2
"3-28 pm tue, oct 15, 2024 run10 .csv",4.908428214920217,175.57765377480925,0.189893771207192,122.15499678393708,0.0010986416195942,0.1454779411764705,0.1452,0.268695927858353,0.240573964118958,0.0176456209292389,4.995165217391303,16.46203162550927,0.001,1.0,0.0,2
"2-58 pm fri, jun 14, 2024 run19 .csv",5.754405354300305,230.0857000933406,0.2148111494140059,92.95070666129205,0.0471951096152836,0.1181821428571428,0.1065000000000004,0.0921393167972565,0.0678783643245697,0.0181666612142844,4.9945482352941175,5.58287258028984,0.00271,3.0,0.0,2
"1-15 pm thu, aug 22, 2024 run5 .csv",6.019454854656343,275.10382379205885,0.3487607069846135,123.34506428303438,0.4476188042980532,0.5072842105263158,0.3480000000000007,0.342107187509537,0.0698239696025848,0.0902545933569923,4.38575,2.182437100410463,0.00263,1.0,0.8,3
"1-12 pm thu, nov 7, 2024 run9 .csv",5.632734954703723,221.9356498187878,0.2419337359358961,136.11591283691993,0.0015262290129597,0.217825,0.2175,0.253044985532761,0.244559627771378,0.0233725451448058,0.9743555555555558,2.0564707243442557,0.0004,1.0,0.0,1
"3-38 pm thu, oct 17, 2024 run8 .csv",5.583368082248122,238.59560969384287,0.2730998707783076,120.67184590007228,0.0007381734213584,0.04721,0.0472,0.117871681451797,0.107736285924912,0.0072480047777711,0.2558545454545454,1.1731569325923934,0.0032,3.0,0.0,1
"3-28 pm thu, oct 17, 2024 run6 .csv",4.343545415076291,149.844218171763,0.1676337610078838,129.2032421218674,0.0003437948506869,0.0527179894179894,0.0526999999999999,0.130811755657196,0.1154910778999325,0.0098655301730717,5.009195263157895,21.642614974975587,0.00221,3.0,0.0,2
"12-27 pm fri, sep 6, 2024 run1 .csv",5.75541571260047,259.29576946655976,0.2881942386765028,109.19015521720566,0.0,0.0,0.0,0.0,0.0,0.0,0.0,0.0,0.0,0.0,0.0,5
"2-48 pm tue, jun 11, 2024 run3 .csv",5.470563111852253,215.230793646553,0.1607047513666533,78.28357864601648,0.0498185473558898,0.1270012987012987,0.1297000000000001,0.23085364818573,0.1368455094099045,0.0460125661801739,5.036083333333333,11.073788324594496,0.00459,3.0,0.0512820512820512,6
"1-52 pm fri, jun 14, 2024 run4 .csv",5.67081790290331,140.03912334592582,0.4728876783350779,162.3683769822256,0.0,0.0,0.0,0.0,0.0,0.0,0.0,0.0,0.0,0.0,0.0,5
"12-14 pm thu, nov 7, 2024 run2 .csv",5.614784529593889,245.435943413337,0.302102002534821,120.24161108712848,0.0058942961013688,0.5586685714285714,0.5589999999999993,0.31794133067131,0.268616574406624,0.0357741098684104,9.883933333333337,9.547665953636177,0.000215,1.0,0.0,2
"2-14 pm tue, oct 22, 2024 run5 .csv",5.642366668346492,237.89338570249737,0.2734710354831381,125.0394327682477,0.0006816512579758,0.0605312499999999,0.0605,0.146124722957611,0.123547220230103,0.0166323205830769,0.5035,2.0625504195690167,0.0026,3.0,0.0,1
"4-29 pm thu, oct 10, 2024 run8 .csv",5.500689322471651,229.517243958258,0.2238766986269394,126.78638821618472,0.0481777323157394,0.1010438775510204,0.0936000000000003,0.224067803621292,0.0641876256465912,0.0449994703604177,5.215477777777778,8.045367609262465,0.00495,3.0,0.1212121212121212,2
"3-11 pm fri, aug 23, 2024 run5 .csv",5.792691029502029,240.3306967998231,0.3607940420972357,130.1216368907638,0.2498614708501184,0.3771,0.3645499999999999,0.508857382535934,0.124187188148499,0.13048376851569,5.316981481481483,4.80992755293846,0.00385,0.0,1.0,3
"3-34 pm thu, oct 3, 2024 run5 .csv",5.770296312522168,233.52046415963017,0.2545123786517357,119.63751564935342,0.0,0.0,0.0,0.0,0.0,0.0,0.0,0.0,0.0,0.0,0.0,3
"1-23 pm tue, sep 10, 2024 run15 .csv",5.991510121210723,268.67586711716865,0.3346899401259013,121.23532119975336,1.2866501216552833,1.5644666666666665,1.08305,0.19513431429863,0.109758995771408,0.0529751815433548,10.027107692307691,1.3897475206851966,0.00189,0.0,1.0,3
"1-21 pm thu, nov 7, 2024 run10 .csv",5.381934030771023,213.93103364413244,0.2231563317568345,133.82130751320489,0.0010924602453888,0.1329714285714285,0.1329,0.197272038459778,0.175728379487991,0.0103545136311415,1.0322933333333333,2.7077293217182152,0.00075,3.0,0.0,1
"2-27 pm mon, oct 28, 2024 run7 .csv",5.407322288707054,215.899169432826,0.2436634036322296,125.73545849985564,0.0029086549189444,0.61738125,0.6181500000000002,0.283104201555252,0.263635940551758,0.0099196641884393,5.049594117647058,4.508136416673662,0.00023,1.0,0.0,1
"12-52 pm fri, jun 14, 2024 run0 .csv",6.282742093068396,227.44097603588364,0.6087052169273662,142.58389484507612,0.0,0.0,0.0,0.0,0.0,0.0,0.0,0.0,0.0,0.0,0.0,2
"1-36 pm thu, nov 7, 2024 run14 .csv",5.490895081965968,225.08606286666233,0.227789180499704,134.8083716788239,0.0304964161828894,0.0939599999999999,0.109,0.236234904527664,0.145340183973312,0.0290240947671783,0.982052380952381,3.336768310070038,0.0018,2.0,0.0,2
"12-54 pm fri, jun 28, 2024 run7 .csv",5.160889836646129,176.71661085955378,0.177625130027041,81.92116977683821,0.0723922327208995,0.2507051282051282,0.2365000000000012,0.0938169836997986,0.0857312846183777,0.0075414437477047,4.9738525,3.3595340764522557,0.00211,1.0,0.1,2
"12-39 pm tue, oct 29, 2024 run1 .csv",5.501384143650874,233.6234964495331,0.2838509881702091,123.49464832455767,0.0,0.0,0.0,0.0,0.0,0.0,0.0,0.0,0.0,0.0,0.0,5
"3-58 pm thu, sep 5, 2024 run1 .csv",5.53541547189896,249.5476725170324,0.2188191898777653,131.31803250455852,0.1495477570403597,0.5466944444444445,0.6025499999999999,0.356710792779923,0.291962873935699,0.0691093804162577,5.0532894736842096,5.41819264292717,0.00163,1.0,0.1578947368421052,1
"4-38 pm thu, oct 17, 2024 run23 .csv",5.507683729190678,235.5034421731127,0.2936019845601497,134.904962375894,0.2033500000000003,14.53455,14.53455,0.0756639981269837,0.0745800364017487,0.0013929378705861,14.570066666666667,0.222564264535904,1e-05,0.0,1.0,1
"2-35 pm tue, oct 8, 2024 run1 .csv",5.221223642082766,148.55728975276438,0.5541531938096405,166.41148096611363,0.0,0.0,0.0,0.0,0.0,0.0,0.0,0.0,0.0,0.0,0.0,5
"4-29 pm wed, nov 6, 2024 run15 .csv",5.441887477022275,223.37868205247733,0.2228397075108464,135.73220531810173,0.0063357889976088,0.6085666666666667,0.6047,0.216212775707245,0.201288865208626,0.0175482319710509,1.01395,0.787064158916474,0.00015,1.0,0.0,1
"4-02 pm wed, nov 6, 2024 run8 .csv",5.748403284889404,224.3902644118784,0.3416221946581061,131.7725209662377,0.0042824105118949,0.5759088235294118,0.5764499999999995,0.402163293361664,0.369537137746811,0.0121803828074035,9.854188571428567,13.00486453175545,0.0002,1.0,0.0,1
"3-05 pm fri, jun 14, 2024 run20 .csv",5.6012473849144815,227.77686609073228,0.1761791569942473,88.22634233518595,0.0524562438113224,0.1268307692307692,0.1132499999999995,0.10124086856842,0.0796143221855164,0.0194512734159531,5.19966075949367,5.642940251827239,0.00485,2.0,0.0,2
"2-51 pm thu, oct 24, 2024 run11 .csv",5.545775665602305,206.59245896235348,0.2654258370054658,128.4119203433927,0.026596119895098,0.0786277777777778,0.0790999999999995,0.278010159730911,0.185236657857895,0.0226610840269429,5.071711023622047,23.624764605760586,0.00616,3.0,0.0,1
"12-00 pm tue, sep 10, 2024 run1 .csv",5.831550434576444,288.3478761662814,0.3572568807505683,129.84667192044915,2.1073944837168006,3.1043000000000003,3.2575,0.0839206123352051,0.0368534135818481,0.0225982205531862,9.926628571428571,0.3093351757526398,0.000235,0.0,1.0,3
"3-59 pm tue, sep 17, 2024 run7 .csv",5.759562108671322,306.8845117216463,0.2217274706495126,97.62440125750976,0.0084204614415404,0.0866417391304347,0.0862999999999996,0.184570345878601,0.1534602588415144,0.0195589489446798,4.738949137931035,17.571166707277296,0.00273,3.0,0.0,8
"1-17 pm tue, sep 10, 2024 run11 .csv",5.968856521020374,259.85342177105787,0.3391124585357319,123.31860980839322,0.0963450458737671,0.2105180851063829,0.2534000000000005,0.317890570163727,0.194723089933395,0.0304606748478725,10.001945263157896,18.842015128135685,0.005075,1.0,0.3263157894736842,6
"3-28 pm wed, sep 18, 2024 run13 .csv",5.820695464768746,311.5293592288103,0.2282048591170103,106.01860493686294,0.2610313810157695,2.033525,2.0011,0.250936818122864,0.223954716920853,0.0177543205521483,3.94118,1.128554509878159,8e-05,0.0,1.0,1
"4-16 pm thu, sep 5, 2024 run5 .csv",5.644340647616033,257.2473662725185,0.2517807034477879,127.64198952841444,1.5009399596586133,1.72855,1.3283999999999998,0.185938951969147,0.133980110883713,0.0576071022221535,4.1254599999999995,0.5792204415798196,0.00064,0.0,1.0,3
"4-40 pm thu, oct 17, 2024 run24 .csv",5.5603886279228565,240.85017282225127,0.3132680115825494,136.64331787664713,0.0,0.0,0.0,0.0,0.0,0.0,0.0,0.0,0.0,0.0,0.0,1
"3-36 pm tue, oct 15, 2024 run12 .csv",5.385950259642039,201.5172103709058,0.2478336386775862,125.02558653458628,0.0583644802659027,0.1918803921568627,0.2338,0.356783399581909,0.2509734427928924,0.0417930711542428,4.915500000000001,13.772134662866591,0.00073,1.0,0.173076923076923,2
"3-38 pm tue, oct 15, 2024 run14 .csv",5.323593237870811,212.3192202269161,0.2434220130968996,122.73512377622669,0.212065158854537,1.9538800000000005,1.94035,0.23575749874115,0.208193900585175,0.018490296871111,9.322463636363636,2.3108900988101975,6e-05,0.0,1.0,1
"1-45 pm tue, oct 29, 2024 run12 .csv",5.565582953036417,214.01069670598648,0.249200845474704,131.38521099001014,0.0597058607590254,0.1616471544715447,0.1503000000000014,0.446060209274292,0.221560298800468,0.0397152171413027,10.067825806451614,28.260845130681993,0.00254,2.0,0.8306451612903226,6
"3-53 pm thu, oct 3, 2024 run9 .csv",5.949352558768856,242.5385179622719,0.2565240884807825,118.29482750920036,0.1833307456867222,0.8318636363636365,0.9055,0.350482671260834,0.3305845522880555,0.0435010483321173,4.354191666666666,3.835971558094024,0.00066,1.0,0.0833333333333333,1
"1-41 pm tue, oct 29, 2024 run10 .csv",5.445027475842301,204.41154483361976,0.2321010329651345,125.34661327589484,0.0539734251481432,0.1625266666666666,0.1607499999999999,0.412724049091339,0.218017665147781,0.0481921120583019,2.5556129032258066,7.233200130462649,0.00132,3.0,0.2580645161290322,7
"4-26 pm thu, oct 17, 2024 run17 .csv",5.487279461787002,231.09373968850863,0.2608813163030381,131.4373754791109,0.0103829506049728,0.3460071428571428,0.3438999999999999,0.106380530595779,0.0986771416664124,0.0056403389837338,4.890837931034482,2.8517285287380227,0.00042,1.0,0.0,1
"12-34 pm fri, jun 28, 2024 run1 .csv",2.9494599195019577,45.00445445634131,0.2103861106860709,108.17218877823692,0.0,0.0,0.0,0.0,0.0,0.0,0.0,0.0,0.0,0.0,0.0,5
"3-52 pm tue, oct 1, 2024 run2 .csv",5.104597343791329,166.28418024573222,0.4983058599542634,178.06355687616596,0.0,0.0,0.0,0.0,0.0,0.0,0.0,0.0,0.0,0.0,0.0,5
"12-42 pm fri, jun 28, 2024 run4 .csv",5.54927142538687,145.40555587144502,0.3401236596455099,112.31738951586536,0.0,0.0,0.0,0.0,0.0,0.0,0.0,0.0,0.0,0.0,0.0,5
"12-54 pm thu, nov 7, 2024 run7 .csv",5.8695579918253635,246.52865705974727,0.285455319110407,131.93281230937524,0.0008652002245557,0.3483,0.34825,0.314323198795319,0.269887193441391,0.0284017399246232,2.5415066666666664,3.928179626464843,0.0003,1.0,0.0,1
"1-30 pm tue, sep 10, 2024 run16 .csv",5.943819102279006,260.45772616948267,0.3047132305329293,118.95986862051484,0.1992156153239221,0.5460499999999999,0.6008500000000003,0.308545496463776,0.194527115821838,0.0428676142738336,10.079435135135135,7.087116529941559,0.00324,1.0,0.1621621621621621,1
"4-30 pm thu, oct 17, 2024 run19 .csv",5.548345647176452,234.70748788310215,0.275013871075038,133.55249052607323,0.030148341579596,2.10625,2.0912500000000005,0.0991564750671387,0.0920133793354034,0.0032129708578486,4.30842,0.4669510495662688,6e-05,1.0,0.0,1
"4-52 pm tue, oct 1, 2024 run9 .csv",5.903564689465084,247.27200288683088,0.2420131106143902,119.41369592284872,0.0893227380563774,0.3372862068965517,0.3731999999999988,0.251713646650314,0.200888563990593,0.0195782022153133,4.983266666666666,5.977049767971039,0.00133,1.0,0.0666666666666666,6
"3-06 pm tue, oct 8, 2024 run4 .csv",5.594244731324762,208.03721272482275,0.2562134258808815,120.32453312913738,0.0,0.0,0.0,0.0,0.0,0.0,0.0,0.0,0.0,0.0,0.0,5
"5-01 pm tue, oct 1, 2024 run13 .csv",5.903335460294667,245.4876252774261,0.2580970978346844,117.5875093525511,0.0,0.0,0.0,0.0,0.0,0.0,0.0,0.0,0.0,0.0,0.0,1
"3-15 pm thu, oct 24, 2024 run15.csv",5.441444180242687,212.26541141388392,0.246754567686898,141.80093387019392,0.0475866367796674,0.1851,0.1896,0.214317930936813,0.1754765045642854,0.0197441006133598,0.5557166666666666,1.072556031942367,0.0005,2.0,0.0,2
"3-13 pm mon, oct 28, 2024 run16 .csv",5.716968748143765,231.10968665345945,0.2525570756602039,133.03699252326635,1.1428706266094453,2.89535,2.9499000000000004,0.166798385381699,0.155764721632004,0.0447089616069614,7.952042857142857,0.957303335666658,0.00114,0.0,1.0,1
"4-05 pm wed, nov 6, 2024 run9 .csv",5.699452281466664,224.30604410861895,0.2867789086617592,131.43395554488464,0.0257393613406048,1.5608833333333336,1.57,0.416286280155182,0.394019123315811,0.0101787949987647,4.751757142857143,2.777227524518967,6e-05,1.0,0.0,1
"4-20 pm wed, jun 19, 2024 run2 .csv",4.931437514013874,142.97263922741243,0.4852306928108126,167.49306452140374,0.0,0.0,0.0,0.0,0.0,0.0,0.0,0.0,0.0,0.0,0.0,5
"3-41 pm thu, oct 3, 2024 run6 .csv",5.956833719299808,245.1307358053832,0.2542695265380705,118.03708052245044,0.0046100802852754,0.3741846153846154,0.3733500000000003,0.260968765020371,0.249651741981506,0.0096132441306738,4.963896296296296,6.675340867042543,0.00047,1.0,0.0,1
"3-02 pm fri, aug 23, 2024 run3 .csv",5.89592864948122,257.8143713738463,0.345308458139225,133.84396889898753,0.4852156896422454,0.442795,0.3710500000000001,0.221074861288071,0.0711238241195679,0.0528195001498186,5.283285714285715,1.7299328768253333,0.00289,0.0,1.0,3
"2-36 pm wed, sep 18, 2024 run2 .csv",5.904256190503159,315.97425345449517,0.2921081872575404,100.8771766340016,0.0,0.0,0.0,0.0,0.0,0.0,0.0,0.0,0.0,0.0,0.0,5
"3-33 pm tue, oct 8, 2024 run10 .csv",5.500953614157819,215.31795576570985,0.2113444056433727,115.14272524905324,0.0561731471790569,0.383556,0.3974000000000002,0.417343255281448,0.3621707600355149,0.0501840267593253,5.070234615384615,9.294247010946275,0.00326,1.0,0.0384615384615384,1
"2-45 pm fri, aug 23, 2024 run1 .csv",5.934565297417897,204.55963301713544,0.6300936619193763,167.05175381660962,0.0,0.0,0.0,0.0,0.0,0.0,0.0,0.0,0.0,0.0,0.0,5
"2-27 pm fri, jun 14, 2024 run10 .csv",5.40590837138755,127.94753372347276,0.5206830648220304,148.04659686390866,0.0,0.0,0.0,0.0,0.0,0.0,0.0,0.0,0.0,0.0,0.0,5
"2-56 pm thu, oct 3, 2024 run3 .csv",5.922691763177221,236.33136651687104,0.3208844891389059,127.00280594908632,0.0526445343791736,0.4188499999999999,0.4292500000000002,0.200037522315979,0.161695990562439,0.0274122930130178,8.361668292682927,6.814969530105593,0.00498,1.0,0.024390243902439,1
"12-34 pm tue, sep 10, 2024 run5 .csv",5.970274408318185,291.44607606165687,0.3284221092062993,132.03015191179097,2.8049500006952,3.19984,2.2455,0.0716609859466553,0.0535035026073456,0.0152436064959043,8.094383333333333,0.3205673837661744,0.00033,0.0,1.0,3
"2-23 pm mon, oct 28, 2024 run5 .csv",5.808875743186828,238.89178166119407,0.2673774358465495,136.69033956801735,0.0022720842554591,0.1403384615384615,0.1401,0.15137747168541,0.1367044723033905,0.0069859123065945,1.0121,1.9462465310096748,0.0007,1.0,0.0,1
"1-31 pm tue, oct 29, 2024 run7 .csv",5.7024668299712165,222.8087048460047,0.2682690393752815,128.8682468884192,0.0150805366858236,0.3583301204819277,0.3640000000000007,0.251683447360992,0.2377776384353639,0.0086095185659398,14.690772619047618,19.921651287078856,0.0003866666666666,1.0,0.0,1
"2-29 pm thu, oct 24, 2024 run7 .csv",5.566705246370759,207.20291120736616,0.2837783471387994,127.61767348532098,0.0616318610440055,0.1470807407407407,0.1428000000000011,0.355759193897247,0.2099197578430174,0.0313434287953342,9.475628676470588,27.919363775253295,0.004565,3.0,0.1397058823529411,6
"1-50 pm thu, nov 7, 2024 run19 .csv",5.526035120055366,247.1340701285216,0.2538129574408194,142.4657660814485,0.6989600958249017,8.964233333333334,9.1126,0.115124188661575,0.1064120149612425,0.004195063757698,13.127675,0.432584258317947,1.3333333333333332e-05,0.0,1.0,1
"4-08 pm tue, jun 4, 2024 run4 .csv",4.688563435902582,149.71435782228212,0.1873492533724583,146.7461225009883,0.0,0.0,0.0,0.0,0.0,0.0,0.0,0.0,0.0,0.0,0.0,5
"2-54 pm fri, sep 13, 2024 run5 .csv",5.96206074976522,275.0334695647004,0.3116055261314887,111.30339301730032,1.2200944866143222,1.81478,1.9162,0.234854090213776,0.113307412266731,0.0482084302584581,15.994425,1.852776517868041,0.00107,0.0,1.0,7
"3-31 pm thu, oct 10, 2024 run1 .csv",6.119596287430539,247.33339505961217,0.5486789328806607,156.8546850102716,0.0,0.0,0.0,0.0,0.0,0.0,0.0,0.0,0.0,0.0,0.0,5
"2-31 pm fri, jun 14, 2024 run12 .csv",5.59877744866326,182.16395336360785,0.1967158688481895,70.67574201437708,0.1637710868526212,2.5697666666666668,2.4869000000000003,0.0245880043506622,0.0222057944536209,0.0030214054304764,5.1752,0.0858797109127044,6e-05,0.0,1.0,3
"4-09 pm thu, sep 5, 2024 run4 .csv",5.46021449116536,241.66024084368937,0.22149741143054,130.35008102790866,0.1879264844072454,0.5505749999999999,0.6352499999999992,0.384296879768372,0.29560799241066,0.0958970950889099,9.938551351351352,10.438343231678012,0.003545,1.0,0.7837837837837838,6
"2-46 pm tue, oct 8, 2024 run2 .csv",4.852669293000644,139.94834859150583,0.4504175837182534,171.2553151983319,0.0,0.0,0.0,0.0,0.0,0.0,0.0,0.0,0.0,0.0,0.0,5
"3-26 pm wed, sep 18, 2024 run12 .csv",5.87765095243028,312.7831116421224,0.2395239126349828,107.00414895715322,0.0111669627025436,0.394788,0.3932999999999995,0.268025760650635,0.233038598895073,0.0234044422853245,4.959038461538461,5.970879474878312,0.00048,1.0,0.0,1
"2-55 pm tue, oct 22, 2024 run12 .csv",5.296173261637172,213.6081135868813,0.2263040139720485,132.49465559387676,0.0008825756781486,0.0763337164750957,0.0763999999999995,0.151978244781494,0.1322439730167385,0.0149638951308662,10.04672061068702,33.619795763492576,0.001925,3.0,0.0,2
"3-16 pm thu, oct 17, 2024 run3 .csv",4.915292092194024,158.08100806913723,0.4292601960368403,179.9519081778658,0.0,0.0,0.0,0.0,0.0,0.0,0.0,0.0,0.0,0.0,0.0,5
"2-42 pm wed, sep 18, 2024 run3 .csv",5.962936839226591,291.5896158214484,0.3639454504098813,136.4827081045801,0.0,0.0,0.0,0.0,0.0,0.0,0.0,0.0,0.0,0.0,0.0,5
"3-21 pm thu, jun 27, 2024 run4.csv",3.1027635707893317,49.41524783219977,0.2436067895345906,113.5857314256425,0.0,0.0,0.0,0.0,0.0,0.0,0.0,0.0,0.0,0.0,0.0,5
"1-43 pm thu, oct 31, 2024 run2 .csv",5.720618072966664,250.16737615955105,0.4339974708119378,164.73006294703586,0.0,0.0,0.0,0.0,0.0,0.0,0.0,0.0,0.0,0.0,0.0,5
"4-12 pm thu, oct 3, 2024 run15 .csv",5.901425883842765,242.2304792077632,0.2413696363921228,116.76909430563576,0.1749287462968614,0.8671090909090909,0.9389000000000004,0.276271451711655,0.258441341519356,0.0173154939244204,5.156383333333333,3.068018409013749,0.00023,1.0,0.0833333333333333,1
"2-47 pm mon, oct 28, 2024 run10 .csv",5.493377718647107,206.8822764236108,0.2373508392760487,123.18926455714112,0.033090780196559,0.1232227848101265,0.1373000000000002,0.330546000003815,0.1413811856508255,0.0572225026599111,4.91033875,13.132335089445116,0.00451,3.0,0.0375,2
"1-20 pm thu, aug 22, 2024 run6 .csv",5.964753861842889,263.81668572755535,0.3389732951884741,128.31843138555467,0.4423330437577551,0.38554,0.2634,0.346063294410706,0.1077854400873185,0.0719821440476028,5.179715384615384,3.3363500177860277,0.00264,0.0,1.0,3
"12-28 pm thu, nov 7, 2024 run5 .csv",5.806787933916546,246.85090834982336,0.3138793082734516,123.03655039261442,0.001355645652023,0.473931707317073,0.4738000000000006,0.343083202838898,0.3126702696084975,0.0375033760561723,9.830066666666667,12.520632420778275,0.000265,1.0,0.0,1
"3-52 pm thu, oct 3, 2024 run8 .csv",5.93305149407483,242.36296286686095,0.2528984961500586,118.15752068928488,0.0035339480651722,0.5449058823529411,0.5434999999999999,0.352392936944962,0.322385123968124,0.014767496977074,4.939116666666667,5.878553822040559,0.00028,1.0,0.0,1
"2-33 pm tue, oct 15, 2024 run3 .csv",3.7912542555321096,123.69309217967256,0.1663085017261509,132.5444436743493,0.0,0.0,0.0,0.0,0.0,0.0,0.0,0.0,0.0,0.0,0.0,3
"1-29 pm thu, nov 7, 2024 run12 .csv",5.281036348782035,210.3271137879277,0.2117711524435852,132.6274335865791,0.0215868440476485,0.06239375,0.0584999999999999,0.195831468105316,0.162954080104828,0.0269191385412727,0.4942,2.5930092895030987,0.0094,3.0,0.0,2
"4-39 pm thu, oct 10, 2024 run10.csv",5.659764932545627,235.61716845435453,0.2280475141036454,121.23315621339476,0.0,0.0,0.0,0.0,0.0,0.0,0.0,0.0,0.0,0.0,0.0,3
"2-24 pm tue, jun 11, 2024 run2 .csv",5.7197391102659445,209.8610540125284,0.2475435153042022,93.96584335132115,0.0415860306525538,0.1227604938271604,0.1215999999999999,0.139968565702438,0.0824964267015457,0.0303248455608196,5.252398780487805,6.797967972755433,0.00384,3.0,0.0,2
"1-21 pm tue, oct 29, 2024 run5 .csv",5.033327802055983,294.51158125264277,0.32480230697665,177.8044174549787,0.0,0.0,0.0,0.0,0.0,0.0,0.0,0.0,0.0,0.0,0.0,5
"4-34 pm tue, oct 1, 2024 run5 .csv",5.904020080592095,266.85391395084486,0.2525235441000464,119.75253306270828,0.2102358411139473,2.519666666666667,2.6201000000000003,0.129160432815552,0.0960909259319305,0.0216360506240502,4.003475,0.3894911575317385,0.00016,0.0,1.0,1
"2-48 pm fri, jun 14, 2024 run16 .csv",5.628323346346542,223.66621285625513,0.1965313828839603,82.55196559129146,0.1158594059452376,0.2596447368421052,0.2613499999999997,0.0853952372074127,0.0645288133621216,0.0274577094399367,4.589902564102564,2.0333502769470218,0.00475,1.0,0.3846153846153846,1
"4-38 pm tue, oct 1, 2024 run6 .csv",5.844489923812064,273.7834752064368,0.2091481981588938,135.1228896659544,0.0164686714519301,0.0562429378531073,0.0472999999999999,0.0794999504089356,0.0676913857460022,0.0032624502096324,5.038919101123596,12.153846631050111,0.0048,3.0,0.0,1
"12-56 pm tue, oct 29, 2024 run2 .csv",4.735946718222818,182.41400089231047,0.3442898655824629,188.1529764922919,0.0,0.0,0.0,0.0,0.0,0.0,0.0,0.0,0.0,0.0,0.0,5
"2-17 pm thu, oct 24, 2024 run4 .csv",5.723539439036425,230.96076481183832,0.3084786984765673,127.9753775179086,0.0257589426219324,0.2058499999999999,0.2028499999999999,0.323673412799835,0.170938258171082,0.0233495928349256,9.807772164948457,16.9716953933239,0.00062,1.0,0.0103092783505154,6
"3-51 pm tue, sep 17, 2024 run4 .csv",5.961197287211403,297.61017619072095,0.2810426174192738,106.02734263973096,0.5655860154152798,0.81055,0.70905,0.287377079725266,0.192139444351196,0.0764457082705334,5.300715384615385,2.219255816936493,0.00363,0.0,1.0,3
"3-52 pm thu, aug 29, 2024 run2 .csv",5.918045386977133,240.11345168497587,0.4016675443638851,134.83914803233483,1.052304352889938,0.9593666666666666,0.8328000000000002,0.122163835763931,0.0385799133777618,0.0292099290350856,3.4173699999999996,0.5074926316738128,0.00066,0.0,1.0,3
"4-32 pm wed, nov 6, 2024 run16 .csv",5.356959158534227,223.7396178981682,0.2136010729525229,136.86486061353145,0.0,0.0,0.0,0.0,0.0,0.0,0.0,0.0,0.0,0.0,0.0,1
"4-22 pm tue, oct 1, 2024 run4 .csv",5.990449909303247,247.63847975315375,0.2882171835145475,122.61684100072124,0.3691,1.8203,1.8203,0.169068472385407,0.162073160409927,0.0144557088580272,2.0462333333333333,0.466651626825333,6e-05,0.0,1.0,3
"3-16 pm fri, sep 13, 2024 run10 .csv",5.741783692126081,294.15058430835876,0.1852552328224835,92.68730937428876,0.0455651195755332,0.1834012345679012,0.1741999999999999,0.324026808738709,0.25715273141861,0.0398193074553262,13.388069325153372,39.348820695877095,0.0048566666666666,0.0,1.0,8
"2-45 pm thu, oct 31, 2024 run17 .csv",5.602172078062408,259.547939382141,0.1991299472374303,134.66466828132658,0.0007071067811864,0.4845,0.4849999999999999,0.104623188972473,0.1022178477048875,0.00202922202165,0.830075,0.4081099832057954,0.00015,1.0,0.0,1
"5-05 pm thu, oct 10, 2024 run14.csv",5.748273773679715,261.6706175984845,0.2152258363959502,122.2256614389987,0.0344689391200303,0.3678962962962963,0.3612000000000002,0.0884235191345215,0.0807596462965011,0.0040560979229579,4.734685714285715,2.252413994073868,0.00045,1.0,0.0,1
"1-59 pm tue, oct 22, 2024 run1 .csv",5.831079117998856,285.7583430907808,0.4328903323012962,153.01958322528677,0.0,0.0,0.0,0.0,0.0,0.0,0.0,0.0,0.0,0.0,0.0,5
"1-04 pm thu, aug 22, 2024 run2.csv",5.897196068948194,279.96570068177425,0.3154605749041982,126.93191369701616,0.3621314859619361,0.575775,0.5656500000000002,0.0800017726421356,0.0333901333808899,0.0167926788536085,5.396300000000001,0.6206339478492738,0.00121,1.0,0.5882352941176471,3
"2-34 pm fri, jun 14, 2024 run13 .csv",5.489959545824957,188.86714377252756,0.1776461176306039,74.11634884881153,0.5386150358790589,1.5520249999999998,1.2918000000000005,0.0351230585575104,0.0313333690166473,0.0039972082157853,6.347240000000001,0.1552339851856231,9e-05,1.0,0.4,3
"1-28 pm tue, oct 29, 2024 run6 .csv",4.819871886439122,243.6904490451418,0.3099628849049763,190.2393170929152,0.0,0.0,0.0,0.0,0.0,0.0,0.0,0.0,0.0,0.0,0.0,5
"3-03 pm fri, aug 23, 2024 run4 .csv",5.930425617904113,248.52916345166935,0.3729304289062107,130.58936788492463,0.2325388739445689,0.3526821428571428,0.30085,0.30764979839325,0.0708398222923279,0.0711648811833707,4.746789655172414,2.7182251811027536,0.00383,0.0,1.0,3
"2-30 pm fri, jun 14, 2024 run11 .csv",5.757488635921796,175.40506456863832,0.2812752786291894,78.0906983153949,0.0,0.0,0.0,0.0,0.0,0.0,0.0,0.0,0.0,0.0,0.0,5
"2-45 pm thu, oct 24, 2024 run10 .csv",5.802276669065716,223.7330667140264,0.3028942580613282,127.44357897097248,0.0410326002797079,0.0925,0.0855000000000001,0.259828902482986,0.199632402062416,0.0253397546569874,1.027418181818182,4.464434832334518,0.00215,3.0,0.0,2
"4-18 pm wed, nov 6, 2024 run12 .csv",5.424522684322972,218.71536517136093,0.2180694091337762,133.52018992687016,0.0021242955488696,0.1006,0.1008,0.200400556325912,0.1724009960889815,0.0190174435999878,0.951825,3.473724657297133,0.0048,3.0,0.0,1
"3-41 pm tue, oct 15, 2024 run16 .csv",5.428088959040109,221.2011124079278,0.278632035130036,122.74619349989712,0.4955500000000006,11.69875,11.69875,0.171992663145065,0.16088317990303,0.0058447134358226,11.637866666666667,0.491493433713912,1e-05,0.0,1.0,1
"2-15 pm thu, oct 31, 2024 run8 .csv",5.688003020896298,239.48555524358477,0.225731474709692,133.22846958468074,0.0282452159174296,0.0743333333333333,0.0671500000000002,0.336823596954346,0.110882794857025,0.0395174836871998,2.456234328358209,8.080744470357898,0.00346,3.0,0.0746268656716417,4
"4-22 pm thu, oct 10, 2024 run5 .csv",5.63134238130942,224.88780199392255,0.2579710584338654,124.71089298144832,0.0013631212307773,0.3492607142857142,0.3490999999999999,0.205853776931763,0.170119022130966,0.0158168197066536,4.999737931034483,5.109115767478946,0.00049,1.0,0.0,1
"2-32 pm fri, sep 13, 2024 run3 .csv",5.92509681863725,307.3270329401631,0.3243633374784894,104.68267073326383,0.0,0.0,0.0,0.0,0.0,0.0,0.0,0.0,0.0,0.0,0.0,3
"2-53 pm thu, oct 24, 2024 run12 .csv",5.523639871939713,207.5661685769758,0.259102859760926,129.00694593851188,0.0237305074165834,0.0739384615384615,0.0787499999999999,0.203301615715027,0.177945135831833,0.0120087807980168,1.0129925925925929,4.797442395687101,0.0024,3.0,0.0,2
"2-25 pm thu, oct 24, 2024 run6 .csv",5.503517727354358,208.8460725417403,0.2688955378133916,129.4254212678036,0.0440813293101512,0.1116875,0.1074,0.299932273626328,0.196837040185928,0.0307713264376046,0.968670588235294,3.4061701321601876,0.0009,3.0,0.0588235294117647,2
"1-07 pm fri, jun 14, 2024 run1 .csv",6.293300161279159,357.0627820944554,0.4915950673523012,135.08318186749923,0.613986881260594,0.4790263157894737,0.1755,0.0194052922725678,0.0165864777565002,0.0013086588813298,4.875425000000001,0.3310645282268525,0.00021,0.0,1.0,1
"1-51 pm tue, oct 29, 2024 run13 .csv",5.629095667631354,215.4033226659372,0.2443110861511124,131.11668832983466,0.0660729364841487,0.1773693693693694,0.1867000000000001,0.398807317018509,0.2173600274324419,0.0300831389079072,9.982913392857142,24.543218162059784,0.001575,2.0,0.0535714285714285,6
"3-19 pm wed, sep 18, 2024 run10 .csv",5.8882899715213695,308.8226769007687,0.2500219193362791,108.31635018807292,0.026630345464406,0.0881327433628318,0.0893000000000001,0.399290505647659,0.2525688648223875,0.0543430731109091,4.993557894736843,29.475512592792512,0.01443,3.0,0.0263157894736842,7
"2-26 pm fri, jun 14, 2024 run9 .csv",2.595784198082918,32.73249696842663,0.1384314417648515,93.3333525694542,0.0,0.0,0.0,0.0,0.0,0.0,0.0,0.0,0.0,0.0,0.0,5
"3-31 pm tue, oct 15, 2024 run11 .csv",5.22666477607657,186.45885082783911,0.2379941357372839,123.9135580225657,0.0410970624795062,0.10943,0.11185,0.41329333782196,0.260260045528412,0.0611090479017297,5.0819835164835165,24.276825090646746,0.00845,3.0,0.0989010989010989,2
"4-58 pm thu, oct 10, 2024 run12.csv",5.81436240177258,273.06574169982554,0.2025819192792547,122.36787895246476,0.0246327512639036,0.0810950819672131,0.0808999999999999,0.0826143324375153,0.0745729684829712,0.0040925486637136,5.056772357723577,9.187117923498157,0.00496,3.0,0.0,3
"1-55 pm fri, jun 14, 2024 run5 .csv",5.1478788767113075,91.14557638003008,0.3677447750669159,132.679118971095,0.0,0.0,0.0,0.0,0.0,0.0,0.0,0.0,0.0,0.0,0.0,5
"12-21 pm thu, nov 7, 2024 run3 .csv",5.697376391439709,247.226585460399,0.2981390472806947,121.15537880015847,0.001111850231596,0.59574375,0.5956500000000005,0.328834921121597,0.274441503286362,0.0393940201150392,4.870047058823529,4.705894856452942,0.00021,1.0,0.0,1
"2-17 pm thu, oct 3, 2024 run0 .csv",4.343804837404425,121.95462238811596,0.4157145037045087,165.62634563476502,0.0,0.0,0.0,0.0,0.0,0.0,0.0,0.0,0.0,0.0,0.0,5
"4-32 pm thu, oct 17, 2024 run20 .csv",5.363358139260896,223.1250616076568,0.2664659940626525,130.99925160465006,0.083331791652406,4.30545,4.2898,0.0950442314147949,0.0884974110126495,0.0060631084669187,8.64138,0.4394703388214111,4e-05,1.0,0.4,1
"3-15 pm mon, oct 28, 2024 run17 .csv",5.637233419979795,228.27402297149445,0.2765638636641577,132.60871292672397,0.0,0.0,0.0,0.0,0.0,0.0,0.0,0.0,0.0,0.0,0.0,5
"3-18 pm thu, oct 24, 2024 run16.csv",5.516186381705248,218.77392683675507,0.2603783474134867,140.92038764467475,0.7617542759151407,1.9489749999999997,2.10825,0.176125468015671,0.159855118989944,0.0117138092381006,4.42016,0.8030524337291719,4e-05,1.0,0.4,6
"4-09 pm mon, aug 26, 2024 run7 .csv",5.808206252222579,230.32318938762953,0.3499814401544169,130.1105014011929,0.0279417668439703,0.0760778625954198,0.0695999999999994,0.627896555662155,0.2701287877559665,0.0678238065608308,4.887795454545454,34.643385896682744,0.02403,3.0,0.0757575757575757,6
"3-13 pm fri, aug 23, 2024 run6 .csv",5.851663756271483,249.22793336302277,0.3263594032194835,132.71322161526157,0.0362635367404022,0.0678568493150685,0.0574000000000003,0.660171242952347,0.203059378862381,0.0610343609083259,5.205231292517007,30.242649718523033,0.00742,3.0,0.0272108843537414,6
"2-58 pm tue, oct 8, 2024 run3 .csv",5.734791405480301,226.5904551066357,0.2696066426593902,129.20610927606953,0.0,0.0,0.0,0.0,0.0,0.0,0.0,0.0,0.0,0.0,0.0,5
"4-15 pm thu, oct 10, 2024 run4 .csv",5.832849417693474,235.26897436105753,0.2887533144162571,126.43252191783586,0.8264298330099713,4.574533333333334,4.482900000000001,0.213174855709076,0.20493301987648,0.0105336855637312,6.458875000000001,0.81130647778511,1.5e-05,0.0,1.0,8
"4-36 pm thu, oct 17, 2024 run22 .csv",5.635342357094461,238.6034480495416,0.3191976080700378,136.61282764175127,0.3770499999999996,10.67305,10.67305,0.0795153713226318,0.0779456508159638,0.0036712675552482,10.930966666666668,0.2285231626033783,1e-05,0.0,1.0,1
"2-13 pm mon, oct 28, 2024 run3 .csv",5.017381346380269,235.34873654000592,0.3628561860340345,180.9044754224076,0.0,0.0,0.0,0.0,0.0,0.0,0.0,0.0,0.0,0.0,0.0,5
"1-14 pm tue, sep 10, 2024 run10 .csv",5.988049510811789,271.30729003069416,0.3303781262596662,123.47686237818772,0.0240917973272192,0.1411163120567375,0.1443999999999992,0.209852933883667,0.1478216660022739,0.0170781776530822,9.800964788732394,21.523114459514623,0.004445,1.0,0.0,1
"3-47 pm thu, oct 3, 2024 run7 .csv",5.947528957061191,243.81748106564572,0.2578168413950126,118.71855541212769,0.0016230582804749,0.43785,0.4374999999999998,0.32564728975296,0.320112466812134,0.0052628688536283,5.175165217391304,7.337934478521346,0.00025,1.0,0.0,1
"3-00 pm fri, sep 13, 2024 run6 .csv",5.867869883780985,290.164172192793,0.256382121732285,97.16489605681636,2.418572157975307,4.5098,5.13215,0.29264460682869,0.201693342924118,0.0633596427648195,13.029871428571427,1.391692483425141,0.0001633333333333,0.0,1.0,6
"2-10 pm thu, oct 24, 2024 run3 .csv",5.720020408993147,238.33559502618712,0.3024066811086671,129.4803150503496,0.0527472491249489,0.2263238095238095,0.2127000000000001,0.173926060199738,0.1587891483306885,0.014686555212709,2.4537454545454547,3.3839736545085897,0.00048,1.0,0.0,1
"4-00 pm wed, nov 6, 2024 run7 .csv",5.703865658621319,226.1912985781479,0.2870078748338931,130.5595875452013,0.0026348624252511,0.5886,0.5896499999999999,0.404300374984741,0.369762668609619,0.0190715479258829,2.378322222222222,3.3396912157535557,0.00016,1.0,0.0,1
"2-04 pm wed, sep 18, 2024 run0 .csv",4.842488350600199,104.40553971179106,0.5148957640249595,145.4939513973374,0.0,0.0,0.0,0.0,0.0,0.0,0.0,0.0,0.0,0.0,0.0,5
"4-08 pm thu, sep 5, 2024 run3 .csv",5.5578809302598415,248.59377532333505,0.2280492584551098,132.07822490688673,0.4244824128782899,0.8193545454545454,0.9014999999999996,0.372094439268112,0.3471501475572585,0.1172637003654445,5.0385583333333335,3.321457912921906,0.00246,0.0,1.0,6
"4-15 pm wed, jun 19, 2024 run1 .csv",4.51778404252329,146.10583653762714,0.2878016835735886,104.6387527778014,0.0,0.0,0.0,0.0,0.0,0.0,0.0,0.0,0.0,0.0,0.0,5
"2-06 pm thu, oct 31, 2024 run4 .csv",4.73799009446786,236.6788466529884,0.3518975899815276,191.90927468598937,0.0,0.0,0.0,0.0,0.0,0.0,0.0,0.0,0.0,0.0,0.0,5
"4-00 pm mon, aug 26, 2024 run5 .csv",5.745862912542867,231.27657787883496,0.3287362424056642,129.10518627896204,0.0380479376668139,0.0935830188679245,0.0900499999999999,0.386638931035996,0.178366640806198,0.0744799378674652,5.184042056074765,21.041792403459542,0.00788,3.0,0.2990654205607476,3
"1-02 pm thu, nov 7, 2024 run8 .csv",5.700523466214683,229.4871843404762,0.2598886543822651,135.69178422590403,0.0009449338601193,0.23581,0.2356000000000001,0.286735184192657,0.255192347764969,0.0226552287312348,2.4587666666666665,5.321330028772355,0.0004,1.0,0.0,1
"3-44 pm thu, aug 29, 2024 run1 .csv",5.790292118355897,251.68777441752977,0.3417560880061719,137.58198192527237,0.561478984358759,1.0114888888888889,0.7919,0.0752958238124847,0.039729413986206,0.0190755654734494,4.571109999999999,0.4234396564960478,0.00101,1.0,0.7,3
"3-56 pm thu, oct 10, 2024 run2 .csv",5.614381460449804,314.82698674200174,0.2976177878158583,163.06771316770778,0.3398000000000012,0.4836999999999998,0.4836999999999998,0.0448369491100311,0.0285704553127289,0.0086085295023146,8.528633333333334,0.0984908056259155,5.5e-05,1.0,0.0,3
"2-40 pm fri, jun 14, 2024 run15 .csv",5.503511525588197,224.16377762910855,0.1819372590787243,75.8116318734683,0.3761431300994181,0.9553888888888888,0.9486000000000008,0.0674536466598511,0.0595629578828811,0.0105741030800238,4.473509999999999,0.554049655199051,0.00018,1.0,0.6,6
"4-05 pm thu, oct 3, 2024 run13 .csv",5.936164186863348,244.95173378052257,0.2425028589201955,117.88700307006992,0.0019047838540402,0.3515035714285714,0.3512499999999996,0.277620139122009,0.257644273042679,0.011148869112268,5.005699999999999,7.562531733512883,0.00032,1.0,0.0,1
"2-13 pm thu, oct 31, 2024 run7 .csv",5.693990716356767,252.27005046215848,0.2144083218051267,136.70253258923725,0.0111901902002688,0.0680413793103448,0.0657,0.208690582513809,0.1087691658735275,0.018762642413002,1.0035633333333334,3.3758770322799663,0.00235,3.0,0.0333333333333333,8
"1-19 pm tue, oct 29, 2024 run4 .csv",5.534398459706223,298.7198417566828,0.4084585359105517,168.41936309172,0.0,0.0,0.0,0.0,0.0,0.0,0.0,0.0,0.0,0.0,0.0,5
"2-18 pm tue, oct 15, 2024 run2 .csv",5.11973327482462,168.96477321652944,0.2950648015463253,136.7563969953278,0.0,0.0,0.0,0.0,0.0,0.0,0.0,0.0,0.0,0.0,0.0,5
"3-47 pm tue, oct 8, 2024 run13 .csv",5.815185417502823,233.38868412588653,0.2386987705610882,121.41333925607503,0.2689236711410879,0.98531,1.0734999999999997,0.323950346708298,0.304129332304001,0.0640740542900511,4.67360909090909,3.1680275321006786,0.00199,1.0,0.0909090909090909,1
"2-03 pm tue, oct 8, 2024 run0 .csv",6.173114810925073,262.67905403217424,0.4957255097250666,150.0712364865914,0.0,0.0,0.0,0.0,0.0,0.0,0.0,0.0,0.0,0.0,0.0,5
"1-05 pm thu, aug 22, 2024 run3 .csv",5.853611594465466,270.38846601407226,0.3108484027805233,131.32269026463717,0.5264018902503785,0.6728615384615385,0.5800000000000001,0.11939835190773,0.0368190377950668,0.0269408231659254,5.1037928571428575,0.6167478775978087,0.00137,0.0,1.0,3
"1-19 pm tue, sep 10, 2024 run12 .csv",5.962456590772572,260.3702779190322,0.335103595330541,122.093475456498,0.0713818479257605,0.2611315789473684,0.28465,0.26321186542511,0.18981409907341,0.0273753703237763,9.62567012987013,14.58232633709908,0.004055,1.0,0.0259740259740259,6
"3-02 pm thu, oct 24, 2024 run13.csv",5.489744970970822,205.2781185192576,0.2542319757265683,136.04434869086643,0.0486374112397941,0.1175357142857142,0.1096499999999999,0.295415873527527,0.193056988716126,0.0239189449087189,4.96114705882353,16.627413856983186,0.00154,3.0,0.0,2
"3-55 pm thu, sep 5, 2024 run0 .csv",5.650971697233726,250.4408268345618,0.2370106848084823,130.53091517360178,0.1031743696639605,0.3992666666666666,0.4357999999999999,0.33291760802269,0.263228571414948,0.0602034707831647,4.8529480000000005,6.368198673725128,0.0029,0.0,1.0,6
"2-16 pm thu, oct 31, 2024 run9 .csv",5.658834203076757,238.6853019682483,0.2332011527676406,132.61078390528752,0.0230673884065639,0.0740449814126394,0.0681999999999999,0.345226709842682,0.112756114602089,0.0372701480179912,10.000052592592592,32.722321717739106,0.00384,3.0,0.0518518518518518,2
"12-04 pm thu, nov 7, 2024 run0 .csv",5.633234971408024,254.55399954094543,0.2893704715795296,118.51962396836872,0.067943859586835,1.0479166666666666,1.0406500000000007,0.302906582355499,0.283611806631088,0.029883204276511,9.775405263157896,5.083564598560332,9.5e-05,1.0,0.1052631578947368,1
"12-46 pm tue, sep 10, 2024 run6 .csv",5.90526569376156,266.74580949275685,0.3424529502256268,137.00057397938704,1.9174481503202812,2.6344499999999997,2.2374999999999994,0.112754508256912,0.0493443536758423,0.0275506426427927,7.529157142857143,0.3875481224060058,0.000785,0.0,1.0,3
"3-03 pm thu, oct 10, 2024 run0 .csv",5.969761937908146,216.4610527073989,0.6196870350852685,172.31048238178624,0.0,0.0,0.0,0.0,0.0,0.0,0.0,0.0,0.0,0.0,0.0,5
"12-29 pm fri, sep 6, 2024 run3 .csv",5.827929995443653,270.3903702388137,0.2218052255597978,102.62420971352874,0.0079542317527055,0.2629216216216216,0.2615999999999996,0.22271204829216,0.2075738513469694,0.0071252444040679,5.037494736842105,7.8340175616741154,0.00037,1.0,0.0,1
"12-25 pm fri, sep 6, 2024 run0 .csv",5.785486945087602,273.22210354384686,0.2202502375289837,100.20438470733744,0.048308437449338,0.1943725490196078,0.2125000000000003,0.236838247776032,0.196290240287781,0.027886658310092,4.92638076923077,9.956777011156085,0.0044,1.0,0.0192307692307692,1
"3-17 pm wed, sep 18, 2024 run9 .csv",5.93001779302419,303.3841960024509,0.2713112469363482,110.58580302828432,0.0456231562140811,0.3153290322580645,0.3252999999999995,0.406903296709061,0.3541791927814485,0.0323395112853016,5.0211125,11.550347888469698,0.00111,1.0,0.03125,1
"2-23 pm thu, oct 31, 2024 run10 .csv",5.628690670124515,243.6755645115875,0.2034273008265952,132.16923600496423,0.016987038027471,0.0768392307692307,0.0737000000000003,0.291020270586014,0.117871681451797,0.0247805993082331,5.046354198473282,16.034012600183488,0.00282,3.0,0.0229007633587786,4
"3-50 pm mon, aug 26, 2024 run3 .csv",5.808862433895157,243.37124865067744,0.3161165142488088,131.9629597546027,0.0225084509900354,0.0928028037383177,0.0885999999999995,0.285350514650345,0.1508187848329545,0.0317675179394669,4.984485185185187,16.15001963615418,0.00479,3.0,0.0092592592592592,3
"2-32 pm mon, sep 9, 2024 run2 .csv",5.676712959495471,268.76753395187285,0.3461828846496874,137.28180737141844,0.2353999999999998,2.5887,2.5887,0.0284290969371796,0.0283057296276093,0.0061822992721716,3.3211333333333335,0.0719880378246308,7e-05,0.0,1.0,3
"3-57 pm thu, oct 3, 2024 run12 .csv",5.977844615663342,246.56462390252588,0.2567499433355506,119.18290258963964,0.0021870005552287,0.27986,0.2795999999999998,0.271329691410065,0.2540775442123409,0.0115299777954948,4.987166666666665,9.073229978084566,0.00041,1.0,0.0,1
"3-56 pm wed, nov 6, 2024 run6 .csv",5.731865709321296,228.21252271787552,0.2888948749353837,130.52708031554795,0.001221073465506,0.4083571428571429,0.4085000000000001,0.347038667201996,0.3083691197633745,0.0171223358430093,1.53335,2.552741428613663,0.0002333333333333,1.0,0.0,1
"4-24 pm thu, oct 10, 2024 run6 .csv",5.5876961761428925,220.52225760787888,0.2536223305984817,123.28312834163758,0.031002523076328,0.2939151515151515,0.2888999999999999,0.212888283729553,0.1831513005495075,0.0167050827104206,5.019438235294118,6.275362845659256,0.00061,1.0,0.1764705882352941,1
"2-12 pm wed, sep 18, 2024 run1 .csv",5.95990244434307,296.05621447964444,0.3259562199155727,120.52492505324015,0.0,0.0,0.0,0.0,0.0,0.0,0.0,0.0,0.0,0.0,0.0,5
"11-55 am tue, sep 10, 2024 run0 .csv",5.823825525637499,265.3270318295655,0.3682641468408489,148.13617307723575,0.8830394748096044,1.2586473684210526,1.1140000000000003,0.0984162712097168,0.0332227522134781,0.023310035581561,14.323425,0.799212626218796,0.000732,3.0,0.25,3
"2-50 pm tue, oct 22, 2024 run10 .csv",5.482464984613987,222.6164462633028,0.2385670833390887,130.2750459629221,0.0006457079645708,0.0676142857142857,0.0676,0.146804528236389,0.131389397382736,0.012618554703179,0.4855266666666666,1.9602570736408231,0.0018,3.0,0.0,1
"3-05 pm fri, sep 13, 2024 run7 .csv",5.766507479932893,284.3639507005695,0.2283435007165982,94.83952355186624,0.0434010094156321,0.1445296116504854,0.1432999999999999,0.459105017185211,0.254304360151291,0.0412050806336486,14.368138647342992,51.99435030937196,0.0098066666666666,3.0,0.072463768115942,6
"4-10 pm wed, jun 19, 2024 run0 .csv",3.6918697077342744,66.4151810201369,0.3380223969264295,126.34120695771598,0.0,0.0,0.0,0.0,0.0,0.0,0.0,0.0,0.0,0.0,0.0,5
"4-33 pm thu, oct 17, 2024 run21 .csv",5.527620990898211,232.0235729049378,0.2843106789754125,133.0719478417304,0.1063282443923327,6.557766666666666,6.548,0.0889195585250855,0.0821446371078491,0.0042607108500156,9.875575,0.3319081807136537,2e-05,0.0,1.0,1
"2-39 pm mon, oct 28, 2024 run9 .csv",5.350319820064022,204.61022420960245,0.2470893400442882,119.51855233275056,0.0764297581697358,0.4306545454545455,0.4605000000000001,0.284476662874222,0.2715603625774385,0.0301191928704632,2.366325,3.117771416902543,0.00136,1.0,0.1666666666666666,1
"3-04 pm tue, oct 15, 2024 run6 .csv",4.900473262802398,174.69748827328252,0.2124736688385459,130.43707917244458,0.0014393738036869,0.2263765151515151,0.2262999999999992,0.252812386751175,0.227942308187485,0.0102799342669018,14.984766917293234,30.470711538791665,0.00056,1.0,0.0,2
"1-45 pm tue, oct 22, 2024 run0 .csv",4.917852723395589,285.69365723513766,0.2402445548243148,125.7850079492523,0.0,0.0,0.0,0.0,0.0,0.0,0.0,0.0,0.0,0.0,0.0,5
"12-31 pm fri, sep 6, 2024 run4 .csv",5.803688899286318,278.0763463615861,0.2284074197426643,98.45838108841428,1.040133457096457,1.2918999999999998,0.9767,0.251082674264908,0.225862412452698,0.0686485861669279,3.137025,1.5565060687065144,0.00189,0.0,1.0,6
"12-12 pm tue, sep 10, 2024 run2 .csv",5.1201815396084385,161.0109724063111,0.2678118675523304,180.50968270575095,1.2092108843610128,2.4208,2.1875,0.035847841501236,0.0212435936927795,0.0066140434226663,11.5629875,0.1828322803974152,0.000345,0.0,1.0,3
"3-13 pm tue, sep 17, 2024 run0 .csv",5.272317358001492,133.0372511004627,0.5817619756595502,161.38107735263236,0.0,0.0,0.0,0.0,0.0,0.0,0.0,0.0,0.0,0.0,0.0,5
"3-29 pm tue, oct 8, 2024 run9 .csv",5.842674908161628,236.3528120430557,0.2484407076125297,124.09768566883946,0.0248228051433244,0.2495645569620252,0.2506999999999983,0.335365035533905,0.2573972171545025,0.0454587441223868,10.044415,21.143324341773983,0.002305,1.0,0.0,2
"10-49 am tue, jun 4, 2024 run0 .csv",4.202819720269091,45.728084161693545,0.1711580342983572,75.87821092753961,0.0,0.0,0.0,0.0,0.0,0.0,0.0,0.0,0.0,0.0,0.0,5
"12-19 pm tue, sep 10, 2024 run4 .csv",6.110271394726322,262.4710361070335,0.444488942303574,150.62300043238358,6.581969128527487,6.138333333333333,1.5088000000000008,0.083720782995224,0.0567197269201279,0.0245702323949812,10.3685,0.2273036253452302,0.00015,0.0,1.0,3
"3-54 pm thu, oct 3, 2024 run10 .csv",5.885083486727167,239.8006381828998,0.2387272606017049,118.52995785889404,1.3831461045987394,2.2822,3.174,0.344195436239243,0.318146621584892,0.05395170430119,2.7727500000000003,1.190903834104538,0.00014,0.0,1.0,6
"1-36 pm tue, sep 10, 2024 run18 .csv",5.972785380299632,260.9641293354198,0.3406232397514283,120.15418561265876,0.907820331872413,1.12974375,0.9705500000000002,0.24568856716156,0.189858434200287,0.0600469818169744,9.9285,2.754550428390502,0.001615,0.0,1.0,6
"4-28 pm thu, oct 17, 2024 run18 .csv",5.517450626322605,236.7110227453805,0.2656011737177342,132.11992847580078,0.0583575415268774,0.6921142857142858,0.7016500000000003,0.103325262069702,0.0966968393325806,0.0055155408763342,4.741273333333334,1.4447834765911107,0.00018,0.0,1.0,1
"3-11 pm tue, oct 22, 2024 run18 .csv",5.30170238374491,212.64388846074405,0.2473622492553588,133.86822507263363,0.0,0.0,0.0,0.0,0.0,0.0,0.0,0.0,0.0,0.0,0.0,1
"3-40 pm mon, aug 26, 2024 run1 .csv",5.896075895357992,230.9461446959222,0.3824120899765779,129.1086103280657,0.3028373691952868,0.3527678571428571,0.2589999999999999,0.285597249269485,0.0571743226051331,0.057049487827173,4.51436551724138,2.26009425163269,0.00247,1.0,0.7931034482758621,3
"2-00 pm fri, sep 13, 2024 run2 .csv",5.775448878536721,271.0545621466484,0.4127341584217895,166.34354866905065,0.0,0.0,0.0,0.0,0.0,0.0,0.0,0.0,0.0,0.0,0.0,5
"12-47 pm thu, nov 7, 2024 run6 .csv",5.899154286286931,252.81302495339483,0.2963786555988985,127.79479544970104,0.0008475163854868,0.3756692307692307,0.3755000000000006,0.334845864772797,0.292983224391937,0.0365450614620835,4.9886888888888885,7.83562519192696,0.0003,1.0,0.0,1
"2-04 pm tue, oct 22, 2024 run2 .csv",5.584172553274457,229.70076306880708,0.2960752346559376,121.7521571526466,0.0,0.0,0.0,0.0,0.0,0.0,0.0,0.0,0.0,0.0,0.0,5
"2-26 pm thu, oct 31, 2024 run11 .csv",5.617011152248873,242.20925885479977,0.2095923782952097,129.62073108871903,0.0186305333502648,0.0752954198473282,0.0834000000000001,0.160764310359955,0.118059623837471,0.0139099931090039,4.909490151515152,15.660396630764009,0.0048,3.0,0.0,6
"1-38 pm thu, nov 7, 2024 run15 .csv",5.457528128673018,227.68631736481572,0.2291135203075964,137.43260141639652,0.0122567555068849,0.1498833333333333,0.1539499999999999,0.206994282007217,0.127207759618759,0.0280722424185687,1.0052615384615384,1.8284911489486677,0.0013,1.0,0.0,2
"4-20 pm thu, oct 17, 2024 run14 .csv",5.387957502792279,226.96936398407547,0.2336284283693065,129.61355595645304,0.0006749149606295,0.1253857142857143,0.1251999999999999,0.117378212213516,0.0985306429862976,0.0096359673694423,0.5154000000000001,0.8215472495555876,0.0009,3.0,0.0,1
"2-40 pm fri, aug 23, 2024 run0 .csv",5.59302323465969,185.8961540509567,0.6327462222699243,177.65301797388253,0.0,0.0,0.0,0.0,0.0,0.0,0.0,0.0,0.0,0.0,0.0,5
"3-11 pm thu, oct 24, 2024 run14.csv",5.541332004252547,204.53267378708108,0.3050343978901634,138.13209607997877,0.0544716140776116,0.1269891025641025,0.12405,0.241442033052444,0.187416146993637,0.022331217671513,10.079968789808918,29.643431564569475,0.002295,3.0,0.0,2
"3-36 pm tue, oct 8, 2024 run11 .csv",5.718590130987161,228.67846550430033,0.2308763546579784,121.3343245879626,0.4089357147906757,1.112603846153846,1.1775000000000002,0.333274216651917,0.308065520524979,0.0450104457244214,12.639659259259258,7.964195132255557,0.0007833333333333,0.0,1.0,6
"1-43 pm tue, oct 29, 2024 run11 .csv",5.580144545962247,214.89234275081995,0.244862794936834,131.32175161220778,0.0559287077358185,0.1625439024390244,0.1551,0.412684854269028,0.22277341067791,0.0347932276745139,9.977671774193553,28.232374911308295,0.00417,3.0,0.1854838709677419,6
"4-24 pm thu, oct 17, 2024 run16 .csv",5.446397568331509,229.3602232025979,0.25299610840819,131.598181536145,0.0008381527307119,0.23295,0.2330499999999999,0.110241541862488,0.0976567912101746,0.0085427810447395,0.4861599999999999,0.497825646400452,0.0006,1.0,0.0,1
"4-57 pm tue, oct 1, 2024 run11 .csv",5.856574870101071,244.3410360715801,0.2345644755429441,118.73476875508044,0.1782487547542159,0.6918999999999998,0.7439999999999998,0.235541605949402,0.211041629314423,0.0245033068856949,4.887466666666667,3.1536398196220414,0.00076,1.0,0.0,1
"2-36 pm fri, jun 14, 2024 run14 .csv",5.564788653685494,203.791833358144,0.2023181159684497,77.44091431821998,0.6040215626641696,1.2168428571428571,1.1740999999999997,0.0492672491073608,0.0440739351511001,0.0062335416977869,4.089762500000001,0.3398955714702605,0.00017,1.0,0.625,6
"12-29 pm fri, sep 6, 2024 run2 .csv",5.795777136564452,271.6977250786165,0.2164255224753781,101.22998731384574,0.0247264688941114,0.3340034482758621,0.3329999999999997,0.212869650125504,0.198034731149673,0.0080715435588461,5.1059,5.962569530010223,0.00029,1.0,0.0333333333333333,1
"2-48 pm thu, oct 31, 2024 run19 .csv",5.618409716058125,255.56959377121876,0.227913867633297,131.1034753063555,0.6522579260084279,2.205828571428571,2.4632999999999994,0.110282664299011,0.091195107102394,0.0071411890310364,9.1323875,0.7420305931568143,7e-05,1.0,0.5,6
"2-40 pm tue, oct 22, 2024 run8 .csv",4.960327945761128,185.63195394359357,0.1958879290718609,130.28046043388812,0.0005114117226984,0.0451523809523809,0.0451999999999999,0.160098640918732,0.144327865242958,0.0140301220422716,0.5098409090909091,3.114728356599805,0.0023,3.0,0.0,1
"1-25 pm thu, nov 7, 2024 run11 .csv",5.257913498427456,205.27962245183565,0.2175809093527118,129.97987590712737,0.0209267878525823,0.0717882352941176,0.0682000000000001,0.277196063995361,0.158480087518692,0.031172362270265,2.4546376811594204,11.07658465027809,0.0044,3.0,0.0,2
"2-33 pm mon, oct 28, 2024 run8 .csv",5.328934121658986,207.7684996696118,0.2473992847555598,120.00691077504416,0.0615229116729229,0.524525,0.5298999999999996,0.274575151205063,0.262339298725128,0.0163886991004131,14.640305263157892,14.79011286854744,0.001,1.0,0.0,1
"2-03 pm thu, oct 24, 2024 run1 .csv",5.869338087854204,282.3269574093467,0.3525760007336663,113.60180310226887,0.0033576185937588,0.138634965034965,0.1396000000000006,0.143418352603912,0.1195438867807389,0.0178157101017064,9.910695833333335,16.683305673599243,0.00155,1.0,0.0,6
"4-12 pm wed, nov 6, 2024 run10 .csv",5.352532784861614,216.71406899027232,0.2067020979396557,135.73507612152255,0.0012147110326411,0.0801564516129032,0.0801000000000005,0.207041187286377,0.174530688524246,0.0147919063893883,5.015183200000001,22.309685791730885,0.00168,3.0,0.0,2
"1-04 pm tue, sep 10, 2024 run9 .csv",5.99774079384499,274.14131015768555,0.357842539240936,127.85431535802878,1.445402696094604,1.388957142857143,0.9815499999999996,0.186107296943665,0.128339269161224,0.0459817362926584,10.233053333333334,1.6989169216156013,0.0015,0.0,1.0,3
"4-14 pm thu, oct 3, 2024 run16 .csv",5.836186081901799,241.26706727692653,0.2356632884374524,117.2011946581844,1.601341617380738,3.2463666666666664,4.2821,0.263840267658234,0.2552546739578245,0.0635416294663656,5.798075,0.886008596420288,0.00025,0.0,1.0,1
"12-18 pm tue, sep 10, 2024 run3 .csv",6.0359121032422465,231.5557577421548,0.4269232819769675,161.09354429363728,1.2450339197744331,3.2013833333333337,3.2890999999999995,0.0689366245269775,0.0412284553050995,0.015385710436974,9.338085714285716,0.2692864203453064,0.00029,0.0,1.0,3
"4-38 pm thu, oct 10, 2024 run9 .csv",5.633889614477479,229.9513773182404,0.230009307957469,125.30341185661548,0.1167450086311585,0.2188522727272727,0.1840499999999996,0.235943192243576,0.18483442902565,0.0654995793933999,5.017880000000001,6.952529863119126,0.00494,0.0,1.0,2
"2-46 pm wed, sep 18, 2024 run4 .csv",5.939655915698392,292.21591332715184,0.31888245095117,116.79367422727027,0.0,0.0,0.0,0.0,0.0,0.0,0.0,0.0,0.0,0.0,0.0,5
"1-12 pm tue, oct 29, 2024 run3 .csv",4.758882781680752,223.14792139146567,0.3036481415057012,195.95345382862567,0.0,0.0,0.0,0.0,0.0,0.0,0.0,0.0,0.0,0.0,0.0,5
"3-17 pm fri, sep 13, 2024 run11 .csv",5.800302669714373,295.88293589457675,0.2025452260274051,94.07892318720184,2.9444326658967768,1.9336,0.8620999999999999,0.290366166830063,0.2404358184337615,0.0398290278542123,8.232162500000001,3.710498008728027,0.0004833333333333,0.0,1.0,8
"3-18 pm tue, oct 15, 2024 run9 .csv",4.637765299032793,160.11896989812496,0.1724967058894107,124.41498694283302,0.0009960413137398,0.213091304347826,0.213,0.27026500582695,0.240489149093628,0.0164909728400266,5.080987234042554,11.450812958478927,0.00066,1.0,0.0,1
"2-08 pm tue, oct 29, 2024 run19 .csv",5.71685955731362,225.3871976507632,0.2563354220123611,132.5770245355275,0.1327999999999995,8.0485,8.0485,0.20367364525795,0.191003437042236,0.0072099816770473,8.266566666666668,0.581360735893249,1e-05,0.0,1.0,1
"2-25 pm mon, oct 28, 2024 run6 .csv",5.4344201565190815,217.4225159850972,0.2554123866540004,126.8124266910474,0.0739032280768668,0.4709619047619047,0.4939,0.277265458106995,0.2496954345703124,0.0335204524645068,5.124218181818182,5.462011169195176,0.00273,1.0,0.0454545454545454,1
"1-53 pm tue, oct 29, 2024 run14 .csv",4.902515817291889,181.20889762909096,0.1869381855796013,107.2146496781248,0.0211024285387812,0.304253125,0.3037499999999997,0.423979388475418,0.221317098140717,0.0790670076724782,4.943148484848486,9.17200350046158,0.00254,2.0,0.0,2
"2-09 pm tue, oct 22, 2024 run3 .csv",5.107882720283426,193.1367214088968,0.2254097052462668,136.58887796322549,0.0013331216143283,0.0569865019011406,0.0569000000000006,0.145811806917191,0.11510041475296,0.0158599194962393,14.8305275142315,61.59457973241808,0.0028666666666666,3.0,0.0,1
"2-23 pm tue, oct 22, 2024 run6 .csv",5.496142992771212,222.0216579329083,0.2651280373396404,129.78786571034695,0.0006892455936745,0.0608012195121951,0.0608,0.165631536245346,0.140047597885132,0.0187826580022282,9.987760790273557,44.30357825756074,0.002875,3.0,0.0,1
"2-59 pm thu, oct 17, 2024 run1 .csv",5.3496611697343095,170.90361312220378,0.5496736373092562,173.11588766572862,0.0,0.0,0.0,0.0,0.0,0.0,0.0,0.0,0.0,0.0,0.0,5
"1-38 pm fri, sep 13, 2024 run1 .csv",4.989857433153853,123.8271210944038,0.5059761678402356,159.29869479783346,0.0,0.0,0.0,0.0,0.0,0.0,0.0,0.0,0.0,0.0,0.0,5
"3-59 pm tue, sep 17, 2024 run8 .csv",5.734099268056527,303.6687618158374,0.2194852399332466,94.58492752254756,0.0407420915496122,0.1918960784313725,0.1854000000000004,0.177590454816818,0.152426415085793,0.0223695759125021,4.505863461538461,7.726517087221145,0.00268,1.0,0.8653846153846154,2
"4-22 pm thu, sep 5, 2024 run6 .csv",5.556291407906935,247.80041413005807,0.2296810329243242,131.521498413944,0.286459794037488,0.91302,0.9826,0.433774881362915,0.403957902193069,0.1110693229561837,4.542445454545455,3.7228083956241593,0.00059,0.0,1.0,6
"3-06 pm wed, sep 18, 2024 run7 .csv",5.942523423764163,305.31372262022063,0.2750940117372751,111.67760291883556,0.0566294092343754,0.302146875,0.3204500000000001,0.318500981330872,0.304520637989044,0.040390711574868,4.9654727272727275,9.601029382944107,0.00492,1.0,0.0606060606060606,1
"4-05 pm thu, oct 10, 2024 run3 .csv",6.1539903570383965,287.38845834988575,0.4597276833433049,136.87630387977637,0.0,0.0,0.0,0.0,0.0,0.0,0.0,0.0,0.0,0.0,0.0,5
"1-30 pm thu, oct 31, 2024 run1 .csv",4.896590503518775,170.86227767133985,0.3862459028579132,167.47003603468937,0.0,0.0,0.0,0.0,0.0,0.0,0.0,0.0,0.0,0.0,0.0,5
"4-07 pm mon, aug 26, 2024 run6 .csv",5.661844772615451,224.57808010513628,0.3366600836258749,128.29843298016928,0.0352430632583582,0.0805268292682926,0.0744,0.519653307199478,0.2814091861248015,0.0816797200911456,5.128279838709679,34.284106236696246,0.02081,3.0,0.1854838709677419,3
"4-02 pm thu, sep 5, 2024 run2 .csv",5.604987264821114,247.40542405750637,0.2411503822824993,129.7214144665918,0.4475092556333903,1.4012428571428572,1.3062999999999998,0.364550399780273,0.334575356245041,0.0929926751747207,5.1203625,2.3218267393112177,0.00108,0.0,1.0,6
"3-05 pm wed, nov 6, 2024 run1 .csv",4.615678164050338,219.23537080341,0.3411418850847769,192.10284171358728,0.0,0.0,0.0,0.0,0.0,0.0,0.0,0.0,0.0,0.0,0.0,5
"3-14 pm thu, jun 27, 2024 run0 .csv",5.848729452707991,118.55565571090634,0.5553392044291964,144.46809980444056,0.0,0.0,0.0,0.0,0.0,0.0,0.0,0.0,0.0,0.0,0.0,2
"3-33 pm mon, aug 26, 2024 run0 .csv",6.14719700464534,237.08671189567957,0.5493609510452726,137.55080173256368,0.8288499999999996,1.91675,1.91675,0.0193500339984894,0.0189458775520325,0.0017918179202542,5.947966666666666,0.0536589968204499,3e-05,0.0,1.0,3
"2-04 pm mon, oct 28, 2024 run2 .csv",4.901963708332088,223.8857167328052,0.3422840400969874,186.05651970676567,0.0,0.0,0.0,0.0,0.0,0.0,0.0,0.0,0.0,0.0,0.0,5
"2-12 pm mon, sep 9, 2024 run0 .csv",5.980413652041619,289.71375042995555,0.4029507374136263,126.11151584803908,0.0,0.0,0.0,0.0,0.0,0.0,0.0,0.0,0.0,0.0,0.0,5
"3-13 pm tue, oct 15, 2024 run8 .csv",4.883466766001316,172.3773327773597,0.20177279501521,127.9455024049366,0.0009925487701994,0.2362357142857143,0.2361999999999995,0.262593101263046,0.240224423408508,0.0136586734784271,5.00936511627907,10.370581166744234,0.00057,1.0,0.0,1
"3-56 pm tue, sep 17, 2024 run6 .csv",5.940773025912515,304.7916093525962,0.2639411117733993,103.3984573672148,0.0123303840680735,0.0528772486772486,0.0464999999999999,0.339777987003326,0.1484301495552065,0.050533412274722,4.993770526315789,30.48743230700493,0.01555,3.0,0.0,2
"1-44 pm thu, nov 7, 2024 run17 .csv",5.444256113964105,233.47845159831613,0.2153965779222392,141.56035549916518,0.0016408583119818,0.194772,0.1949,0.139964067935944,0.1294968014955519,0.0071776224366567,2.5289269230769227,3.332245484590531,0.0007,1.0,0.0,1
"2-58 pm wed, sep 18, 2024 run5 .csv",5.925452298497291,309.9202440215721,0.2678045824112753,110.1123810794525,0.0545803161050067,0.2747228571428571,0.2911999999999999,0.285358225107193,0.259544579386711,0.0298276324034909,5.071655555555555,9.133322066068647,0.00222,1.0,0.0555555555555555,1
"3-21 pm thu, oct 24, 2024 run17.csv",5.481935430857014,218.95177918665377,0.2737680238228839,142.35156912358786,2.518832117946729,4.79436,5.7693,0.155733237266541,0.1502706998586654,0.0106151512973446,11.985666666666669,0.882580655813218,2e-05,0.0,1.0,2
"2-25 pm tue, jun 4, 2024 run3 .csv",5.54639050965839,90.19522510409335,0.4415570160331726,113.93815942016138,0.1168196740230116,0.1728754385964912,0.1251999999999999,0.0767800867557526,0.0229254370927811,0.0116110325346125,4.832015517241379,1.5121574485301972,0.00255,3.0,0.2758620689655172,3
"3-59 pm tue, oct 1, 2024 run3 .csv",5.978937788358343,249.45088136052632,0.3170973066442005,127.47315819701586,0.0,0.0,0.0,0.0,0.0,0.0,0.0,0.0,0.0,0.0,0.0,5
"3-18 pm thu, jun 27, 2024 run2.csv",4.308201978022538,131.67408675029318,0.3439136142680442,178.20338514825067,0.0,0.0,0.0,0.0,0.0,0.0,0.0,0.0,0.0,0.0,0.0,3
"3-14 pm fri, sep 13, 2024 run9 .csv",5.773618115159074,287.85236557210175,0.223937536130017,94.05822558275275,0.019138748689556,0.0847441926345609,0.0854999999999996,0.483572224378586,0.245187708735466,0.0723291058387005,14.38268163841808,90.10401384711268,0.0196133333333333,3.0,0.0,2
"4-56 pm tue, oct 1, 2024 run10 .csv",5.887463497355732,244.09351241909488,0.246695203660674,119.78131861974956,0.0083526605806478,0.6827142857142858,0.6834,0.233602426052094,0.210592495203018,0.0161187399083068,4.894140000000001,3.2391841256618497,0.00017,1.0,0.0,1
"4-26 pm thu, sep 5, 2024 run8 .csv",5.597393311144483,270.25786481351554,0.1951451916615427,126.48062108693765,0.0178060251665386,0.1776963636363636,0.1808000000000005,0.208456056118011,0.1891394340991975,0.0274810666248177,5.017,9.984690150022509,0.0006,1.0,0.0178571428571428,2
"1-36 pm tue, oct 29, 2024 run9 .csv",5.756141170144571,222.64199540888407,0.2704300060257965,130.51112632503433,0.0010374794631045,0.4344999999999999,0.4343999999999997,0.245798441171646,0.2309214359521865,0.0104152842616628,2.471258333333333,2.7706370115280143,0.00032,1.0,0.0,1
"3-38 pm tue, oct 8, 2024 run12 .csv",5.856647274963258,232.3543460541775,0.2572966198269533,122.6881521501698,3.2076057562456146,7.1709499999999995,7.651400000000001,0.290298057794571,0.277730655670166,0.0332013308072848,12.2951,1.316202613115312,5.333333333333333e-05,1.0,0.4,1
"4-25 pm thu, sep 5, 2024 run7 .csv",4.55306977103742,183.39089193543657,0.1419445756893606,99.84470487719366,0.5327796313257063,2.191766666666666,1.9624,0.51224227309227,0.3243962681293489,0.1324077870325504,4.083025,1.299582723379136,0.00038,0.0,1.0,6
"3-17 pm thu, jun 27, 2024 run1.csv",5.826731265841985,303.6492785764104,0.2921225743303503,170.91586984228732,0.0,0.0,0.0,0.0,0.0,0.0,0.0,0.0,0.0,0.0,0.0,3
"3-57 pm thu, aug 29, 2024 run4 .csv",5.888417958702932,251.15151437700163,0.3329715868863154,127.54031979623832,0.0035322273338771,0.1605672131147541,0.1600999999999999,0.22201168179512,0.2089456701278685,0.0097473472069089,5.012137096774193,12.812730227708816,0.00105,1.0,0.0,1
"4-59 pm tue, oct 1, 2024 run12 .csv",5.896155905072321,243.7728296862253,0.2488735223672114,118.87445454476646,0.0070671034106829,1.0632777777777778,1.064,0.237227625846863,0.2198697811365125,0.0154840439946476,4.879900000000001,2.188147978782653,0.0001,1.0,0.0,1
"4-47 pm tue, oct 1, 2024 run8 .csv",5.932498706596419,245.82615982110215,0.2778147719750308,120.89390827917325,0.0465871603642298,0.2737805555555556,0.2686999999999999,0.2398761677742,0.19641232252121,0.0096477019071055,9.833108219178085,14.150711668729784,0.00062,1.0,0.1232876712328767,4
"1-10 pm thu, aug 22, 2024 run4 .csv",5.973586549939023,274.2147125761197,0.3327113467049118,122.37486758534332,0.2986096938703705,0.5746882352941176,0.5042,0.177228705883026,0.0685581696033478,0.0542861811191721,4.384111111111111,1.5321397399902337,0.00401,1.0,0.7777777777777778,3
"3-05 pm tue, oct 15, 2024 run7 .csv",4.892839786706952,174.48946174028717,0.2151545854223483,130.7717000693892,0.0014162351541669,0.2312558139534883,0.2315000000000004,0.259016091823578,0.2310451245307925,0.0119766089506827,14.964689230769231,30.246422059535984,0.00059,1.0,0.0,1
"3-48 pm mon, aug 26, 2024 run2 .csv",5.720281351267827,232.08866037951,0.3349164527529708,136.91853472682854,0.1582639500960342,0.24291,0.1929500000000001,0.247574416399002,0.0598999691009522,0.0491542752071205,5.312621951219512,2.98118709921837,0.00461,0.0,1.0,3
"1-27 pm fri, sep 13, 2024 run0 .csv",2.2860915293552457,133.24584940552998,0.064195573871251,60.26900429954047,0.0,0.0,0.0,0.0,0.0,0.0,0.0,0.0,0.0,0.0,0.0,5
"3-24 pm tue, oct 8, 2024 run7 .csv",5.854004630971229,237.51049037789625,0.2527615465454163,125.31893437517856,0.0266666304784266,0.2687765765765765,0.2716999999999991,0.335442782640457,0.252035236954689,0.0439522490010258,15.054399107142858,28.794374690055847,0.0019,1.0,0.0089285714285714,7
"1-59 pm tue, oct 29, 2024 run16 .csv",5.547537368796647,211.47869398682903,0.2345528519803848,126.2542274911641,0.0073650639282129,0.4019999999999999,0.3996500000000003,0.280077204704285,0.220585247278214,0.0253000264261344,4.913368,5.612955570220947,0.00064,1.0,0.0,1
"2-00 pm tue, jun 4, 2024 run2 .csv",5.795213964335173,106.82310555273844,0.3679548410984902,110.85890744999644,0.0,0.0,0.0,0.0,0.0,0.0,0.0,0.0,0.0,0.0,0.0,5
"5-01 pm thu, oct 10, 2024 run13.csv",5.744145354559768,265.10525403114895,0.2057432808961799,122.2768684473874,0.0031902856057994,0.0887252252252252,0.0885999999999995,0.0836623120307922,0.0784269118309021,0.0037916978028876,4.928601785714286,8.705477811098099,0.00269,3.0,0.0,2
"2-21 pm mon, oct 28, 2024 run4 .csv",5.846054482182055,238.139299264545,0.2769046385254568,136.21491563484284,0.0016219922800544,0.1399112676056338,0.1399999999999996,0.152325857877731,0.1360879570245745,0.008698284679168,5.001598611111111,9.978448535203936,0.00091,1.0,0.0,1
"3-19 pm thu, oct 17, 2024 run4 .csv",5.2640431861765995,203.07827171752635,0.2449471678138911,134.50175340168175,0.000892941697964,0.0654588621444201,0.0654000000000003,0.129449574947357,0.10424634039402,0.0080450334121241,15.042062008733623,48.26317028522491,0.0023366666666666,3.0,0.0,2
"4-29 pm thu, sep 5, 2024 run9 .csv",5.722564829331297,285.02272706941784,0.1961187038863088,124.44715360298684,0.0160971599832706,0.1622475409836065,0.1641000000000003,0.203430765867233,0.150892034173012,0.0242733058919247,4.945545161290322,9.588150992393496,0.00073,1.0,0.0,2
"2-01 pm mon, oct 28, 2024 run1 .csv",5.424039306670874,229.25654989292156,0.2760242076419859,131.94728357739606,0.0,0.0,0.0,0.0,0.0,0.0,0.0,0.0,0.0,0.0,0.0,5
"2-21 pm fri, jun 14, 2024 run7 .csv",5.520570283925928,86.44284833342743,0.4238108007182644,119.04539155973607,2.309299725024883,2.9449,2.092,0.0199585175514221,0.017765856385231,0.0016715044930775,3.897675,0.0716616284847259,5e-05,0.0,1.0,3
"2-50 pm thu, oct 3, 2024 run1 .csv",5.894091021569041,249.9302802164894,0.3075960674593888,131.07337589220933,0.0,0.0,0.0,0.0,0.0,0.0,0.0,0.0,0.0,0.0,0.0,5
"1-43 pm fri, jun 14, 2024 run3 .csv",6.185301599460113,198.60241994361152,0.5607528979431993,180.50619411463651,0.0,0.0,0.0,0.0,0.0,0.0,0.0,0.0,0.0,0.0,0.0,1
"4-34 pm thu, sep 5, 2024 run10 .csv",5.740758371233639,303.87208771750994,0.1803795532479031,122.0003702190767,0.0196220740478887,0.0763884615384615,0.0717499999999993,0.192451075315475,0.039959442615509,0.0189283642615579,5.1046190839694665,5.535045258998871,0.00493,3.0,0.015267175572519,1
"1-00 pm fri, jun 28, 2024 run8 .csv",5.439864168409741,191.0855130804597,0.2830121705965989,100.93886338780614,0.0157095840230381,0.3043838709677419,0.3038999999999987,0.105258016586304,0.092257222533226,0.0140274691613913,4.903490625,2.8846483242511765,0.00462,1.0,0.0,1
"3-05 pm mon, sep 9, 2024 run3 .csv",6.12340520632379,290.67167456034457,0.4492648294085697,127.94651798973403,0.0,0.0,0.0,0.0,0.0,0.0,0.0,0.0,0.0,0.0,0.0,5
"2-11 pm tue, oct 22, 2024 run4 .csv",5.4070929102881085,214.9962168025012,0.2488444489547629,133.62178218834163,0.000504011274342,0.0605634146341463,0.0605999999999999,0.138062155246735,0.124577208757401,0.0141694568677675,2.4860060240963855,9.91032279372215,0.0022,3.0,0.0,2
"3-00 pm tue, oct 15, 2024 run5 .csv",4.667262011274818,164.8113432963991,0.1818806372461793,129.68786199772237,0.0137763779409925,0.138541958041958,0.1399000000000008,0.216375980377197,0.188150568008423,0.0134681397599211,9.56718888888889,27.026324527263643,0.002785,3.0,0.0,2
"3-55 pm tue, sep 17, 2024 run5 .csv",5.900410728789755,307.730886640844,0.2473066858943744,103.02715438409057,0.0059147434486018,0.0480429951690821,0.0469999999999997,0.290885337591171,0.1413792580366135,0.0271503745469105,4.9876038461538466,28.795569168329237,0.00739,3.0,0.0144230769230769,2
"4-09 pm thu, oct 3, 2024 run14 .csv",5.928660944600168,245.70349269762607,0.2401883335447926,118.18159559088556,0.0013041840360931,0.3808480000000001,0.3808,0.282955132722855,0.2602700048685075,0.0146615325257014,4.860976923076923,6.795792981386187,0.00026,1.0,0.0,1
"4-21 pm wed, nov 6, 2024 run13 .csv",5.39772535313287,213.96750311100055,0.220155211233879,134.95053381125894,0.0012093984571261,0.1558909090909091,0.1559000000000001,0.214429732561111,0.18504261136055,0.0133858466323653,0.9976916666666664,2.269169459342956,0.0006,1.0,0.0,1
"2-30 pm tue, oct 22, 2024 run7 .csv",5.581182614595319,232.4691063550061,0.2651913287170968,123.1308307099036,0.000395476148564,0.055635294117647,0.0554999999999999,0.146907334327698,0.1307372212409975,0.0156755031989258,0.5193,2.304807190895082,0.0018,3.0,0.0,1
"3-53 pm wed, nov 6, 2024 run5 .csv",5.60435030650902,206.68031455428277,0.3163488043362357,123.42305075812996,0.0,0.0,0.0,0.0,0.0,0.0,0.0,0.0,0.0,0.0,0.0,1
"4-43 pm tue, oct 1, 2024 run7 .csv",6.0967867419496535,290.11956521809316,0.2572562147706541,116.65428192360388,0.0170047460066735,0.058351461988304,0.04915,0.0867432820796967,0.0742645502090454,0.0048103150017106,9.889600874635567,25.4405906867981,0.004985,3.0,0.0,1
