file_name,std_dev,mean_time_diff,median_time_diff,max_peak,median_peak,std_peak,avg_peaks_per_second,sum_peak_magnitude,percent_time_above_threshold,mean_post_peak_magnitude,std_dev_post_peak_magnitude,Top Peak Frequency (Hz),Number of Peaks,Mean Power,Std Power,Frequency Centroid,Spectral Entropy
"MATLAB 1-00 PM Fri, Jun 28, 2024 Run8 .csv",0.7033021456355406,1.0062166666666668,0.7481,0.105258016586304,0.104706076383591,0.000480976637454,4.219985714285714,0.732669456005098,7e-05,0.0,0.0,1548.8000000036095,675,1.6479286445074273,2.273277576861326,2353.019650429362,4.83067034633243
"MATLAB 1-02 PM Thu, Nov 7, 2024 Run8 .csv",0.0009449338601193,0.23581,0.2356000000000001,0.286735184192657,0.255192347764969,0.0226552287312348,2.4587666666666665,5.321330028772355,0.00258,0.0,0.0,641.4000000000706,49,2.215778398277925,2.7755829227255058,2687.937309309328,5.037631547344615
"MATLAB 1-04 PM Thu, Aug 22, 2024 Run2.csv",0.0,0.0,0.0,0.0,0.0,0.0,0.0,0.0,0.0,0.0,0.0,559.500000001304,448,0.4428764111278655,0.4885488112997491,2933.986774731406,5.291812879461318
"MATLAB 1-04 PM Tue, Sep 10, 2024 Run9 .csv",2.3840820410786514,2.4341875,1.1729500000000002,0.186107296943665,0.140753747224808,0.0230319371932583,10.141433333333332,1.328799571990967,0.00021,0.0,0.0,754.5000000017584,2522,1.5303660412172173,1.688767890209801,2814.02946974546,5.320139661778545
"MATLAB 1-05 PM Thu, Aug 22, 2024 Run3 .csv",0.0,0.0,0.0,0.0,0.0,0.0,0.0,0.0,0.0,0.0,0.0,569.000000001326,914,0.4553976189685168,0.504435821050832,2873.2483767190006,5.2499421695495
"MATLAB 1-07 PM Fri, Jun 14, 2024 Run1 .csv",0.0,0.0,0.0,0.0,0.0,0.0,0.0,0.0,0.0,0.0,0.0,4865.000000011338,7018,1.0419670170750177,0.8967293896183698,3120.017939434241,5.721155310498767
"MATLAB 1-10 PM Thu, Aug 22, 2024 Run4 .csv",0.7624257430071468,1.05308,0.7274999999999999,0.177228705883026,0.1642263054847715,0.0213432925821966,3.2746833333333334,0.9323477995395648,0.00017,0.0,0.0,583.3000000013594,1022,0.9912969596137464,1.0810194005248417,2823.806651325291,5.332024065888783
"MATLAB 1-12 PM Thu, Nov 7, 2024 Run9 .csv",0.0015262290129597,0.217825,0.2175,0.253044985532761,0.244559627771378,0.0233725451448058,0.9743555555555558,2.0564707243442557,0.0025,0.0,0.0,659.5000000000726,114,1.4243194897915663,1.8007795619095504,2646.2888243496063,4.940678300503706
"MATLAB 1-12 PM Tue, Oct 29, 2024 Run3 .csv",0.0,0.0,0.0,0.0,0.0,0.0,0.0,0.0,0.0,0.0,0.0,4382.466666676881,36,0.0382348460529515,0.0699656050311283,2677.4759152975685,4.327606808273128
"MATLAB 1-14 PM Tue, Sep 10, 2024 Run10 .csv",0.0224399671231887,0.1421242857142857,0.1443999999999996,0.209852933883667,0.147859575748444,0.016505794335838,9.738009929078013,21.426141328811653,0.004045,0.0,0.0,765.050000001783,3189,5.588614556491646,6.382025066598065,2805.390108631545,5.277985989701007
"MATLAB 1-15 PM Thu, Aug 22, 2024 Run5 .csv",1.5293463871863695,1.7162999999999995,1.2437999999999994,0.342107187509537,0.2413761729002,0.0895120898482798,3.5080166666666663,1.333197745084764,0.00031,0.0,0.0,598.1000000013939,2814,1.36081689053371,1.4368175531212868,2815.560688080591,5.397793545292677
"MATLAB 1-17 PM Tue, Sep 10, 2024 Run11 .csv",0.1077340025183819,0.1444430656934306,0.1242,0.317890570163727,0.189303602576256,0.0276391325908148,10.073928985507246,26.66565505743027,0.00702,0.0,0.0,768.9500000017921,2892,6.959458442816111,7.857479045061697,2727.0402672086825,5.299507457353867
"MATLAB 1-19 PM Tue, Oct 29, 2024 Run4 .csv",0.0,0.0,0.0,0.0,0.0,0.0,0.0,0.0,0.0,0.0,0.0,4381.533333343545,39,0.0489017568566715,0.0766544739300985,2890.493793793013,4.68187279933642
"MATLAB 1-19 PM Tue, Sep 10, 2024 Run12 .csv",0.0665364674802321,0.2681891891891892,0.2860499999999999,0.26321186542511,0.190906413793564,0.0231322691496291,9.648478666666666,14.388544565439233,0.003505,0.0,0.0,770.7500000017963,2450,5.195203731707693,5.895294908282842,2731.248115112046,5.30132917638595
"MATLAB 1-20 PM Thu, Aug 22, 2024 Run6 .csv",0.795373693024578,0.6425666666666666,0.1935000000000002,0.346063294410706,0.1487032282352445,0.066064423838652,6.29910625,2.696766979694368,0.00047,0.0,0.0,614.3000000014316,1447,1.5731772733855565,1.6986444135608862,2779.613902746006,5.367689414856277
"MATLAB 1-21 PM Thu, Nov 7, 2024 Run10 .csv",0.0010924602453888,0.1329714285714285,0.1329,0.197272038459778,0.175728379487991,0.0103545136311415,1.0322933333333333,2.7077293217182152,0.00415,0.0,0.0,670.0000000000738,41,1.6939642308691203,2.3278544013888514,2657.600906460716,4.771951869954209
"MATLAB 1-21 PM Tue, Oct 29, 2024 Run5 .csv",0.0,0.0,0.0,0.0,0.0,0.0,0.0,0.0,0.0,0.0,0.0,4262.300000009934,77,0.0334514547460907,0.0707763982333403,2587.034568148473,4.00723289825329
"MATLAB 1-23 PM Tue, Sep 10, 2024 Run15 .csv",1.986267212148344,2.0385166666666668,1.3702499999999995,0.19513431429863,0.144181045293808,0.0322350250154118,8.269714285714286,1.044659599065781,0.000125,0.0,0.0,767.2500000017881,2888,1.249715453698945,1.4096197394159442,2796.8335289402876,5.284386417079872
"MATLAB 1-25 PM Thu, Nov 7, 2024 Run11 .csv",0.0205930993661182,0.0606135802469135,0.0597000000000003,0.277196063995361,0.1421727925539015,0.0309150556239426,2.4796817073170727,12.782943447828291,0.0082,0.0,0.0,1206.800000000133,207,3.834546059041298,5.2466499208405635,2612.449837033382,4.682655973888899
"MATLAB 1-27 PM Fri, Sep 13, 2024 Run0 .csv",0.0,0.0,0.0,0.0,0.0,0.0,0.0,0.0,0.0,0.0,0.0,1260.7000000029382,181,0.0424815414082342,0.1224338792062589,2163.0805294513075,2.3584990688033116
"MATLAB 1-28 PM Tue, Oct 29, 2024 Run6 .csv",0.0,0.0,0.0,0.0,0.0,0.0,0.0,0.0,0.0,0.0,0.0,4261.566666676599,34,0.0319057671141191,0.0668197467856631,2517.5766229026103,4.133220369902326
"MATLAB 1-29 PM Thu, Nov 7, 2024 Run12 .csv",0.0135034316116036,0.0453772727272727,0.0428499999999999,0.195831468105316,0.131287876367569,0.026404954527983,0.5224347826086957,3.33586939930916,0.0102,0.0,0.0,1211.0000000001337,54,2.047954205036036,2.692238423990504,2617.6148039685345,4.719874182722146
"MATLAB 1-30 PM Thu, Oct 31, 2024 Run1 .csv",0.0,0.0,0.0,0.0,0.0,0.0,0.0,0.0,0.0,0.0,0.0,1380.4000000032172,29,0.0318153573224557,0.0502538998829685,2477.3855745742217,4.595889153057674
"MATLAB 1-30 PM Tue, Sep 10, 2024 Run16 .csv",0.1729156063779836,0.5755205882352941,0.6059000000000001,0.308545496463776,0.1948785841465,0.0356304532103504,9.87882,6.913957660198212,0.00156,0.0,0.0,775.4500000018072,1462,3.389486536828343,3.905843190755765,2740.7702028592166,5.265481884055491
"MATLAB 1-31 PM Tue, Oct 29, 2024 Run7 .csv",0.0150805366858236,0.3583301204819277,0.3640000000000007,0.251683447360992,0.2377776384353639,0.0086095185659398,14.690772619047618,19.921651287078856,0.0031766666666666,0.0,0.0,1237.3666666695506,4092,5.231347809561007,6.264591953226805,2582.726661232263,5.133696320504733
"MATLAB 1-36 PM Thu, Nov 7, 2024 Run14 .csv",0.0304964161828894,0.0939599999999999,0.109,0.236234904527664,0.145340183973312,0.0290240947671783,0.982052380952381,3.336768310070038,0.00535,0.0,0.0,1206.0000000001328,130,1.8343188835105813,2.371567811480102,2685.6804103806726,4.836936682376641
"MATLAB 1-36 PM Tue, Oct 29, 2024 Run9 .csv",0.0010374794631045,0.4344999999999999,0.4343999999999997,0.245798441171646,0.2309214359521865,0.0104152842616628,2.471258333333333,2.7706370115280143,0.00274,0.0,0.0,698.400000000077,1179,2.05760446427197,2.391425968917849,2571.211999921162,5.152042779256101
"MATLAB 1-36 PM Tue, Sep 10, 2024 Run18 .csv",0.9264244820099194,1.2911357142857145,1.1353999999999995,0.24568856716156,0.197438455820084,0.048588564848309,10.255353333333334,2.701612359285354,0.00056,0.0,0.0,779.9500000018177,3548,2.1530506975616115,2.412725432389541,2741.41959438429,5.290630808998528
"MATLAB 1-38 PM Fri, Sep 13, 2024 Run1 .csv",0.0,0.0,0.0,0.0,0.0,0.0,0.0,0.0,0.0,0.0,0.0,97.400000000227,11,0.0191186087434466,0.0215041031119547,2451.612528986082,4.823172549892011
"MATLAB 1-38 PM Thu, Nov 7, 2024 Run15 .csv",0.0433497599032966,0.1301214285714285,0.1498999999999999,0.206994282007217,0.127207759618759,0.0272283994733642,1.0372066666666668,2.080461810827254,0.00305,0.0,0.0,1206.0000000001328,99,1.4716857292319447,1.931243849971001,2716.664361834557,4.8280324234100584
"MATLAB 1-41 PM Tue, Oct 29, 2024 Run10 .csv",0.0539734251481432,0.1625266666666666,0.1607499999999999,0.412724049091339,0.218017665147781,0.0481921120583019,2.5556129032258066,7.233200130462649,0.00834,0.0,0.0,710.8000000000783,587,3.4623901457334147,4.392561584985339,2509.5601681938665,4.947373768429712
"MATLAB 1-43 PM Fri, Jun 14, 2024 Run3 .csv",0.0,0.0,0.0,0.0,0.0,0.0,0.0,0.0,0.0,0.0,0.0,57.00000000013284,401,0.4091293468177958,0.3383786145875579,2457.9633489748994,5.696520536730979
"MATLAB 1-43 PM Thu, Oct 31, 2024 Run2 .csv",0.0,0.0,0.0,0.0,0.0,0.0,0.0,0.0,0.0,0.0,0.0,1380.300000003217,39,0.0568953194223319,0.0704326353806621,2941.7495980060794,5.2145719773328185
"MATLAB 1-43 PM Tue, Oct 29, 2024 Run11 .csv",0.0599655285869542,0.1549837209302325,0.1492000000000004,0.412684854269028,0.22277341067791,0.0331132363501494,9.92930846153846,29.630641844272617,0.00815,0.0,0.0,711.1500000016574,1674,6.910312654856162,8.52794865023938,2559.376230632853,5.048219250388929
"MATLAB 1-44 PM Thu, Nov 7, 2024 Run17 .csv",0.0016408583119818,0.194772,0.1949,0.139964067935944,0.1294968014955519,0.0071776224366567,2.5289269230769227,3.332245484590531,0.00186,0.0,0.0,703.4000000000774,153,1.8056041497307829,2.41449235724654,2733.621352842638,4.821478570100004
"MATLAB 1-45 PM Tue, Oct 22, 2024 Run0 .csv",0.0,0.0,0.0,0.0,0.0,0.0,0.0,0.0,0.0,0.0,0.0,4379.400000010207,618,0.11553604893567,0.1768407564077926,2884.8127984670905,4.247915089033316
"MATLAB 1-45 PM Tue, Oct 29, 2024 Run12 .csv",0.0637200857844043,0.1541286821705426,0.1486,0.446060209274292,0.221560298800468,0.0386549528012155,9.934117692307693,29.622005490064623,0.008115,0.0,0.0,711.3000000016577,1313,6.9076149340748785,8.612168065469458,2562.4965967073213,5.038038487705507
"MATLAB 1-50 PM Thu, Nov 7, 2024 Run19 .csv",0.6989600958249017,8.964233333333334,9.1126,0.115124188661575,0.1064120149612425,0.004195063757698,13.127675,0.432584258317947,2.3333333333333332e-05,0.0,0.0,1212.266666669492,1840,0.6154226082567623,0.7832997975207683,2823.553091787255,4.998056333397509
"MATLAB 1-51 PM Tue, Oct 29, 2024 Run13 .csv",0.0660729364841487,0.1773693693693694,0.1867000000000001,0.398807317018509,0.2173600274324419,0.0300831389079072,9.982913392857142,24.543218162059784,0.00742,0.0,0.0,719.4500000016767,1539,6.518221233043372,8.051569501331997,2576.044596838749,5.076872441712688
"MATLAB 1-52 PM Fri, Jun 14, 2024 Run4 .csv",0.0,0.0,0.0,0.0,0.0,0.0,0.0,0.0,0.0,0.0,0.0,58.90000000013727,625,0.3130561195729073,0.2899922166925959,2240.4211454252877,5.406172198859884
"MATLAB 1-53 PM Tue, Oct 29, 2024 Run14 .csv",0.0211024285387812,0.304253125,0.3037499999999997,0.423979388475418,0.221317098140717,0.0790670076724782,4.943148484848486,9.17200350046158,0.00698,0.0,0.0,1254.9000000029246,688,4.302118852308241,6.309540482437013,2388.4759463654013,4.596733719104828
"MATLAB 1-55 PM Fri, Jun 14, 2024 Run5 .csv",0.0,0.0,0.0,0.0,0.0,0.0,0.0,0.0,0.0,0.0,0.0,57.300000000133544,454,0.2568617430875717,0.272781787048134,1961.8077767649825,5.056045199970073
"MATLAB 1-59 PM Tue, Oct 22, 2024 Run1 .csv",0.0,0.0,0.0,0.0,0.0,0.0,0.0,0.0,0.0,0.0,0.0,59.5493233728655,25,0.0643165822904562,0.081222060291638,2981.673299042834,5.09867571496203
"MATLAB 1-59 PM Tue, Oct 29, 2024 Run16 .csv",0.0073650639282129,0.4019999999999999,0.3996500000000003,0.280077204704285,0.220585247278214,0.0253000264261344,4.913368,5.612955570220947,0.0038,0.0,0.0,729.5000000017002,1537,3.1455661021750396,3.9359818829386137,2563.481449008549,5.033556548543777
"MATLAB 10-49 AM Tue, Jun 4, 2024 Run0 .csv",0.0,0.0,0.0,0.0,0.0,0.0,0.0,0.0,0.0,0.0,0.0,58.90000000013727,29,0.059431045715736,0.088134615198218,1543.708081665491,4.480402674319312
"MATLAB 11-55 AM Tue, Sep 10, 2024 Run0 .csv",0.0,0.0,0.0,0.0,0.0,0.0,0.0,0.0,0.0,0.0,0.0,636.5200000014835,3166,0.4364161674801627,0.4689086380110472,2870.5552325816548,5.275420865001682
"MATLAB 12-00 PM Tue, Sep 10, 2024 Run1 .csv",0.0,0.0,0.0,0.0,0.0,0.0,0.0,0.0,0.0,0.0,0.0,659.4000000015368,1874,0.288756434000492,0.3121689129165439,2890.8843745053755,5.277713800915049
"MATLAB 12-04 PM Thu, Nov 7, 2024 Run0 .csv",0.067943859586835,1.0479166666666666,1.0406500000000007,0.302906582355499,0.283611806631088,0.029883204276511,9.775405263157896,5.083564598560332,0.000945,0.0,0.0,1182.600000002756,2893,2.452182558581798,2.952164807341219,2658.1527500534135,5.101448850361335
"MATLAB 12-12 PM Tue, Sep 10, 2024 Run2 .csv",0.0,0.0,0.0,0.0,0.0,0.0,0.0,0.0,0.0,0.0,0.0,82.70000000019273,293,0.3254424381575664,0.3873874323479959,2731.3714830244667,4.852285889013739
"MATLAB 12-14 PM Thu, Nov 7, 2024 Run2 .csv",0.0058942961013688,0.5586685714285714,0.5589999999999993,0.31794133067131,0.268616574406624,0.0357741098684104,9.883933333333337,9.547665953636177,0.001475,0.0,0.0,1178.2000000027458,2376,3.387123021482655,4.109845997630515,2621.490876941469,5.05268476514383
"MATLAB 12-18 PM Tue, Sep 10, 2024 Run3 .csv",0.0,0.0,0.0,0.0,0.0,0.0,0.0,0.0,0.0,0.0,0.0,695.9500000016219,885,0.3409520893704197,0.3545304767243772,2697.7446777505884,5.353650533300739
"MATLAB 12-19 PM Tue, Sep 10, 2024 Run4 .csv",0.0,0.0,0.0,0.0,0.0,0.0,0.0,0.0,0.0,0.0,0.0,697.2500000016249,1189,0.3809148145939767,0.3856729272786312,2880.0644894428915,5.371596859759719
"MATLAB 12-21 PM Thu, Nov 7, 2024 Run3 .csv",0.001111850231596,0.59574375,0.5956500000000005,0.328834921121597,0.274441503286362,0.0393940201150392,4.870047058823529,4.705894856452942,0.00138,0.0,0.0,1183.900000002759,1309,2.3127161477754403,2.7716454787800933,2638.956594534532,5.108331903567313
"MATLAB 12-25 PM Fri, Sep 6, 2024 Run0 .csv",0.0449663207300752,0.19826,0.2130999999999998,0.236838247776032,0.196675763130188,0.0210528652469453,4.90069411764706,9.96767959713936,0.00343,0.0,0.0,747.900000001743,1374,3.393477940387042,4.287106295119587,2793.500759283313,5.137405775932891
"MATLAB 12-27 PM Fri, Sep 6, 2024 Run1 .csv",0.0,0.0,0.0,0.0,0.0,0.0,0.0,0.0,0.0,0.0,0.0,747.1000000017411,2000,0.2950439820862731,0.3014591854609702,2717.2695111759567,5.108314282443568
"MATLAB 12-28 PM Thu, Nov 7, 2024 Run5 .csv",0.001355645652023,0.473931707317073,0.4738000000000006,0.343083202838898,0.3126702696084975,0.0375033760561723,9.830066666666667,12.520632420778275,0.0017,0.0,0.0,1188.4500000027697,3171,3.6057750308753858,4.276461561227989,2644.805923459308,5.165311567148512
"MATLAB 12-29 PM Fri, Sep 6, 2024 Run2 .csv",0.0247264688941114,0.3340034482758621,0.3329999999999997,0.212869650125504,0.198034731149673,0.0080715435588461,5.1059,5.962569530010223,0.0026,0.0,0.0,746.4000000017395,1696,2.7126505004343135,3.3914410536694644,2796.034195495286,5.152753589758931
"MATLAB 12-29 PM Fri, Sep 6, 2024 Run3 .csv",0.0392176147778553,0.2560026315789473,0.2613499999999999,0.22271204829216,0.20740422129631,0.0146038104237363,5.159794871794872,7.95920389652252,0.00366,0.0,0.0,746.7000000017402,1470,3.0940468436022837,3.8440749658608486,2789.3181835050696,5.191723056657444
"MATLAB 12-31 PM Fri, Sep 6, 2024 Run4 .csv",0.9789033054336308,1.5072166666666664,1.1858,0.251082674264908,0.232662392854691,0.0475210831012026,3.417242857142857,1.500350168943407,0.00061,0.0,0.0,750.6000000017493,2255,1.495327951881979,1.8056108107423416,2816.54484095006,5.195047478259341
"MATLAB 12-34 PM Fri, Jun 28, 2024 Run1 .csv",0.0,0.0,0.0,0.0,0.0,0.0,0.0,0.0,0.0,0.0,0.0,41.000000000095554,12,0.0175708508936392,0.0150185193133137,2391.0256622312754,5.575870057707851
"MATLAB 12-34 PM Tue, Sep 10, 2024 Run5 .csv",0.0,0.0,0.0,0.0,0.0,0.0,0.0,0.0,0.0,0.0,0.0,721.5500000016816,1687,0.4310959521779859,0.4733539512639287,2942.713895248396,5.297702922020081
"MATLAB 12-39 PM Tue, Oct 29, 2024 Run1 .csv",0.0,0.0,0.0,0.0,0.0,0.0,0.0,0.0,0.0,0.0,0.0,1203.6000000028052,6270,0.7547078948980117,0.7407687396307083,2582.6194617716783,4.91710450224329
"MATLAB 12-42 PM Fri, Jun 28, 2024 Run4 .csv",0.0,0.0,0.0,0.0,0.0,0.0,0.0,0.0,0.0,0.0,0.0,2940.100000006852,444,0.0678525566220404,0.0801314996777917,2143.785677629162,5.074794262982484
"MATLAB 12-46 PM Tue, Sep 10, 2024 Run6 .csv",0.0,0.0,0.0,0.0,0.0,0.0,0.0,0.0,0.0,0.0,0.0,735.450000001714,822,0.5450812950461693,0.5938664060772846,2826.320846922539,5.215822574681384
"MATLAB 12-47 PM Thu, Nov 7, 2024 Run6 .csv",0.0008475163854868,0.3756692307692307,0.3755000000000006,0.334845864772797,0.292983224391937,0.0365450614620835,4.9886888888888885,7.83562519192696,0.00221,0.0,0.0,597.0000000013913,2816,2.7056225970721437,3.1120842004464104,2656.733761723805,5.2726334230193554
"MATLAB 12-52 PM Fri, Jun 14, 2024 Run0 .csv",0.0,0.0,0.0,0.0,0.0,0.0,0.0,0.0,0.0,0.0,0.0,330.8000000007709,1669,0.6749400559591282,0.5593726878237911,2489.955468288857,5.662656160689451
"MATLAB 12-54 PM Fri, Jun 28, 2024 Run7 .csv",0.0,0.0,0.0,0.0,0.0,0.0,0.0,0.0,0.0,0.0,0.0,1545.4000000036017,675,1.533538438159875,2.369269541939421,2130.9227175421033,4.619807987876399
"MATLAB 12-54 PM Thu, Nov 7, 2024 Run7 .csv",0.0008652002245557,0.3483,0.34825,0.314323198795319,0.269887193441391,0.0284017399246232,2.5415066666666664,3.928179626464843,0.00184,0.0,0.0,623.0000000000686,105,1.8369948254360464,2.395015870873626,2706.244807498287,5.218361113659405
"MATLAB 12-56 PM Tue, Oct 29, 2024 Run2 .csv",0.0,0.0,0.0,0.0,0.0,0.0,0.0,0.0,0.0,0.0,0.0,1380.3000000032168,34,0.0267040040002697,0.0450209639952672,2513.439121599523,4.508504030323289
"MATLAB 12-59 PM Thu, Aug 22, 2024 Run0.csv",0.0,0.0,0.0,0.0,0.0,0.0,0.0,0.0,0.0,0.0,0.0,72.9000000001699,4187,0.2870227574001442,0.2613133064701315,2859.3828586665086,5.560487837719746
"MATLAB 2-00 PM Fri, Sep 13, 2024 Run2 .csv",0.0,0.0,0.0,0.0,0.0,0.0,0.0,0.0,0.0,0.0,0.0,97.60000000022748,9,0.0383242575615563,0.038673601785028,2893.2396315283377,5.234384044038918
"MATLAB 2-00 PM Tue, Jun 4, 2024 Run2 .csv",0.0,0.0,0.0,0.0,0.0,0.0,0.0,0.0,0.0,0.0,0.0,54.50000000012702,1535,0.4989290010523544,0.469935065570853,1785.071301145531,5.561207792275614
"MATLAB 2-01 PM Mon, Oct 28, 2024 Run1 .csv",0.0,0.0,0.0,0.0,0.0,0.0,0.0,0.0,0.0,0.0,0.0,1230.7666666695352,5614,0.629805815570311,0.6350742111698349,2597.425034307297,4.997915527409993
"MATLAB 2-03 PM Thu, Oct 24, 2024 Run1 .csv",0.115519364766194,0.2022938775510204,0.1414999999999979,0.143418352603912,0.130204557180405,0.0124301759672749,10.058866666666669,12.43282766580582,0.0005,0.0,0.0,3505.050000008169,3790,3.117312421818399,3.543269806629951,2755.028930404545,5.2518656025684205
"MATLAB 2-03 PM Tue, Oct 8, 2024 Run0 .csv",0.0,0.0,0.0,0.0,0.0,0.0,0.0,0.0,0.0,0.0,0.0,3658.900000008527,1661,0.0817763863526047,0.0676499117979956,2797.1561796466262,5.364336807557047
"MATLAB 2-04 PM Mon, Oct 28, 2024 Run2 .csv",0.0,0.0,0.0,0.0,0.0,0.0,0.0,0.0,0.0,0.0,0.0,3541.150000008253,40,0.0274155369665603,0.0497981945249604,2539.148982879375,4.316210518902439
"MATLAB 2-04 PM Tue, Oct 22, 2024 Run2 .csv",0.0,0.0,0.0,0.0,0.0,0.0,0.0,0.0,0.0,0.0,0.0,1379.6333333365487,2641,0.6188811666175436,0.5982566912692109,2531.425679215114,5.041846266205553
"MATLAB 2-04 PM Wed, Sep 18, 2024 Run0 .csv",0.0,0.0,0.0,0.0,0.0,0.0,0.0,0.0,0.0,0.0,0.0,89.00000000020742,10,0.0172974170114032,0.0162946215018281,2336.9427361888916,5.18964203050753
"MATLAB 2-06 PM Thu, Oct 31, 2024 Run4 .csv",0.0,0.0,0.0,0.0,0.0,0.0,0.0,0.0,0.0,0.0,0.0,4258.300000009925,7,0.0185871658916249,0.0343356485918928,2500.018556608703,4.149133178508112
"MATLAB 2-08 PM Tue, Oct 29, 2024 Run19 .csv",0.1327999999999995,8.0485,8.0485,0.20367364525795,0.191003437042236,0.0072099816770473,8.266566666666668,0.581360735893249,0.00017,0.0,0.0,739.0000000017222,2977,0.995092688266028,1.1409740218209408,2652.008882793298,5.1480028289509425
"MATLAB 2-09 PM Tue, Oct 22, 2024 Run3 .csv",0.0328621353108391,0.0698715617715617,0.0573000000000014,0.145811806917191,0.121678076982498,0.0129962766408814,14.630269534883722,52.41780410170556,0.0015233333333333,0.0,0.0,487.2333333344689,94,5.432207530898132,8.037831835659258,2614.1085876449565,4.4200311927373805
"MATLAB 2-10 PM Thu, Oct 24, 2024 Run3 .csv",0.0527472491249489,0.2263238095238095,0.2127000000000001,0.173926060199738,0.1587891483306885,0.014686555212709,2.4537454545454547,3.3839736545085897,0.00116,0.0,0.0,3503.800000000386,929,1.597544341122596,1.894718036089714,2561.2278731966644,5.136008980683422
"MATLAB 2-11 PM Tue, Oct 22, 2024 Run4 .csv",0.0254163920750194,0.068975,0.0605999999999999,0.138062155246735,0.126630117893219,0.0123992591893601,2.617135616438356,8.933676491975781,0.0018,0.0,0.0,495.2000000000545,14,1.966296625339004,3.1715294989365166,2801.2639113350333,4.729576068215792
"MATLAB 2-12 PM Mon, Sep 9, 2024 Run0 .csv",0.0,0.0,0.0,0.0,0.0,0.0,0.0,0.0,0.0,0.0,0.0,59.50000000013867,669,0.0965710540960925,0.1018264263529814,2902.0237801475714,5.374031770463471
"MATLAB 2-12 PM Wed, Sep 18, 2024 Run1 .csv",0.0,0.0,0.0,0.0,0.0,0.0,0.0,0.0,0.0,0.0,0.0,89.00000000020742,1630,0.1320973999069818,0.1223204541643927,2977.7438865403697,5.311923685109782
"MATLAB 2-13 PM Mon, Oct 28, 2024 Run3 .csv",0.0,0.0,0.0,0.0,0.0,0.0,0.0,0.0,0.0,0.0,0.0,4259.400000009927,45,0.027273663341372,0.0490479778712657,2525.4865457675655,4.280825435732085
"MATLAB 2-13 PM Thu, Oct 31, 2024 Run7 .csv",0.0205725642010229,0.0730814814814814,0.0661999999999999,0.208690582513809,0.109509048461914,0.0190833972728152,0.9803107142857144,3.1768823492526987,0.00225,0.0,0.0,1242.0000000001369,193,1.799394984513763,2.1779959132058435,2807.0962242295827,5.053070963419328
"MATLAB 2-14 PM Tue, Oct 22, 2024 Run5 .csv",0.0255239254275428,0.0745,0.0605,0.146124722957611,0.1245646792650225,0.012760345052354,0.5122928571428572,1.775933462381364,0.0015,0.0,0.0,1140.0000000001255,61,0.9214769905727922,1.3239855223707788,2727.3948804424554,5.007851798941101
"MATLAB 2-15 PM Thu, Oct 31, 2024 Run8 .csv",0.0327440780666901,0.07665625,0.0671500000000002,0.336823596954346,0.111302372217178,0.0399320112417099,2.49998923076923,7.883186502456668,0.0033,0.0,0.0,1243.0000000001369,226,2.9509041088225185,3.626471729622133,2750.166847987695,5.0831690365726265
"MATLAB 2-16 PM Thu, Oct 31, 2024 Run9 .csv",0.025735382013136,0.0751626415094339,0.0683000000000007,0.345226709842682,0.1130176275968554,0.0374436705828373,9.987984962406015,32.32857117533683,0.00339,0.0,0.0,1243.6500000028984,729,5.9657236645808895,7.363230600262912,2742.187886697495,5.05783923889244
"MATLAB 2-17 PM Thu, Oct 24, 2024 Run4 .csv",0.0257589426219324,0.2058499999999999,0.2028499999999999,0.323673412799835,0.170938258171082,0.0233495928349256,9.807772164948457,16.9716953933239,0.001505,0.0,0.0,511.8500000011929,912,3.624118752873979,4.359874895746206,2548.5360175550395,5.10767398876431
"MATLAB 2-17 PM Thu, Oct 3, 2024 Run0 .csv",0.0,0.0,0.0,0.0,0.0,0.0,0.0,0.0,0.0,0.0,0.0,3661.6000000085337,20,0.0176168785878951,0.0183405584548358,2456.0929188797363,5.583361925757021
"MATLAB 2-18 PM Tue, Oct 15, 2024 Run2 .csv",0.0,0.0,0.0,0.0,0.0,0.0,0.0,0.0,0.0,0.0,0.0,386.2500000009002,123,0.2031849526232952,0.2601417809561329,2456.1436840229535,4.467030219244633
"MATLAB 2-21 PM Fri, Jun 14, 2024 Run7 .csv",0.0,0.0,0.0,0.0,0.0,0.0,0.0,0.0,0.0,0.0,0.0,70.70000000016476,1667,0.301591031779616,0.2754834345634792,1822.4675441634492,5.526896042390786
"MATLAB 2-21 PM Mon, Oct 28, 2024 Run4 .csv",0.0016219922800544,0.1399112676056338,0.1399999999999996,0.152325857877731,0.1360879570245745,0.008698284679168,5.001598611111111,9.978448535203936,0.00221,0.0,0.0,697.700000001626,464,2.9429825094966344,3.423157336935157,2666.9977264751183,5.239875957452954
"MATLAB 2-21 PM Thu, Oct 24, 2024 Run5 .csv",0.0010347063757175,0.2095222222222222,0.2095,0.20373018860817,0.161050239801407,0.0174801654982121,1.04529,1.689674654006958,0.00175,0.0,0.0,525.0000000000579,120,1.0899942361742685,1.4824890561717017,2656.4380029592257,5.136518544706168
"MATLAB 2-23 PM Mon, Oct 28, 2024 Run5 .csv",0.0022720842554591,0.1403384615384615,0.1401,0.15137747168541,0.1367044723033905,0.0069859123065945,1.0121,1.9462465310096748,0.00215,0.0,0.0,706.5000000000778,59,1.2698345633292965,1.6209377501561932,2807.092705746489,5.22455742486692
"MATLAB 2-23 PM Thu, Oct 31, 2024 Run10 .csv",0.016987038027471,0.0768392307692307,0.0737000000000003,0.291020270586014,0.117871681451797,0.0247805993082331,5.046354198473282,16.034012600183488,0.00319,0.0,0.0,1248.3000000029092,446,4.105740311289571,5.083106465040808,2770.1274273440667,5.022766902994041
"MATLAB 2-23 PM Tue, Oct 22, 2024 Run6 .csv",0.0067253227213604,0.0615518518518518,0.0608000000000003,0.165631536245346,0.140106711387634,0.0184253652481872,9.949484307692304,43.91525651931763,0.002365,0.0,0.0,527.6000000012295,107,4.233660518808563,6.3423524176519175,2754.473707290988,4.858850048935097
"MATLAB 2-24 PM Tue, Jun 11, 2024 Run2 .csv",0.1456883826836567,0.2841028571428571,0.2689000000000003,0.139968565702438,0.112470506429672,0.0106955263242847,5.052369444444445,4.107350724935533,0.00037,0.0,0.0,3157.8000000073594,2305,1.833467185022163,2.226125818325201,2349.9316171501914,5.166000505703489
"MATLAB 2-25 PM Mon, Oct 28, 2024 Run6 .csv",0.0739032280768668,0.4709619047619047,0.4939,0.277265458106995,0.2496954345703124,0.0335204524645068,5.124218181818182,5.462011169195176,0.00306,0.0,0.0,1247.5000000029074,735,3.005081519607514,3.6153185245727864,2517.7145303360057,4.936925328811337
"MATLAB 2-25 PM Thu, Oct 24, 2024 Run6 .csv",0.0438325991404211,0.1051176470588235,0.0997000000000001,0.299932273626328,0.1940297913551329,0.0335614695465221,0.972288888888889,3.5400230205059056,0.00375,0.0,0.0,546.5000000000601,69,1.6281014315131883,2.0240296778454607,2484.945703328229,4.943091182079725
"MATLAB 2-25 PM Tue, Jun 4, 2024 Run3 .csv",0.0,0.0,0.0,0.0,0.0,0.0,0.0,0.0,0.0,0.0,0.0,59.400000000138434,2831,0.7758093074917519,0.6540872494074811,1827.6458419440564,5.641760631460576
"MATLAB 2-26 PM Fri, Jun 14, 2024 Run9 .csv",0.0,0.0,0.0,0.0,0.0,0.0,0.0,0.0,0.0,0.0,0.0,58.80000000013704,24,0.0217517173686477,0.0226695366298758,2274.740312537723,5.1375586052390325
"MATLAB 2-26 PM Thu, Oct 31, 2024 Run11 .csv",0.0263189598008078,0.0648927631578947,0.0666999999999998,0.160764310359955,0.11407813668251,0.0133262815742229,4.992194117647059,17.92964576482773,0.00323,0.0,0.0,1249.500000002912,528,5.0176745303579855,6.2331631794799165,2786.6788494787525,5.0075979887474915
"MATLAB 2-27 PM Fri, Jun 14, 2024 Run10 .csv",0.0,0.0,0.0,0.0,0.0,0.0,0.0,0.0,0.0,0.0,0.0,58.80000000013704,23,0.0278865840911755,0.0229492421058292,2305.1137864668576,5.77656148538458
"MATLAB 2-27 PM Mon, Oct 28, 2024 Run7 .csv",0.0029086549189444,0.61738125,0.6181500000000002,0.283104201555252,0.263635940551758,0.0099196641884393,5.049594117647058,4.508136416673662,0.0027,0.0,0.0,1245.0000000029015,774,2.7963915852472985,3.4471842389919227,2545.0075452180345,4.945225525606012
"MATLAB 2-28 PM Thu, Oct 31, 2024 Run12 .csv",0.0231751818585776,0.0599060606060606,0.0559,0.136592670679092,0.1099222004413605,0.0108074787257919,0.9969441176470588,3.86032439351082,0.0037,0.0,0.0,1248.5000000001376,66,2.1115714991224164,2.7348526829565447,2754.665536732009,4.82121229082388
"MATLAB 2-29 PM Thu, Oct 24, 2024 Run7 .csv",0.0661637117960327,0.1218153374233128,0.1288999999999998,0.355759193897247,0.2006990152597429,0.0397765336102872,9.847198780487805,31.677265030145644,0.00349,0.0,0.0,556.950000001298,1333,4.963504418627767,6.091875237551052,2460.0011451610308,5.018351190312969
"MATLAB 2-30 PM Fri, Jun 14, 2024 Run11 .csv",0.0,0.0,0.0,0.0,0.0,0.0,0.0,0.0,0.0,0.0,0.0,3297.7000000076855,2576,0.0937630718956213,0.1097757864070583,2045.925138923753,5.30599669105259
"MATLAB 2-30 PM Tue, Oct 22, 2024 Run7 .csv",0.000395476148564,0.055635294117647,0.0554999999999999,0.146907334327698,0.1307372212409975,0.0156755031989258,0.5193,2.304807190895082,0.0019,0.0,0.0,1170.000000000129,46,0.9177865289062044,1.4615316992944043,2674.8213584064692,4.999514885493674
"MATLAB 2-31 PM Fri, Jun 14, 2024 Run12 .csv",0.0,0.0,0.0,0.0,0.0,0.0,0.0,0.0,0.0,0.0,0.0,297.0000000006922,2765,0.1768431209938309,0.2294062570429126,2037.90066655693,5.148226639259343
"MATLAB 2-32 PM Fri, Sep 13, 2024 Run3 .csv",0.0,0.0,0.0,0.0,0.0,0.0,0.0,0.0,0.0,0.0,0.0,98.50000000022956,2224,0.1799430854037833,0.1942674595859102,3019.401525562667,5.107782127554632
"MATLAB 2-32 PM Mon, Sep 9, 2024 Run2 .csv",0.0,0.0,0.0,0.0,0.0,0.0,0.0,0.0,0.0,0.0,0.0,609.0000000014193,211,0.0955721094420683,0.115311005766595,2887.007544518102,4.983008266091885
"MATLAB 2-33 PM Mon, Oct 28, 2024 Run8 .csv",0.0615229116729229,0.524525,0.5298999999999996,0.274575151205063,0.262339298725128,0.0163886991004131,14.640305263157892,14.79011286854744,0.0031733333333333,0.0,0.0,1256.066666669594,778,5.293664812186609,6.727592076600892,2522.8097809154356,4.881773074531235
"MATLAB 2-33 PM Tue, Oct 15, 2024 Run3 .csv",0.0,0.0,0.0,0.0,0.0,0.0,0.0,0.0,0.0,0.0,0.0,428.25000000099806,22,0.1869780013845908,0.369005463262549,2547.9180643046834,2.94162659582784
"MATLAB 2-34 PM Fri, Jun 14, 2024 Run13 .csv",0.0,0.0,0.0,0.0,0.0,0.0,0.0,0.0,0.0,0.0,0.0,1228.2000000028625,2586,0.2408704076797349,0.3182630073483756,2077.545520452942,5.08174812711532
"MATLAB 2-35 PM Tue, Oct 8, 2024 Run1 .csv",0.0,0.0,0.0,0.0,0.0,0.0,0.0,0.0,0.0,0.0,0.0,1379.500000003215,22,0.0174306025824107,0.0184726963086972,2409.5122468011728,5.564471577600081
"MATLAB 2-36 PM Fri, Jun 14, 2024 Run14 .csv",0.0,0.0,0.0,0.0,0.0,0.0,0.0,0.0,0.0,0.0,0.0,2541.2000000059224,2749,0.3283190886864217,0.4203124637589515,2201.626090575938,5.107032706088119
"MATLAB 2-36 PM Wed, Sep 18, 2024 Run2 .csv",0.0,0.0,0.0,0.0,0.0,0.0,0.0,0.0,0.0,0.0,0.0,2957.9000000068936,5952,0.249323859853851,0.2421194682262357,3042.186223812643,5.265833139360204
"MATLAB 2-39 PM Mon, Oct 28, 2024 Run9 .csv",0.0764297581697358,0.4306545454545455,0.4605000000000001,0.284476662874222,0.2715603625774385,0.0301191928704632,2.366325,3.117771416902543,0.0041,0.0,0.0,1259.2000000001387,149,2.4270802495158303,3.1631125762347727,2521.570983388002,4.748142563116252
"MATLAB 2-40 PM Fri, Aug 23, 2024 Run0 .csv",0.0,0.0,0.0,0.0,0.0,0.0,0.0,0.0,0.0,0.0,0.0,120.00000000027968,10,0.0231395466947827,0.0158201373300944,2768.9511456704777,5.950704823232869
"MATLAB 2-40 PM Fri, Jun 14, 2024 Run15 .csv",0.0,0.0,0.0,0.0,0.0,0.0,0.0,0.0,0.0,0.0,0.0,1251.0000000029156,1892,0.4370111198961222,0.5932396782358503,2331.2783344209715,5.013985114614323
"MATLAB 2-40 PM Tue, Oct 22, 2024 Run8 .csv",0.0005114117226984,0.0451523809523809,0.0451999999999999,0.160098640918732,0.144327865242958,0.0140301220422716,0.5098409090909091,3.114728356599805,0.0043,0.0,0.0,576.0000000000634,5,0.9988162491641546,1.9971693283762255,2713.351393728248,4.191528964142282
"MATLAB 2-42 PM Wed, Sep 18, 2024 Run3 .csv",0.0,0.0,0.0,0.0,0.0,0.0,0.0,0.0,0.0,0.0,0.0,89.00000000020742,1369,0.1256139391022084,0.1200578283221528,2944.392498786956,5.248470239703105
"MATLAB 2-45 PM Fri, Aug 23, 2024 Run1 .csv",0.0,0.0,0.0,0.0,0.0,0.0,0.0,0.0,0.0,0.0,0.0,120.00000000027968,39,0.0293126776303025,0.0221485787828424,2695.45438277349,5.814118716099306
"MATLAB 2-45 PM Thu, Oct 24, 2024 Run10 .csv",0.0389196160106528,0.0809375,0.0747,0.259828902482986,0.198113120794296,0.0248881110418254,1.0437960000000002,5.022953982353209,0.0053,0.0,0.0,609.5000000000671,360,2.048615805069442,2.2817400569250728,2495.38460022319,5.220891684783671
"MATLAB 2-45 PM Thu, Oct 31, 2024 Run17 .csv",0.2432499999999999,0.72675,0.72675,0.104623188972473,0.102851068973541,0.0012462008165955,0.7493666666666666,0.309058884382248,0.00015,0.0,0.0,1244.500000000137,166,0.5939352664626013,0.6999798449844744,2904.3584991987327,5.063239203581165
"MATLAB 2-46 PM Tue, Oct 8, 2024 Run2 .csv",0.0,0.0,0.0,0.0,0.0,0.0,0.0,0.0,0.0,0.0,0.0,72.9000000001699,13,0.0203968473125891,0.0241254071752381,2563.5608570589075,5.172334835031654
"MATLAB 2-46 PM Wed, Sep 18, 2024 Run4 .csv",0.0,0.0,0.0,0.0,0.0,0.0,0.0,0.0,0.0,0.0,0.0,712.0000000016594,4646,0.3517447430391445,0.3317357928786444,2965.106196280604,5.246375128816881
"MATLAB 2-47 PM Mon, Oct 28, 2024 Run10 .csv",0.036848591123684,0.1158880952380952,0.1359500000000002,0.330546000003815,0.141291551589966,0.0564792578945855,4.933791764705882,13.736379989385606,0.00555,0.0,0.0,1242.600000002896,1462,4.491583231463481,5.600411824455164,2539.030052981622,4.992377111564236
"MATLAB 2-48 PM Fri, Jun 14, 2024 Run16 .csv",0.0,0.0,0.0,0.0,0.0,0.0,0.0,0.0,0.0,0.0,0.0,2548.000000005938,2875,0.7707249437779012,0.974452096762374,2360.8866162824684,5.1215168277137115
"MATLAB 2-48 PM Thu, Oct 31, 2024 Run19 .csv",0.0,0.0,0.0,0.0,0.0,0.0,0.0,0.0,0.0,0.0,0.0,1245.9000000029037,538,0.7484280938077065,0.9243168973580216,2869.1360141530017,4.987253018973656
"MATLAB 2-48 PM Tue, Jun 11, 2024 Run3 .csv",0.0777556995995125,0.1593737704918032,0.1442999999999999,0.23085364818573,0.1579030883312225,0.0375874997126312,5.196309677419355,9.807374058961866,0.00194,0.0,0.0,3149.50000000734,1616,3.012323634084798,4.299359001790076,2345.7983651559452,4.89085288471098
"MATLAB 2-50 PM Thu, Oct 3, 2024 Run1 .csv",0.0,0.0,0.0,0.0,0.0,0.0,0.0,0.0,0.0,0.0,0.0,756.1000000017622,5320,0.4343155300628354,0.4096447416138051,2648.9808441830405,5.3011194167400895
"MATLAB 2-50 PM Tue, Oct 22, 2024 Run10 .csv",0.0006457079645708,0.0676142857142857,0.0676,0.146804528236389,0.131389397382736,0.012618554703179,0.4855266666666666,1.9602570736408231,0.0022,0.0,0.0,1183.0000000001305,39,0.8572539173593708,1.3654499179633923,2787.847422915849,4.829340772738322
"MATLAB 2-51 PM Thu, Oct 24, 2024 Run11 .csv",0.0236488278968362,0.0596813253012048,0.0564999999999997,0.278010159730911,0.181912808418274,0.0216388233856043,5.080717964071856,30.4665273308754,0.00707,0.0,0.0,1181.8000000027544,616,5.1301207911448445,6.398408173000847,2518.583512243362,4.944970112079103
"MATLAB 2-51 PM Thu, Oct 31, 2024 Run20 .csv",0.0,0.0,0.0,0.0,0.0,0.0,0.0,0.0,0.0,0.0,0.0,1247.800000002908,1261,0.4299329496428846,0.526637432634108,2858.248869578412,5.069076680332916
"MATLAB 2-52 PM Tue, Oct 15, 2024 Run4 .csv",0.0,0.0,0.0,0.0,0.0,0.0,0.0,0.0,0.0,0.0,0.0,483.4500000011267,12,0.2689260091232541,0.478459371569689,2388.6683600850793,3.544124675571847
"MATLAB 2-53 PM Thu, Oct 24, 2024 Run12 .csv",0.0215286171879359,0.0543444444444444,0.0521,0.203301615715027,0.172009369134903,0.01234887001558,0.996854054054054,6.450243717432022,0.00755,0.0,0.0,627.000000000069,181,2.3620659816403253,2.9518274423625224,2534.728591656335,4.928124765129253
"MATLAB 2-54 PM Fri, Sep 13, 2024 Run5 .csv",1.7171715367623197,3.0246333333333335,3.1815999999999995,0.234854090213776,0.1414293760061264,0.0362874627964102,16.05415,1.447430090904235,0.0001166666666666,0.0,0.0,802.7000000018708,4842,1.588413678541092,1.80438724652126,2812.0920618698965,5.227951666034694
"MATLAB 2-55 PM Tue, Oct 22, 2024 Run12 .csv",0.0141856718614795,0.0784374015748031,0.0763999999999995,0.151978244781494,0.133081842660904,0.0143629538415929,10.121315294117649,32.92473277568817,0.001815,0.0,0.0,616.2000000014361,198,4.050568271645104,5.71350033338351,2672.6122488325436,4.672511864475498
"MATLAB 2-56 PM Thu, Oct 3, 2024 Run3 .csv",0.0212091755043726,0.4295897435897435,0.4305000000000003,0.200037522315979,0.1634414452314375,0.0197804003357733,8.4264175,6.77035875439644,0.00112,0.0,0.0,1265.7000000029498,3568,2.9274591244243,3.3044984567395597,2623.070849713235,5.295017325365378
"MATLAB 2-58 PM Fri, Jun 14, 2024 Run19 .csv",0.0,0.0,0.0,0.0,0.0,0.0,0.0,0.0,0.0,0.0,0.0,382.9000000008923,1866,1.28881258173986,1.6005421556270978,2493.12819405696,5.163877872443253
"MATLAB 2-58 PM Tue, Oct 8, 2024 Run3 .csv",0.0,0.0,0.0,0.0,0.0,0.0,0.0,0.0,0.0,0.0,0.0,756.6000000017633,2550,0.4417681137787005,0.4473658956262541,2615.8570918149544,5.124449503018894
"MATLAB 2-58 PM Wed, Sep 18, 2024 Run5 .csv",0.0545803161050067,0.2747228571428571,0.2911999999999999,0.285358225107193,0.259544579386711,0.0298276324034909,5.071655555555555,9.133322066068647,0.00545,0.0,0.0,3530.400000008228,4159,4.22031647208321,5.030959979796331,2965.316430016791,5.272861224331926
"MATLAB 2-59 PM Thu, Oct 17, 2024 Run1 .csv",0.0,0.0,0.0,0.0,0.0,0.0,0.0,0.0,0.0,0.0,0.0,1380.8000000032182,41,0.0310209211068513,0.0354184372412267,2476.0373765076274,5.367042434616691
"MATLAB 3-00 PM Fri, Sep 13, 2024 Run6 .csv",2.418572157975307,4.5098,5.13215,0.29264460682869,0.201693342924118,0.0633596427648195,13.029871428571427,1.391692483425141,0.00024,0.0,0.0,2955.6000000068884,6882,1.5940208685726265,1.9120190206355865,2917.590746794195,5.129854302381249
"MATLAB 3-00 PM Tue, Oct 15, 2024 Run5 .csv",0.0137763779409925,0.138541958041958,0.1399000000000008,0.216375980377197,0.188150568008423,0.0134681397599211,9.56718888888889,27.026324527263643,0.00371,0.0,0.0,501.600000001169,46,5.296525060572092,8.907320340710763,2529.9379224015915,4.019316782771654
"MATLAB 3-02 PM Fri, Aug 23, 2024 Run3 .csv",1.46588615924805,1.863825,1.7212500000000006,0.221074861288071,0.168630903959274,0.0392140630647449,7.0712,0.8094444024562839,0.00016,0.0,0.0,639.7000000014908,272,0.9837954321664372,1.069918462213462,2791.698403165424,5.282320018705416
"MATLAB 3-02 PM Thu, Oct 24, 2024 Run13.csv",0.046735615338271,0.0997272727272727,0.0997000000000003,0.295415873527527,0.1917301476001739,0.023218420926688,4.977618,19.332134815454484,0.00415,0.0,0.0,642.9000000014983,148,3.9608830940971025,5.126212591619678,2570.4445980728165,4.853562096469257
"MATLAB 3-03 PM Fri, Aug 23, 2024 Run4 .csv",1.4082007023345626,1.4565833333333331,0.9786499999999998,0.30764979839325,0.203619029521942,0.0720665054145803,5.589042857142857,1.391614093780518,0.00036,0.0,0.0,645.6000000015046,1141,1.5219961746695272,1.6081871443691818,2698.687849511912,5.2667821771746794
"MATLAB 3-03 PM Thu, Oct 10, 2024 Run0 .csv",0.0,0.0,0.0,0.0,0.0,0.0,0.0,0.0,0.0,0.0,0.0,660.3000000015388,27,0.0297746402784721,0.0252581018164062,2735.471678878847,5.7113352061950575
"MATLAB 3-04 PM Tue, Oct 15, 2024 Run6 .csv",0.0014393738036869,0.2263765151515151,0.2262999999999992,0.252812386751175,0.227942308187485,0.0102799342669018,14.984766917293234,30.470711538791665,0.0033633333333333,0.0,0.0,514.7666666678664,58,6.129651984577394,9.562377242002462,2512.114963544273,4.215089913968793
"MATLAB 3-05 PM Fri, Jun 14, 2024 Run20 .csv",0.0,0.0,0.0,0.0,0.0,0.0,0.0,0.0,0.0,0.0,0.0,400.00000000093223,590,1.415600985053276,1.9108897447315576,2491.164231884523,4.999244444137724
"MATLAB 3-05 PM Fri, Sep 13, 2024 Run7 .csv",0.0469728848443424,0.1404391509433962,0.1421499999999991,0.459105017185211,0.253505685329437,0.0415928550564276,14.405224882629108,53.33113534450532,0.0112533333333333,0.0,0.0,2682.133333339584,3345,10.44647023009828,13.310007687809769,2888.2014510199215,5.120805380026357
"MATLAB 3-05 PM Mon, Sep 9, 2024 Run3 .csv",0.0,0.0,0.0,0.0,0.0,0.0,0.0,0.0,0.0,0.0,0.0,59.55000000013879,324,0.1007308325826258,0.0850385722847393,2861.0984609063385,5.435236194562917
"MATLAB 3-05 PM Tue, Oct 15, 2024 Run7 .csv",0.0014162351541669,0.2312558139534883,0.2315000000000004,0.259016091823578,0.2310451245307925,0.0119766089506827,14.964689230769231,30.246422059535984,0.00327,0.0,0.0,516.3333333345367,74,6.130428436137397,9.59048275463449,2511.8035733603742,4.214597566999455
"MATLAB 3-05 PM Wed, Nov 6, 2024 Run1 .csv",0.0,0.0,0.0,0.0,0.0,0.0,0.0,0.0,0.0,0.0,0.0,4377.166666676868,23,0.0312278772092053,0.0544140389068738,2465.8178796594207,4.033698537032157
"MATLAB 3-06 PM Tue, Oct 8, 2024 Run4 .csv",0.0,0.0,0.0,0.0,0.0,0.0,0.0,0.0,0.0,0.0,0.0,762.7000000017775,2897,0.4637989201008113,0.4637275400033299,2513.5094668832853,5.048364007148537
"MATLAB 3-06 PM Wed, Sep 18, 2024 Run7 .csv",0.0566294092343754,0.302146875,0.3204500000000001,0.318500981330872,0.304520637989044,0.040390711574868,4.9654727272727275,9.601029382944107,0.00649,0.0,0.0,2956.000000006889,3767,4.547781499507129,5.401937927554621,2936.8010698241105,5.283025395539569
"MATLAB 3-11 PM Fri, Aug 23, 2024 Run5 .csv",0.3727091312804025,0.5767411764705882,0.4849,0.508857382535934,0.1904656326770785,0.1254856758615802,5.275116666666666,4.232528064250945,0.0015,0.0,0.0,1253.6000000029217,1143,2.622575321041335,2.7926831417613163,2633.0714953360657,5.278312047848095
"MATLAB 3-11 PM Thu, Oct 24, 2024 Run14.csv",0.0548148563688075,0.1147277456647399,0.113199999999999,0.241442033052444,0.185471826791763,0.021295337268097,10.106008620689655,32.63244349241256,0.003275,0.0,0.0,659.3500000015366,178,5.320260056018887,6.743539956304642,2548.884932545215,4.864866967635912
"MATLAB 3-11 PM Tue, Oct 22, 2024 Run18 .csv",0.0,0.0,0.0,0.0,0.0,0.0,0.0,0.0,0.0,0.0,0.0,643.0000000014985,601,0.3462492114921955,0.4760489849489633,2687.4620652002573,4.497773372932725
"MATLAB 3-13 PM Fri, Aug 23, 2024 Run6 .csv",0.0363369422118186,0.0631025477707006,0.0558999999999993,0.660171242952347,0.2022552424669265,0.0601499480197778,5.173623417721518,32.07569132208824,0.00852,0.0,0.0,664.6000000015489,571,5.838557012743255,6.504543361716808,2739.196876545221,5.2349250982599305
"MATLAB 3-13 PM Mon, Oct 28, 2024 Run16 .csv",0.5481608501160946,3.47442,3.3354999999999997,0.166798385381699,0.1572743648290634,0.0106270960716525,8.158566666666667,0.927375197410585,0.00012,0.0,0.0,766.0000000017852,1342,1.0528952089742982,1.2537390069307124,2699.2901232004997,5.119126946849372
"MATLAB 3-13 PM Tue, Oct 15, 2024 Run8 .csv",0.0009925487701994,0.2362357142857143,0.2361999999999995,0.262593101263046,0.240224423408508,0.0136586734784271,5.00936511627907,10.370581166744234,0.00336,0.0,0.0,533.9000000012443,41,3.5940937474522534,5.646832208586358,2499.4240281015113,4.20180177899312
"MATLAB 3-13 PM Tue, Sep 17, 2024 Run0 .csv",0.0,0.0,0.0,0.0,0.0,0.0,0.0,0.0,0.0,0.0,0.0,89.00000000020742,19,0.0176808316438354,0.0184768028588758,2399.185023983505,4.991585272510042
"MATLAB 3-14 PM Fri, Sep 13, 2024 Run9 .csv",0.0244720361666528,0.0757334177215189,0.0813000000000006,0.483572224378586,0.2420129281282425,0.0704250363004261,14.333219444444444,99.84551747322084,0.0201233333333333,0.0,0.0,2670.100000006223,6402,13.896275654477384,17.86789550458771,2909.6222268572237,5.119999508317316
"MATLAB 3-14 PM Thu, Jun 27, 2024 Run0 .csv",0.0,0.0,0.0,0.0,0.0,0.0,0.0,0.0,0.0,0.0,0.0,427.9000000009973,1688,0.7423549710640831,0.6304102966287072,2074.6731749533274,5.576971568876397
"MATLAB 3-15 PM Mon, Oct 28, 2024 Run17 .csv",0.0,0.0,0.0,0.0,0.0,0.0,0.0,0.0,0.0,0.0,0.0,1380.8000000032182,3363,0.4292867904645666,0.4314683757187676,2691.868329462271,5.071527716274375
"MATLAB 3-15 PM Thu, Oct 24, 2024 Run15.csv",0.0475866367796674,0.1851,0.1896,0.214317930936813,0.1754765045642854,0.0197441006133598,0.5557166666666666,1.072556031942367,0.0022,0.0,0.0,662.0000000000729,50,0.9603971005883752,1.195299849989603,2610.5986151690854,4.828633635240349
"MATLAB 3-16 PM Fri, Sep 13, 2024 Run10 .csv",0.0486150053919199,0.1811646341463414,0.1730499999999999,0.324026808738709,0.255774487257004,0.0397706140471717,13.31989393939394,39.76099151968957,0.0069333333333333,0.0,0.0,3214.3000000074912,2963,7.795024459267369,10.339119437286854,2969.4777055740724,5.072200790285639
"MATLAB 3-16 PM Thu, Oct 17, 2024 Run3 .csv",0.0,0.0,0.0,0.0,0.0,0.0,0.0,0.0,0.0,0.0,0.0,72.93333333350331,37,0.0325527501972371,0.0465897924301028,2475.3866440504275,4.849103127007918
"MATLAB 3-16 PM Thu, Oct 3, 2024 Run4 .csv",0.0,0.0,0.0,0.0,0.0,0.0,0.0,0.0,0.0,0.0,0.0,780.2000000018184,4337,0.4724245097626874,0.4513434724512109,2554.3425982822823,5.163274615101384
"MATLAB 3-17 PM Fri, Sep 13, 2024 Run11 .csv",2.9444326658967768,1.9336,0.8620999999999999,0.290366166830063,0.2404358184337615,0.0398290278542123,8.232162500000001,3.710498008728027,0.0006366666666666,0.0,0.0,3214.100000007491,5045,2.360810651930903,3.0330714467584605,2975.942650981762,5.134019617732499
"MATLAB 3-17 PM Thu, Jun 27, 2024 Run1.csv",0.0,0.0,0.0,0.0,0.0,0.0,0.0,0.0,0.0,0.0,0.0,58.80000000013704,1499,0.0883259409840173,0.0866173594785972,3447.6987684543415,5.626899858580819
"MATLAB 3-17 PM Wed, Sep 18, 2024 Run9 .csv",0.0456231562140811,0.3153290322580645,0.3252999999999995,0.406903296709061,0.3541791927814485,0.0323395112853016,5.0211125,11.550347888469698,0.00892,0.0,0.0,2958.000000006894,2985,5.422528599390386,6.46801571569453,2927.92230855845,5.2620274066988495
"MATLAB 3-18 PM Thu, Jun 27, 2024 Run2.csv",0.0,0.0,0.0,0.0,0.0,0.0,0.0,0.0,0.0,0.0,0.0,58.80000000013704,6,0.0283613952193373,0.0225803091747627,2937.4959640395523,5.784109034837208
"MATLAB 3-18 PM Thu, Oct 24, 2024 Run16.csv",0.7617542759151407,1.9489749999999997,2.10825,0.176125468015671,0.159855118989944,0.0117138092381006,4.42016,0.8030524337291719,0.00015,0.0,0.0,667.4000000015554,349,0.7974421934359658,1.0194700719724372,2675.3377751265184,4.83771313013747
"MATLAB 3-18 PM Tue, Oct 15, 2024 Run9 .csv",0.0009960413137398,0.213091304347826,0.213,0.27026500582695,0.240489149093628,0.0164909728400266,5.080987234042554,11.450812958478927,0.00384,0.0,0.0,544.500000001269,13,3.7524903132006697,6.362946004365458,2478.312407669474,3.939743649579028
"MATLAB 3-19 PM Thu, Oct 17, 2024 Run4 .csv",0.0665885980074747,0.0961887459807074,0.0656999999999996,0.129449574947357,0.1092777347564695,0.0063639255802801,15.002483012820512,34.15757378458977,0.0011966666666666,0.0,0.0,464.2000000010819,55,5.463039780693979,8.091343802882323,2653.315798388665,4.5847441043272426
"MATLAB 3-19 PM Wed, Sep 18, 2024 Run10 .csv",0.0292966236812723,0.0737703703703703,0.0782999999999995,0.399290505647659,0.2473598086833955,0.0535036001517531,4.9367117647058825,34.321286059618,0.02057,0.0,0.0,2954.2000000068847,2747,8.190278154842938,10.047001834752844,2966.767124531199,5.205567295615228
"MATLAB 3-21 PM Thu, Jun 27, 2024 Run4.csv",0.0,0.0,0.0,0.0,0.0,0.0,0.0,0.0,0.0,0.0,0.0,120.00000000027968,8,0.0167785000354206,0.0123070039309702,2408.5007861719087,5.812414927638395
"MATLAB 3-21 PM Thu, Oct 24, 2024 Run17.csv",2.518832117946729,4.79436,5.7693,0.155733237266541,0.1502706998586654,0.0106151512973446,11.985666666666669,0.882580655813218,4.6666666666666665e-05,0.0,0.0,674.9666666682398,573,0.8241529567943119,1.075784267194456,2684.2475765896365,4.829064474330217
"MATLAB 3-24 PM Tue, Oct 8, 2024 Run7 .csv",0.0266666304784266,0.2687765765765765,0.2716999999999991,0.335442782640457,0.252035236954689,0.0439522490010258,15.054399107142858,28.794374690055847,0.0049133333333333,0.0,0.0,773.0000000018016,4475,7.381802613230109,8.589349468539115,2662.218149019537,5.265606890223144
"MATLAB 3-26 PM Wed, Sep 18, 2024 Run12 .csv",0.0111669627025436,0.394788,0.3932999999999995,0.268025760650635,0.233038598895073,0.0234044422853245,4.959038461538461,5.970879474878312,0.00311,0.0,0.0,2954.300000006885,2728,3.078848249441879,3.893472948480442,2997.8366069431668,5.146160817018704
"MATLAB 3-28 PM Thu, Oct 17, 2024 Run6 .csv",0.0201791153087575,0.0611269938650306,0.0527,0.130811755657196,0.1176265531778334,0.0080331432261187,4.992103048780487,19.10061935305595,0.00165,0.0,0.0,493.2000000011494,3,2.657545758379635,7.531173349297584,2845.440436623635,3.609941605198165
"MATLAB 3-28 PM Tue, Oct 15, 2024 Run10 .csv",0.0010986416195942,0.1454779411764705,0.1452,0.268695927858353,0.240573964118958,0.0176456209292389,4.995165217391303,16.46203162550927,0.00606,0.0,0.0,564.9000000013166,97,4.32315692888315,6.850553028106121,2492.375606923334,4.254787791889223
"MATLAB 3-28 PM Wed, Sep 18, 2024 Run13 .csv",0.2610313810157695,2.033525,2.0011,0.250936818122864,0.223954716920853,0.0177543205521483,3.94118,1.128554509878159,0.00046,0.0,0.0,2953.400000006883,2751,1.2897582638794551,1.6096824059418504,3002.2264810658603,5.1559286563107225
"MATLAB 3-29 PM Tue, Oct 8, 2024 Run9 .csv",0.0347025823967034,0.246445,0.2489999999999999,0.335365035533905,0.256747289896011,0.045513092509384,9.990574074074074,21.357637774944305,0.005695,0.0,0.0,778.7500000018149,2021,6.410654281087758,7.490777093786752,2657.4620371427795,5.265195859668603
"MATLAB 3-31 PM Thu, Oct 10, 2024 Run1 .csv",0.0,0.0,0.0,0.0,0.0,0.0,0.0,0.0,0.0,0.0,0.0,1380.4500000032172,13,0.05588183890243,0.0475400749030733,2745.017633513237,5.607501151981975
"MATLAB 3-31 PM Tue, Oct 15, 2024 Run11 .csv",0.043859654934803,0.098487,0.1053999999999992,0.41329333782196,0.255832958221436,0.0521243756161596,4.979945544554456,27.132036175727844,0.0105,0.0,0.0,570.7000000013301,135,6.111497262623182,8.490539029233103,2463.7681460980584,4.612973834507223
"MATLAB 3-33 PM Mon, Aug 26, 2024 Run0 .csv",0.0,0.0,0.0,0.0,0.0,0.0,0.0,0.0,0.0,0.0,0.0,3240.400000007552,1793,0.1004343270309968,0.0887396775204006,2585.144798832363,5.572390214345541
"MATLAB 3-33 PM Tue, Oct 8, 2024 Run10 .csv",0.0561731471790569,0.383556,0.3974000000000002,0.417343255281448,0.3621707600355149,0.0501840267593253,5.070234615384615,9.294247010946275,0.00634,0.0,0.0,1264.8000000029476,1678,4.837767925746813,6.387845052837776,2504.145755546416,4.991263207102941
"MATLAB 3-34 PM Thu, Oct 3, 2024 Run5 .csv",0.0,0.0,0.0,0.0,0.0,0.0,0.0,0.0,0.0,0.0,0.0,1259.6000000029355,1606,0.4930172056779722,0.5045248682383606,2603.9864738560045,5.225036062827435
"MATLAB 3-36 PM Tue, Oct 15, 2024 Run12 .csv",0.0583644802659027,0.1918803921568627,0.2338,0.356783399581909,0.2509734427928924,0.0417930711542428,4.915500000000001,13.772134662866591,0.00424,0.0,0.0,579.2000000013498,250,4.1336913912718405,5.517481952019667,2545.3747212812855,4.769282972450203
"MATLAB 3-36 PM Tue, Oct 8, 2024 Run11 .csv",0.4089357147906757,1.112603846153846,1.1775000000000002,0.333274216651917,0.308065520524979,0.0450104457244214,12.639659259259258,7.964195132255557,0.0014533333333333,0.0,0.0,1263.5333333362782,2862,4.038687939933536,4.803865383590242,2627.3334284792386,5.195646867176138
"MATLAB 3-38 PM Thu, Oct 17, 2024 Run8 .csv",0.0344127823902214,0.0674428571428571,0.0472,0.117871681451797,0.1081789946556095,0.004828956536189,0.2856625,0.882045421600343,0.0022,0.0,0.0,1166.0000000001285,50,0.6366819580078498,1.2160007625231113,2677.2859632780487,4.932542479627619
"MATLAB 3-38 PM Tue, Oct 15, 2024 Run14 .csv",0.212065158854537,1.9538800000000005,1.94035,0.23575749874115,0.208193900585175,0.018490296871111,9.322463636363636,2.3108900988101975,0.000395,0.0,0.0,1170.7000000027283,709,1.6395018959375138,2.1812744780849793,2608.3148608293177,4.765235128377377
"MATLAB 3-38 PM Tue, Oct 8, 2024 Run12 .csv",3.2076057562456146,7.1709499999999995,7.651400000000001,0.290298057794571,0.277730655670166,0.0332013308072848,12.2951,1.316202613115312,0.0002433333333333,0.0,0.0,782.9666666684915,5263,1.6260954442381113,1.8659997067619545,2634.655292095931,5.2470929807591595
"MATLAB 3-40 PM Mon, Aug 26, 2024 Run1 .csv",1.2014502569811203,1.9755,1.7395999999999998,0.285597249269485,0.160185062289238,0.0622723212705968,5.12,1.027336772680282,0.00017,0.0,0.0,626.5000000014601,1156,1.0444255100849926,1.1004251185384348,2618.143544025325,5.296522989481696
"MATLAB 3-41 PM Thu, Oct 3, 2024 Run6 .csv",0.0046100802852754,0.3741846153846154,0.3733500000000003,0.260968765020371,0.249651741981506,0.0096132441306738,4.963896296296296,6.675340867042543,0.00317,0.0,0.0,800.200000001865,2707,3.4468888702267253,3.904609397339328,2659.5487256497304,5.351041809543968
"MATLAB 3-41 PM Tue, Oct 15, 2024 Run16 .csv",0.4955500000000006,11.69875,11.69875,0.171992663145065,0.16088317990303,0.0058447134358226,11.637866666666667,0.491493433713912,7.666666666666667e-05,0.0,0.0,1175.4666666694063,1673,0.7545149268937786,0.9625308094679766,2644.8893943247513,4.8545367373075
"MATLAB 3-44 PM Thu, Aug 29, 2024 Run1 .csv",0.0,0.0,0.0,0.0,0.0,0.0,0.0,0.0,0.0,0.0,0.0,682.1000000015897,260,0.3463245886843814,0.3953010832929352,2813.167837484555,5.131514666502363
"MATLAB 3-44 PM Tue, Sep 17, 2024 Run2 .csv",0.0,0.0,0.0,0.0,0.0,0.0,0.0,0.0,0.0,0.0,0.0,3239.8000000075504,4392,1.0012533540545328,1.1088908105451338,2948.641141395078,5.165402116779886
"MATLAB 3-47 PM Thu, Oct 3, 2024 Run7 .csv",0.0016230582804749,0.43785,0.4374999999999998,0.32564728975296,0.320112466812134,0.0052628688536283,5.175165217391304,7.337934478521346,0.00397,0.0,0.0,1255.9000000029268,2261,4.005444670409566,4.545863961462058,2644.213568754645,5.3311269160931385
"MATLAB 3-47 PM Tue, Oct 8, 2024 Run13 .csv",0.010569604685601,1.0748888888888888,1.0804,0.323950346708298,0.3065401351451875,0.0114693980946185,5.13159,3.0796721220016487,0.00162,0.0,0.0,1260.100000002937,2262,2.49891799295818,2.9464224446184484,2634.6221045112984,5.249441594986764
"MATLAB 3-48 PM Mon, Aug 26, 2024 Run2 .csv",0.7173899816928958,1.46295,1.2492,0.247574416399002,0.148031775951386,0.0480069061579735,4.996771428571429,1.126340966224672,0.00016,0.0,0.0,643.9000000015006,497,1.222180136644427,1.35332555214261,2655.577289443719,5.134923119048786
"MATLAB 3-49 PM Wed, Nov 6, 2024 Run4 .csv",0.0,0.0,0.0,0.0,0.0,0.0,0.0,0.0,0.0,0.0,0.0,119.93333333361284,26,0.0372177893923495,0.0858297608397201,2594.03914584177,3.744820958995913
"MATLAB 3-50 PM Mon, Aug 26, 2024 Run3 .csv",0.0377561729335682,0.0964067961165048,0.0885999999999995,0.285350514650345,0.1517398631572725,0.0282444526974548,4.981903846153846,15.911644437313086,0.00233,0.0,0.0,651.3000000015179,421,3.521520321480871,4.0036495982098526,2731.832286511295,5.178284019572192
"MATLAB 3-51 PM Tue, Sep 17, 2024 Run4 .csv",0.8360760297365307,0.96055,0.70905,0.287377079725266,0.203631237745285,0.0338390183467363,6.285977777777777,1.96154086470604,0.00158,0.0,0.0,3248.8000000075717,2838,2.2665180507359826,2.5807342764019117,2938.367712219144,5.295580979649303
"MATLAB 3-52 PM Thu, Aug 29, 2024 Run2 .csv",0.0,0.0,0.0,0.0,0.0,0.0,0.0,0.0,0.0,0.0,0.0,694.4000000016183,394,0.5171576884644555,0.5454837440294745,2682.764163171006,5.186839067288368
"MATLAB 3-52 PM Thu, Oct 3, 2024 Run8 .csv",0.0035339480651722,0.5449058823529411,0.5434999999999999,0.352392936944962,0.322385123968124,0.014767496977074,4.939116666666667,5.878553822040559,0.00318,0.0,0.0,1260.8000000029383,2556,3.671082419020388,4.164546740314513,2640.2957551454983,5.33847900090633
"MATLAB 3-52 PM Tue, Oct 1, 2024 Run2 .csv",0.0,0.0,0.0,0.0,0.0,0.0,0.0,0.0,0.0,0.0,0.0,1379.500000003215,19,0.0186405263918101,0.0209428051287211,2520.6576951569523,5.182030972599824
"MATLAB 3-53 PM Thu, Oct 3, 2024 Run9 .csv",0.2826540124673429,0.7625416666666668,0.9050999999999998,0.350482671260834,0.330454117059708,0.0520929046374506,4.5150538461538465,4.038943551778793,0.00213,0.0,0.0,804.9000000018758,3440,2.960161901387845,3.327366403999502,2652.353235638808,5.34100610374219
"MATLAB 3-53 PM Wed, Nov 6, 2024 Run5 .csv",0.0,0.0,0.0,0.0,0.0,0.0,0.0,0.0,0.0,0.0,0.0,1207.4333333361474,7967,0.8222534888182041,0.9850732763890871,2470.1638046847306,4.970026303304744
"MATLAB 3-54 PM Thu, Oct 3, 2024 Run10 .csv",1.3831461045987394,2.2822,3.174,0.344195436239243,0.318146621584892,0.05395170430119,2.7727500000000003,1.190903834104538,0.00054,0.0,0.0,1268.800000002957,4575,1.5518395585765186,1.7165601417107492,2646.313731348903,5.327876287192338
"MATLAB 3-55 PM Thu, Sep 5, 2024 Run0 .csv",0.0773760339111441,0.4166260869565217,0.4357999999999999,0.33291760802269,0.2660126888751984,0.0491642241406356,4.8285583333333335,6.290378960371019,0.00141,0.0,0.0,1320.0000000030764,1298,2.45606209637058,3.014650277075678,2749.6091400699333,5.095252637413775
"MATLAB 3-55 PM Tue, Sep 17, 2024 Run5 .csv",0.0048151532082526,0.0475832535885167,0.0469999999999997,0.290885337591171,0.1417323327064515,0.0271913042466936,5.01385619047619,29.132070211172103,0.00773,0.0,0.0,3237.100000007544,1920,6.11630333519028,7.26871740503488,2999.743659303757,5.2339315680556915
"MATLAB 3-56 PM Thu, Oct 10, 2024 Run2 .csv",0.0,0.0,0.0,0.0,0.0,0.0,0.0,0.0,0.0,0.0,0.0,3659.8000000085294,583,0.193844968316578,0.2186373764548049,2996.174084475952,5.051348392029788
"MATLAB 3-56 PM Tue, Sep 17, 2024 Run6 .csv",0.0084891239758024,0.0444168888888888,0.0459999999999999,0.339777987003326,0.1462130719423295,0.0482977306879252,4.957124336283186,35.26247261285782,0.01575,0.0,0.0,2696.2000000062835,2037,7.975013220409341,9.175943026317777,2981.783333078744,5.265750090635734
"MATLAB 3-56 PM Wed, Nov 6, 2024 Run6 .csv",0.001221073465506,0.4083571428571429,0.4085000000000001,0.347038667201996,0.3083691197633745,0.0171223358430093,1.53335,2.552741428613663,0.0031333333333333,0.0,0.0,622.0000000000686,403,1.851531716116892,2.21318170538307,2585.142995417717,5.160657712336374
"MATLAB 3-57 PM Thu, Aug 29, 2024 Run4 .csv",0.0165139083058438,0.1579774193548387,0.16005,0.22201168179512,0.208896837234497,0.0155434066217821,4.951846031746031,12.92201952815056,0.00575,0.0,0.0,707.4000000016487,526,4.250987686704982,4.788607041304079,2752.482853011055,5.2322197966030455
"MATLAB 3-57 PM Thu, Oct 3, 2024 Run12 .csv",0.0021870005552287,0.27986,0.2795999999999998,0.271329691410065,0.2540775442123409,0.0115299777954948,4.987166666666665,9.073229978084566,0.00394,0.0,0.0,805.3000000018768,2847,3.8272472094997783,4.33026798467592,2670.8028426698156,5.345554976202784
"MATLAB 3-58 PM Thu, Sep 5, 2024 Run1 .csv",0.1030821837612908,0.5788529411764706,0.6025999999999998,0.356710792779923,0.3014059346914289,0.0532133089587247,4.843333333333334,5.327144998311996,0.00135,0.0,0.0,1317.700000003071,1343,2.28281275279877,2.8278823757978,2751.231863627436,5.064185473162031
"MATLAB 3-59 PM Tue, Oct 1, 2024 Run3 .csv",0.0,0.0,0.0,0.0,0.0,0.0,0.0,0.0,0.0,0.0,0.0,759.0000000017689,3276,0.5637032447221121,0.5298370208536602,2655.8006759700306,5.259785366729001
"MATLAB 3-59 PM Tue, Sep 17, 2024 Run7 .csv",0.0106066573501121,0.0858948275862069,0.0862499999999997,0.184570345878601,0.153351991176605,0.0196474194479687,4.720608547008548,17.694443418979645,0.00586,0.0,0.0,3240.500000007552,2066,4.712976187315567,5.907300983051511,3016.668113658925,5.12924839176773
"MATLAB 3-59 PM Tue, Sep 17, 2024 Run8 .csv",0.0465794873737356,0.195734,0.1910999999999996,0.177590454816818,0.15293948173523,0.0215156213030188,4.54056862745098,7.626564507484435,0.00268,0.0,0.0,3239.3000000075494,1617,3.1023697006052946,3.9198735615836977,3008.585012178417,5.108043702761888
"MATLAB 4-00 PM Mon, Aug 26, 2024 Run5 .csv",0.0362672331033082,0.07515,0.0754999999999999,0.386638931035996,0.16668594121933,0.0700216371392902,5.206551879699248,24.995724955797193,0.00802,0.0,0.0,667.9000000015566,1135,5.3971218565542936,6.0900776050725804,2643.3911553502166,5.191759254385233
"MATLAB 4-00 PM Wed, Nov 6, 2024 Run7 .csv",0.0026348624252511,0.5886,0.5896499999999999,0.404300374984741,0.369762668609619,0.0190715479258829,2.378322222222222,3.3396912157535557,0.003,0.0,0.0,1206.0000000001328,788,2.325685465581193,2.7457789584875454,2591.649323471499,5.113783685036269
"MATLAB 4-02 PM Thu, Sep 5, 2024 Run2 .csv",0.2959390895475321,1.6347833333333333,1.6328,0.364550399780273,0.350218588113785,0.0487644295568394,4.804628571428572,2.246000821590423,0.00058,0.0,0.0,1322.900000003083,1461,1.4840371043906069,1.8312132245350037,2743.751528727831,5.0491735665114135
"MATLAB 4-02 PM Wed, Nov 6, 2024 Run8 .csv",0.0042824105118949,0.5759088235294118,0.5764499999999995,0.402163293361664,0.369537137746811,0.0121803828074035,9.854188571428567,13.00486453175545,0.002825,0.0,0.0,630.8000000014702,1535,4.627871575070597,5.490001060659578,2570.446907116313,5.128759229329127
"MATLAB 4-05 PM Thu, Oct 10, 2024 Run3 .csv",0.0,0.0,0.0,0.0,0.0,0.0,0.0,0.0,0.0,0.0,0.0,1380.1500000032163,92,0.1085100366299391,0.1067464852450421,2889.4232459260056,5.3687617011625335
"MATLAB 4-05 PM Thu, Oct 3, 2024 Run13 .csv",0.0019047838540402,0.3515035714285714,0.3512499999999996,0.277620139122009,0.257644273042679,0.011148869112268,5.005699999999999,7.562531733512883,0.00295,0.0,0.0,810.2000000018883,3645,3.450709028373005,3.9682426929113697,2670.1638936540426,5.3239913437703
"MATLAB 4-05 PM Wed, Nov 6, 2024 Run9 .csv",0.0257393613406048,1.5608833333333336,1.57,0.416286280155182,0.394019123315811,0.0101787949987647,4.751757142857143,2.777227524518967,0.00125,0.0,0.0,637.3000000014853,981,2.1997813325332425,2.634221259427461,2594.829286528231,5.101180506175924
"MATLAB 4-07 PM Mon, Aug 26, 2024 Run6 .csv",0.0354076259160933,0.0645051948051948,0.0550999999999999,0.519653307199478,0.269193252325058,0.0774616347238282,4.990144516129033,41.160881503820434,0.02161,0.0,0.0,1271.5000000029634,593,8.447650375091653,9.617567972459328,2609.5997909474545,5.131871175970454
"MATLAB 4-08 PM Thu, Sep 5, 2024 Run3 .csv",0.3068352435211224,1.0014333333333334,1.1548999999999996,0.372094439268112,0.3538241904973985,0.0755185255179256,4.80706,3.1918142914772045,0.00078,0.0,0.0,1321.3000000030793,966,1.7284162276967412,2.1429246534472988,2753.178003658714,5.03715569249348
"MATLAB 4-08 PM Tue, Jun 4, 2024 Run4 .csv",0.0,0.0,0.0,0.0,0.0,0.0,0.0,0.0,0.0,0.0,0.0,118.50000000027616,23,0.0255775666082891,0.0787829280592053,2179.101573399715,3.861693272440048
"MATLAB 4-09 PM Mon, Aug 26, 2024 Run7 .csv",0.0268104595168783,0.0553677777777777,0.0493500000000004,0.627896555662155,0.256692674160004,0.0632472656653791,4.934537569060774,45.74025611639023,0.02411,0.0,0.0,686.4000000015997,1435,9.053827448362576,9.886878787007856,2622.3819755021937,5.238323512704467
"MATLAB 4-09 PM Thu, Oct 3, 2024 Run14 .csv",0.0013041840360931,0.3808480000000001,0.3808,0.282955132722855,0.2602700048685075,0.0146615325257014,4.860976923076923,6.795792981386187,0.00251,0.0,0.0,3470.800000008089,2370,3.223112656144628,3.729051796734761,2673.5733035458397,5.317105060725782
"MATLAB 4-09 PM Thu, Sep 5, 2024 Run4 .csv",0.2071052656848208,0.6006272727272727,0.6517999999999997,0.384296879768372,0.3116322493553165,0.0772833846150246,10.032173529411764,10.207003824710847,0.00149,0.0,0.0,1322.3000000030818,1486,3.2310984070730107,4.1144642299969485,2722.772040993822,4.995023104877907
"MATLAB 4-10 PM Wed, Jun 19, 2024 Run0 .csv",0.0,0.0,0.0,0.0,0.0,0.0,0.0,0.0,0.0,0.0,0.0,59.000000000137504,4,0.0164754479444448,0.0148405720077185,2357.4101807112183,5.304496373157342
"MATLAB 4-12 PM Thu, Oct 3, 2024 Run15 .csv",0.1749287462968614,0.8671090909090909,0.9389000000000004,0.276271451711655,0.258441341519356,0.0173154939244204,5.156383333333333,3.068018409013749,0.00127,0.0,0.0,1274.700000002971,2503,2.108981445844854,2.4392251535940503,2662.5478337029904,5.2801676619150655
"MATLAB 4-12 PM Wed, Nov 6, 2024 Run10 .csv",0.0012147110326411,0.0801564516129032,0.0801000000000005,0.207041187286377,0.174530688524246,0.0147919063893883,5.015183200000001,22.309685791730885,0.00584,0.0,0.0,650.1000000015151,287,4.665378622196802,6.378869515375033,2674.828542510051,4.688955773422711
"MATLAB 4-14 PM Thu, Oct 3, 2024 Run16 .csv",1.601341617380738,3.2463666666666664,4.2821,0.263840267658234,0.2552546739578245,0.0635416294663656,5.798075,0.886008596420288,0.00035,0.0,0.0,1276.0000000029738,2444,1.0839120081032376,1.2429104861788849,2668.8097117497796,5.233578831320495
"MATLAB 4-15 PM Thu, Oct 10, 2024 Run4 .csv",0.8264298330099713,4.574533333333334,4.482900000000001,0.213174855709076,0.20493301987648,0.0105336855637312,6.458875000000001,0.81130647778511,0.000235,0.0,0.0,1269.0500000029576,5323,1.1636704575478356,1.3838685107696451,2615.5563452542096,5.160562016549928
"MATLAB 4-15 PM Wed, Jun 19, 2024 Run1 .csv",0.0,0.0,0.0,0.0,0.0,0.0,0.0,0.0,0.0,0.0,0.0,120.00000000027968,505,0.0413655954357316,0.0586970997774262,2239.9483987841204,4.113213075452428
"MATLAB 4-16 PM Thu, Sep 5, 2024 Run5 .csv",2.1041,2.37,2.37,0.185938951969147,0.160240641832352,0.0212125219741461,3.1728666666666663,0.4801597046852119,4e-05,0.0,0.0,1323.8000000030852,1778,0.5102664189252599,0.6115869091948632,2802.9274739425946,5.070466384879728
"MATLAB 4-18 PM Wed, Nov 6, 2024 Run12 .csv",0.0021242955488696,0.1006,0.1008,0.200400556325912,0.1724009960889815,0.0190174435999878,0.951825,3.473724657297133,0.0051,0.0,0.0,655.0000000000722,166,1.952642842996131,2.48491887964345,2636.903903898786,4.698519158772804
"MATLAB 4-20 PM Thu, Oct 17, 2024 Run14 .csv",0.12525,0.25035,0.25035,0.117378212213516,0.117130835056305,0.0042973030818139,0.6621,0.34265013217926,0.0003,0.0,0.0,1182.0000000001305,61,0.6860554372382066,0.946536049210082,2717.0304575777823,4.782274163230877
"MATLAB 4-20 PM Wed, Jun 19, 2024 Run2 .csv",0.0,0.0,0.0,0.0,0.0,0.0,0.0,0.0,0.0,0.0,0.0,60.000000000139835,9,0.0201610942441915,0.0172948300308221,2609.82616660619,5.5489531707574375
"MATLAB 4-21 PM Wed, Nov 6, 2024 Run13 .csv",0.0012093984571261,0.1558909090909091,0.1559000000000001,0.214429732561111,0.18504261136055,0.0133858466323653,0.9976916666666664,2.269169459342956,0.00355,0.0,0.0,661.0000000000728,94,1.5416720227786762,2.084324820140535,2662.5565848119168,4.831550663922527
"MATLAB 4-22 PM Thu, Oct 10, 2024 Run5 .csv",0.0013631212307773,0.3492607142857142,0.3490999999999999,0.205853776931763,0.170119022130966,0.0158168197066536,4.999737931034483,5.109115767478946,0.00224,0.0,0.0,1277.6000000029776,1138,2.6877676550642167,3.329116903809034,2578.445022023406,5.091687466907981
"MATLAB 4-22 PM Thu, Sep 5, 2024 Run6 .csv",0.286459794037488,0.91302,0.9826,0.433774881362915,0.403957902193069,0.1110693229561837,4.542445454545455,3.7228083956241593,0.00105,0.0,0.0,1324.4000000030867,963,1.970940608829089,2.4727216482655168,2752.914312962428,5.012832759211559
"MATLAB 4-22 PM Tue, Oct 1, 2024 Run4 .csv",0.3691,1.8203,1.8203,0.169068472385407,0.162073160409927,0.0144557088580272,2.0462333333333333,0.466651626825333,0.00018,0.0,0.0,777.0000000018108,2141,0.8556857650577213,0.9386299809721962,2661.127579478712,5.329658020193115
"MATLAB 4-23 PM Wed, Nov 6, 2024 Run14 .csv",0.0013543710671947,0.1896111111111111,0.1896999999999999,0.224776523113251,0.1820326417684555,0.0176954442454346,0.95699,1.893197302818299,0.0025,0.0,0.0,664.0000000000731,30,1.408402875352296,1.9289434542555517,2689.8457997605465,4.7424472749932844
"MATLAB 4-24 PM Thu, Oct 10, 2024 Run6 .csv",0.0528974342167255,0.2852705882352941,0.2886499999999996,0.212888283729553,0.183033394813538,0.0187710949858486,4.920951428571428,6.405821205377579,0.00266,0.0,0.0,1268.5000000029563,1597,3.005611309694262,3.732881908855453,2543.464192035686,5.066842089430976
"MATLAB 4-24 PM Thu, Oct 17, 2024 Run16 .csv",0.0,0.0,0.0,0.0,0.0,0.0,0.0,0.0,0.0,0.0,0.0,1187.0000000001307,77,0.552966453219056,0.7295414915707262,2703.811604827389,4.797359678522429
"MATLAB 4-25 PM Thu, Sep 5, 2024 Run7 .csv",0.5327796313257063,2.191766666666666,1.9624,0.51224227309227,0.3243962681293489,0.1324077870325504,4.083025,1.299582723379136,0.00067,0.0,0.0,1326.5000000030914,838,1.2994749693801055,1.936925538561386,2396.4270141721386,4.354617559723872
"MATLAB 4-26 PM Thu, Oct 17, 2024 Run17 .csv",1.2412201593996128,0.8668699999999999,0.356,0.106380530595779,0.103873989582062,0.0017318497434321,3.967336363636363,1.139814347028733,0.00011,0.0,0.0,1186.7000000027656,344,1.3152466236603213,1.6864805590906262,2744.5322283254372,4.859310671477086
"MATLAB 4-26 PM Thu, Sep 5, 2024 Run8 .csv",0.0178060251665386,0.1776963636363636,0.1808000000000005,0.208456056118011,0.1891394340991975,0.0274810666248177,5.017,9.984690150022509,0.00093,0.0,0.0,1324.5000000030868,1128,2.3807025341810344,3.028056653742253,2859.3788583681603,5.062568588066262
"MATLAB 4-28 PM Thu, Oct 17, 2024 Run18 .csv",1.7177828171439489,2.2306750000000006,1.8210500000000005,0.103325262069702,0.10210186958313,0.0006079063519024,3.44148,0.5116305768489839,5e-05,0.0,0.0,1185.2000000027622,408,0.9395435662894362,1.1824356130861868,2758.17399008035,4.895866173779483
"MATLAB 4-29 PM Thu, Oct 10, 2024 Run8 .csv",0.2239959676906409,0.7462749999999999,0.7128999999999999,0.224067803621292,0.201061728000641,0.0186175913913254,4.743338461538461,2.540548626184463,0.0013,0.0,0.0,1254.8000000029244,537,3.483492696986674,4.519811975178106,2657.7371337131435,4.943537001763355
"MATLAB 4-29 PM Thu, Sep 5, 2024 Run9 .csv",0.0160971599832706,0.1622475409836065,0.1641000000000003,0.203430765867233,0.150892034173012,0.0242733058919247,4.945545161290322,9.588150992393496,0.00103,0.0,0.0,1321.5000000030798,1283,2.9061934778337406,3.619218095962837,2922.269834667952,5.137954391508629
"MATLAB 4-29 PM Wed, Nov 6, 2024 Run15 .csv",0.0063357889976088,0.6085666666666667,0.6047,0.216212775707245,0.201288865208626,0.0175482319710509,1.01395,0.787064158916474,0.0012,0.0,0.0,678.0000000000747,175,0.8967228091298178,1.1798450659497015,2687.834867429752,4.772089508835782
"MATLAB 4-30 PM Thu, Oct 17, 2024 Run19 .csv",0.0,0.0,0.0,0.0,0.0,0.0,0.0,0.0,0.0,0.0,0.0,1189.800000002773,917,0.5190177550554648,0.6529769929977458,2748.024519934838,4.8345980653354115
"MATLAB 4-32 PM Thu, Oct 17, 2024 Run20 .csv",0.0,0.0,0.0,0.0,0.0,0.0,0.0,0.0,0.0,0.0,0.0,1193.5500000027816,733,0.4992589281995047,0.65113976794819,2729.4726565837473,4.8346139478905235
"MATLAB 4-32 PM Wed, Nov 6, 2024 Run16 .csv",0.0,0.0,0.0,0.0,0.0,0.0,0.0,0.0,0.0,0.0,0.0,678.8000000000748,480,0.6131892037058166,0.8283884605014686,2704.1088004114913,4.72720826887574
"MATLAB 4-33 PM Thu, Oct 17, 2024 Run21 .csv",0.0,0.0,0.0,0.0,0.0,0.0,0.0,0.0,0.0,0.0,0.0,1188.150000002769,1091,0.4332513125881648,0.5529273932599802,2752.6796768825784,4.810728029100581
"MATLAB 4-34 PM Thu, Sep 5, 2024 Run10 .csv",0.0441999999999995,3.5878,3.5878,0.192451075315475,0.162181106805801,0.0257398165194369,5.0940666666666665,0.48405027270317,8e-05,0.0,0.0,1317.2000000030698,1931,1.7791993641990764,2.2492208603540615,3001.1427150359696,5.137610517685269
"MATLAB 4-34 PM Tue, Oct 1, 2024 Run5 .csv",0.0,0.0,0.0,0.0,0.0,0.0,0.0,0.0,0.0,0.0,0.0,782.6000000018239,3127,0.6125198772891038,0.695589650049055,2782.409657151202,5.290649868179364
"MATLAB 4-36 PM Thu, Oct 17, 2024 Run22 .csv",0.0,0.0,0.0,0.0,0.0,0.0,0.0,0.0,0.0,0.0,0.0,4378.0333333435365,2103,0.3607749012245018,0.4364826998472755,2773.6330032568153,4.823064399000161
"MATLAB 4-38 PM Thu, Oct 10, 2024 Run9 .csv",0.1152981617783538,0.3703653846153847,0.3754000000000002,0.235943192243576,0.212622272968292,0.0206788202507937,5.076555555555556,5.618687652349473,0.00268,0.0,0.0,770.1000000017948,928,4.429594407673624,5.528861370578201,2629.402359173838,5.06699881920528
"MATLAB 4-38 PM Thu, Oct 17, 2024 Run23 .csv",0.0,0.0,0.0,0.0,0.0,0.0,0.0,0.0,0.0,0.0,0.0,4379.13333334354,1142,0.3446334658791938,0.4355393971239276,2763.549546825423,4.848277559868096
"MATLAB 4-38 PM Tue, Oct 1, 2024 Run6 .csv",0.0,0.0,0.0,0.0,0.0,0.0,0.0,0.0,0.0,0.0,0.0,787.1000000018344,13,2.8798586544994538,5.437371073723465,3119.319676503609,4.819718263046381
"MATLAB 4-39 PM Thu, Oct 10, 2024 Run10.csv",0.0,0.0,0.0,0.0,0.0,0.0,0.0,0.0,0.0,0.0,0.0,1259.999999999964,58,0.732985385746229,0.7171587499821347,2553.9872650803404,5.10459915768722
"MATLAB 4-40 PM Thu, Oct 17, 2024 Run24 .csv",0.0,0.0,0.0,0.0,0.0,0.0,0.0,0.0,0.0,0.0,0.0,1194.4333333361171,2110,0.2735959629682386,0.3451941586892832,2789.4543742585392,4.928721501519677
"MATLAB 4-43 PM Tue, Oct 1, 2024 Run7 .csv",0.0,0.0,0.0,0.0,0.0,0.0,0.0,0.0,0.0,0.0,0.0,801.550000001868,5488,5.300249582519407,6.092365302374173,2944.271226686909,5.396977422863232
"MATLAB 4-47 PM Tue, Oct 1, 2024 Run8 .csv",0.0465871603642298,0.2737805555555556,0.2686999999999999,0.2398761677742,0.19641232252121,0.0096477019071055,9.833108219178085,14.150711668729784,0.00322,0.0,0.0,791.4500000018445,2489,4.679917855880998,5.5090449243879345,2661.869202980722,5.26634268869833
"MATLAB 4-52 PM Tue, Oct 1, 2024 Run9 .csv",0.0893227380563774,0.3372862068965517,0.3731999999999988,0.251713646650314,0.200888563990593,0.0195782022153133,4.983266666666666,5.977049767971039,0.00271,0.0,0.0,1237.8000000028846,1843,3.0699230699734947,3.579651884780337,2684.975543148762,5.287752066768715
"MATLAB 4-56 PM Tue, Oct 1, 2024 Run10 .csv",0.0083526605806478,0.6827142857142858,0.6834,0.233602426052094,0.210592495203018,0.0161187399083068,4.894140000000001,3.2391841256618497,0.00148,0.0,0.0,1248.8000000029103,2200,2.2765192064857525,2.694331233061285,2679.930112290211,5.229948478339685
"MATLAB 4-57 PM Tue, Oct 1, 2024 Run11 .csv",0.1782487547542159,0.6918999999999998,0.7439999999999998,0.235541605949402,0.211041629314423,0.0245033068856949,4.887466666666667,3.1536398196220414,0.0014,0.0,0.0,801.4000000018677,2232,2.210283361166715,2.6068489419412813,2683.103981872035,5.247181312192023
"MATLAB 4-58 PM Thu, Oct 10, 2024 Run12.csv",0.0,0.0,0.0,0.0,0.0,0.0,0.0,0.0,0.0,0.0,0.0,1251.3000000029162,581,2.961799954259288,3.6454944870252697,2900.59237884781,5.167429576095662
"MATLAB 4-59 PM Tue, Oct 1, 2024 Run12 .csv",0.0070671034106829,1.0632777777777778,1.064,0.237227625846863,0.2198697811365125,0.0154840439946476,4.879900000000001,2.188147978782653,0.00091,0.0,0.0,799.5000000018633,2023,1.841617973947195,2.1555492761994803,2682.680230390843,5.261415073351634
"MATLAB 5-01 PM Thu, Oct 10, 2024 Run13.csv",0.0,0.0,0.0,0.0,0.0,0.0,0.0,0.0,0.0,0.0,0.0,1250.300000002914,616,2.2652768268739587,2.8058957600841063,2878.46499974703,5.111112997968881
"MATLAB 5-01 PM Tue, Oct 1, 2024 Run13 .csv",0.0,0.0,0.0,0.0,0.0,0.0,0.0,0.0,0.0,0.0,0.0,800.8000000018664,1917,0.7902819993230753,0.9159945414759952,2693.0164266605034,5.223295358596358
"MATLAB 5-05 PM Thu, Oct 10, 2024 Run14.csv",0.0,0.0,0.0,0.0,0.0,0.0,0.0,0.0,0.0,0.0,0.0,1257.8000000029313,630,1.1411085142840605,1.397475838404364,2871.001372901429,5.139378536453751
